ID,EN_TITLE,JP_TITLE,CLEAN_TITLE,LANGUAGE,ARTIST,GROUP_NAME,CATEGORY,PARODY,CHARACTER,TAGS,PAGES,UPLOAD_DATE,FORMATTED_DATE,SCRAPED_DATE
677310,(FF43) [Boneboom (Bone)] 粉幼檔案1 (Blue Archive) [Chinese] [Decensored],(FF43) [骨頭蹦 (骨頭)] 粉幼檔案1 (ブルーアーカイブ) [中国語] [無修正],粉幼檔案1,chinese,bone,boneboom,doujinshi,blue archive,"midori saiba, momoi saiba, alice tendou, yuzu hanaoka, sensei","group, uncensored, harem, lolicon, full color, stockings, sole male, kemonomimi, halo",16,2026-09-01 00:00:29,2026-09-01 00:00:29,2026-09-04 23:23:26
677311,[Feiren Shenghuo (Laiyi Xiaolei)] The Teacher's Special Lesson,[廢人生活 (萊伊小雷)] 老師的特別授課-補課部篇 (ブルーアーカイブ) [中国語] [無修正],The Teacher's Special Lesson,chinese,laiyi xiaolei,feiren shenghuo,doujinshi,blue archive,"hanako urawa, hifumi ajitani, koharu shimoe, azusa shirasu, sensei","swimsuit, group, uncensored, harem, bikini, lolicon, sole male, halo",30,2026-09-01 00:06:17,2026-09-01 00:06:17,2026-09-04 23:23:37
677312,[MountainHan] Ｈ Game開發部_柚子篇,(FF43) [山含] HGAME開發部 柚子篇 (ブルーアーカイブ) [中国語] [無修正],Ｈ Game開發部_柚子篇,chinese,mountainhan,,doujinshi,blue archive,"yuzu hanaoka, sensei","maid, uncensored, lolicon, full color, sole female, sole male, kemonomimi, tail, gloves, halo",18,2026-09-01 00:09:37,2026-09-01 00:09:37,2026-09-04 23:23:48
677313,[LBL] Untitled｜无题 [Chinese] (Seiheki Goudou vol.02 ~Kousoku Goudou~) [琥珀汉化组] [Digital],[LBL] 無題 (性癖合同 Vol.2 ~拘束合同~) [中国翻訳] [DL版],Untitled｜无题,"translated, chinese",lbl,,doujinshi,original,,"group, nakadashi, anal, sex toys, bondage, inflation, stockings, blowjob, big penis, blindfold, fox girl, sole female, kemonomimi",8,2026-09-01 00:10:23,2026-09-01 00:10:23,2026-09-04 23:23:59
677315,[Handful☆Happiness! (Nanahara Fuyuki)] DECOY DAISY SECRET DEBRIEFING II [Chinese] [Digital],[Handful☆Happiness! (七原冬雪)] DECOY*DAISY SECRET DEBRIEFING II [中国翻訳] [DL版],DECOY DAISY SECRET DEBRIEFING II,"translated, chinese",nanahara fuyuki,handful happiness,doujinshi,original,,"squirting, bdsm, kissing, big breasts, piercing, mmf threesome, big nipples, group, masturbation, urination, nakadashi, ahegao, anal, sex toys, bondage, eyemask, dark skin, x-ray, latex, masked face, multi-work series, drugs, stockings, bodysuit, orgasm denial, gaping, fingering, filming, mind break, rape, tomboy, big clit, collar, bbm, slave, sole female, bald, harness, pixie cut, gloves, focus anal, anal intercourse, exposed clothing, nipple stimulation, nipple piercing, extraneous ads, high heels",43,2026-09-01 00:20:27,2026-09-01 00:20:27,2026-09-04 23:24:21
677316,[Burappi (Brother Pierrot)] Gyaru Otoko no Musume Sōsa-kan to Chinko Nigiri Sushi | 辣妹伪娘搜查官与肉棒捏寿司 [Chinese],[ぶらっぴ (ブラザーピエロ)] ギャル男の娘捜査官とチンコ握り寿司[中国翻訳],Gyaru Otoko no Musume Sōsa-kan to Chinko Nigiri Sushi | 辣妹伪娘搜查官与肉棒捏寿司,"translated, chinese",brother pierrot,,doujinshi,original,,"group, prostate massage, schoolgirl uniform, anal, bondage, crossdressing, kimono, dark skin, gyaru-oh, males only, big areolae, yaoi, stockings, tomgirl, twintails, makeup, stirrup legwear, anal intercourse",25,2026-09-01 00:22:23,2026-09-01 00:22:23,2026-09-04 23:25:34
677317,[褐色のしおり (すりお)] ロリサキュバスとエロなロードトリップ,[褐色のしおり (すりお)] ロリサキュバスとエロなロードトリップ,ロリサキュバスとエロなロードトリップ,chinese,surio,kasshoku no shiori,doujinshi,original,,"uncensored, nakadashi, tights, demon girl, lolicon, exhibitionism, footjob, sumata, sole female, sole male, ponytail, tail, mesugaki",38,2026-09-01 00:29:38,2026-09-01 00:29:38,2026-09-04 23:25:46
677318,"[HUMIHAKO (Shiromaru)] Motoyan Hitozuma Taiiku Kyoushi, Onsen Ryokan nite Kyouei Mizugi de Ochiru [Chinese] [Digital]",[ふみはこ (白丸)] 元ヤン人妻体育教師、温泉旅館にて競泳水着で堕ちる [中国翻訳] [DL版],"Motoyan Hitozuma Taiiku Kyoushi, Onsen Ryokan nite Kyouei Mizugi de Ochiru","translated, chinese",shiro maru,,doujinshi,original,,"milf, kissing, big breasts, swimsuit, humiliation, cunnilingus, netorare, big ass, cheating, breast feeding, nakadashi, ahegao, hairy, kimono, x-ray, multi-work series, fingering, rape, teacher, blackmail, sole female, sole male, ponytail, eye-covering bang, nipple stimulation, extraneous ads, onsen",54,2026-09-01 00:39:12,2026-09-01 00:39:12,2026-09-04 23:25:57
677319,[Burappi (Brother Pierrot)] Josou Campus Horare Life with Yarichin | 女装校园被爆菊生活with滥交男 [Chinese],[ぶらっぴ (ブラザーピエロ)] 女装キャンパス掘られライフwithヤリチン [中国翻訳],Josou Campus Horare Life with Yarichin | 女装校园被爆菊生活with滥交男,"translated, chinese",brother pierrot,,doujinshi,original,,"handjob, kissing, prostate massage, nakadashi, anal, sex toys, crossdressing, gyaru-oh, males only, big areolae, yaoi, pantyhose, tomgirl, blowjob, anal intercourse",22,2026-09-01 00:40:52,2026-09-01 00:40:52,2026-09-04 23:26:08
677320,[CheeseRaccoon & TASS] 客制化诱惑 | 客製化誘惑 1-7 [Chinese] [Ongoing],,客制化诱惑 | 客製化誘惑 1-7,"translated, chinese",,,manga,,,webtoon,136,2026-09-01 00:51:29,2026-09-01 00:51:29,2026-09-04 23:26:19
677321,[夜景 & 清凉] 理想型演算法 1-9 [Chinese] [Ongoing],,理想型演算法 1-9,"translated, chinese",,,manga,,,"story arc, webtoon",186,2026-09-01 01:06:08,2026-09-01 01:06:08,2026-09-04 23:26:30
677322,[Gymno (Kiriya)] GYMNO Soushuuhen Sono 2 - 霧也總集篇2 [Chinese] {海德格個人漢化},,GYMNO Soushuuhen Sono 2 - 霧也總集篇2,"translated, chinese",kiriya,gymno,doujinshi,original,,rough translation,116,2026-09-01 01:13:41,2026-09-01 01:13:41,2026-09-04 23:27:44
677323,[Yamitsuki Honpo (Wise Speak)] Wakamo-jiru Kudasai - Wakamo Juice Plz!! (Blue Archive) [Chinese] [Digital],[やみつき本舗 (ワイズスピーク)] ワカモ汁ください (ブルーアーカイブ) [中国翻訳] [DL版],Wakamo-jiru Kudasai - Wakamo Juice Plz!!,"translated, chinese",wise speak,yamitsuki honpo,doujinshi,blue archive,"sensei, wakamo kosaka","pregnant, impregnation, fox girl, sole female, sole male, kemonomimi, tail, very long hair, extraneous ads, halo",31,2026-09-01 01:15:48,2026-09-01 01:15:48,2026-09-04 23:27:55
677324,[Ikkizuka (Kizuka Kazuki)] Konya wa Otanoshimi desu. | 期待今晚找樂子。[Chinese] [Digital],[いっきづか (きづかかずき)] こんやはお楽しみです。[中国翻訳] [DL版],Konya wa Otanoshimi desu. | 期待今晚找樂子。,"translated, chinese",kizuka kazuki,ikkizuka,doujinshi,original,,"sweating, big breasts, nakadashi, x-ray, muscle, big penis, sole female, sole male, beauty mark, very long hair",39,2026-09-01 01:18:27,2026-09-01 01:18:27,2026-09-04 23:28:06
677325,(C108) [Aweida] 玩性愛遊戲時被弄到濕了超羞恥的啦 [Chinese] [沒有漢化](Ongoing),(C108) [アウェイ田]セックスごっこで濡れるのちょー恥ずかしい[中国翻訳](進行中),玩性愛遊戲時被弄到濕了超羞恥的啦,"translated, chinese",aweida,,doujinshi,original,,"squirting, kissing, cunnilingus, females only, masturbation, schoolgirl uniform, yuri, fingering, tribadism, multiple orgasms",16,2026-09-01 01:19:40,2026-09-01 01:19:40,2026-09-04 23:28:18
677326,[カガヒロ]俺の義兄は雌乳首 ～挿入編～,[カガヒロ]俺の義兄は雌乳首 ～挿入編～,俺の義兄は雌乳首 ～挿入編～,"translated, chinese",,,doujinshi,original,,"males only, yaoi, extraneous ads",42,2026-09-01 01:22:33,2026-09-01 01:22:33,2026-09-04 23:28:29
677327,[YuKi-IRo (Yukiusagi.)] Patche-san to Majo Ana Taiken (Touhou Project) [Digital],[YuKi-IRo (ゆきうさぎ。)] パチェさんと魔女穴体験 (東方Project) [DL版],Patche-san to Majo Ana Taiken,japanese,yukiusagi.,yuki-iro,doujinshi,touhou project,patchouli knowledge,"big breasts, wormhole, full censorship, nakadashi, anal, sex toys, x-ray, double penetration, sole female, sole male, hair buns, very long hair",18,2026-09-01 01:23:58,2026-09-01 01:23:58,2026-09-04 23:28:40
677328,[Lyrical Seeki (Koshian)] Seitsuu shita Hi no Koto Oboeteru? [Digital],[リリカルセーキ (こしあん)] 精通した日のこと覚えてる? [DL版],Seitsuu shita Hi no Koto Oboeteru?,japanese,koshian,lyrical seeki,doujinshi,original,,"frottage, dark skin, males only, yaoi, shotacon, kodomo doushi",10,2026-09-01 01:26:09,2026-09-01 01:26:09,2026-09-04 23:28:51
677329,[Chilukuni (Onaka Emi)] Seiki Gyakuten Kanojo ni Dakareru Nanokakan | Genital Swap ~Being Fucked By My Girlfriend For A Week~ [English] [Hydranoid] [Digital],[散る国 (小中えみ)] 性器逆転 彼女に抱かれる七日間 [英訳] [DL版],Seiki Gyakuten Kanojo ni Dakareru Nanokakan | Genital Swap ~Being Fucked By My Girlfriend For A Week~,"english, translated",onaka emi,,doujinshi,original,,"big breasts, cuntboy, condom, femdom, shemale, tall girl, gender bender, big penis, sole female, sole male, sole dickgirl, eye-covering bang, gender morph, sole pussyboy, futanarization",59,2026-09-01 01:29:52,2026-09-01 01:29:52,2026-09-04 23:30:04
677330,(C108) [Yashiya (YASSY)] AyaNito (Touhou Project) [Chinese] [沒有漢化],(C108) [やし屋 (YASSY)] あやにと (東方Project)  [中国翻訳],AyaNito,"translated, chinese",yassy,yashiya,doujinshi,touhou project,"aya shameimaru, nitori kawashiro","futanari, swimsuit, cunnilingus, condom, lolicon, defloration, school swimsuit, big penis, stomach deformation, sole dickgirl, twintails, dickgirl on female",32,2026-09-01 01:36:14,2026-09-01 01:36:14,2026-09-04 23:30:15
677331,[おもむき深い食器棚 (ちゃわん)] 君と齧る果実Ⅰ [Digital],[おもむき深い食器棚 (ちゃわん)] 君と齧る果実Ⅰ [DL版],君と齧る果実Ⅰ,japanese,,,doujinshi,original,,"unusual teeth, sweating, full censorship, ahegao, anal, males only, yaoi, anal intercourse, exposed clothing",165,2026-09-01 01:46:24,2026-09-01 01:46:24,2026-09-04 23:30:27
677332,[Ohasi] VA-11 HALL-A [Chinese]【变态基米汉化组】,[Ohasi] VA-11 HALL-A [Chinese]【变态基米汉化组】,VA-11 HALL-A [Chinese]【变态基米汉化组】,"translated, chinese",ohasi,,doujinshi,"va-11 hall-a, cyberpunk","rebecca, julianne stingray, dana zane, alma armas, dorothy haze, stella hoshii","big breasts, females only, big ass, milking",20,2026-09-01 01:47:42,2026-09-01 01:47:42,2026-09-04 23:30:38
677333,[Lightcoral (Minakami Riku)] 豹変した幼なじみの甘責めが終わらない [Digital],[ライトコーラル  (ミナカミ理久)] 豹変した幼なじみの甘責めが終わらない [DL版],豹変した幼なじみの甘責めが終わらない,japanese,minakami riku,"lightcoral, kume",doujinshi,original,,"kissing, schoolboy uniform, group, prostate massage, anal, sex toys, bondage, crossdressing, males only, yaoi, blowjob, shotacon, mmm threesome, anal intercourse",44,2026-09-01 01:55:54,2026-09-01 01:55:54,2026-09-04 23:30:49
677334,[hk (Gankata Hinono)] Emergency Emergence [Digital],[hk (鴈方ひのの)] エマージェンシーエマージェンス [DL版],Emergency Emergence,japanese,,hk,doujinshi,original,,"full censorship, nakadashi, anal, males only, yaoi, anal intercourse",24,2026-09-01 01:57:37,2026-09-01 01:57:37,2026-09-04 23:31:01
677335,[Attendance Number 26 (Niro)] Kekkyoku no Tokoro Watashi no Koto... Suki desu yo ne? (Blue Archive),[出席番号26 (にろ)] 結局のところ私の事...好きですよね? (ブルーアーカイブ),Kekkyoku no Tokoro Watashi no Koto... Suki desu yo ne?,japanese,niro,attendance number 26,doujinshi,blue archive,"sensei, gsc president","full color, pantyhose, sole female, sole male, very long hair, halo",30,2026-09-01 01:59:45,2026-09-01 01:59:45,2026-09-04 23:32:14
677336,[Bocha] Kimi no Tokubetsu ni Narenakute mo | 即使无法成为你的特别 (SeFri Numa kara Nukedasenai! Yuri Ecchi Anthology) [Chinese] [星愿汉化组] [Digital],[ぼちゃ] きみの特別になれなくても (セフレ沼から抜け出せないっ!百合えっちアンソロジー) [中国翻訳] [DL版],Kimi no Tokubetsu ni Narenakute mo | 即使无法成为你的特别,"translated, chinese",bocha,,manga,,,"kissing, cunnilingus, females only, yuri, fingering, beauty mark",32,2026-09-01 02:01:54,2026-09-01 02:01:54,2026-09-04 23:32:26
677337,[Sol seeker (Souen)] FOX Shoutai READY OR NOT (Blue Archive) [Chinese] [Digital],[Sol seeker (蒼炎)] FOX小隊 READY OR NOT (ブルーアーカイブ) [中国語] [DL版],FOX Shoutai READY OR NOT,chinese,aohonoo,sol seeker,doujinshi,blue archive,kurumi takakura,"full censorship, netorare, mind control, rape, fox girl, kemonomimi, halo",26,2026-09-01 02:03:48,2026-09-01 02:03:48,2026-09-04 23:32:37
677338,[laliberte] SPIRAL part 4 - FINAL [English] (lowres),,SPIRAL part 4 - FINAL,"english, translated",laliberte,,doujinshi,original,,"big breasts, chastity belt, gag, humiliation, pregnant, netorare, uncensored, nakadashi, ahegao, femdom, x-ray, full color, lingerie, impregnation, muscle, big penis, out of order, sole female, ponytail",24,2026-09-01 02:05:32,2026-09-01 02:05:32,2026-09-04 23:32:48
677339,[Kageichiba (Kageochi)] Kurayami no Naka de | 于黑暗之中 (Touhou Project) [Chinese] [茶与金平糖汉化组],[カゲイチバ (かげおち)] 暗闇の中で (東方Project) [中国翻訳],Kurayami no Naka de | 于黑暗之中,"translated, chinese",kageo,,doujinshi,touhou project,"marisa kirisame, reimu hakurei","females only, yuri, small breasts, fingering",24,2026-09-01 02:07:25,2026-09-01 02:07:25,2026-09-04 23:32:59
677340,[RodyZakku] Sometimes I Forgot She's A Girl [English],,Sometimes I Forgot She's A Girl,english,rodyzakku,,doujinshi,original,,"kissing, big breasts, nakadashi, femdom, x-ray, incest, sister, tomboy, sole female, sole male, beauty mark",22,2026-09-01 02:11:53,2026-09-01 02:11:53,2026-09-04 23:33:10
677341,[Zashiki Taka] Kidian to Pako Pako. (Trickcal: Chibi Go) [Digital],[座敷きたか] ギデオンとぱこぱこ。(トリッカル・もちもちほっぺ大作戦) [DL版],Kidian to Pako Pako.,japanese,,,doujinshi,trickcal revive,,"sole female, horns",21,2026-09-01 02:13:23,2026-09-01 02:13:23,2026-09-04 23:34:24
677342,[Eight-ata-Ravens-International (Yatagarasu)] 擬似截肢膠衣紀事 PSEUDO AMPUTEE SUIT [Chinese] [沒有漢化],[Eight-ata-Ravens-International (やた鴉)] PSEUDO AMPUTEE SUIT  [中国翻訳],擬似截肢膠衣紀事 PSEUDO AMPUTEE SUIT,"translated, chinese",,yatagarasu,doujinshi,original,,"gag, amputee, latex, bodysuit, blowjob, dickgirl on female",37,2026-09-01 02:15:55,2026-09-01 02:15:55,2026-09-04 23:34:35
677343,[Hairu Nukemichi (Hiiragi Popura)] Mugen Seiki Exphantom Season 3 ~Subete o Ubawareru Kibou no Mahou Shoujo~ Kouhen [Chinese],[憑依(はい)る抜け道 (柊ぽぷら)] 夢幻聖姫エクスファントムseason3〜全てを奪われる希望の魔法少女〜 後編[中国翻訳],Mugen Seiki Exphantom Season 3 ~Subete o Ubawareru Kibou no Mahou Shoujo~ Kouhen,"translated, chinese",hiiragi popura,hairu nukemichi,doujinshi,original,,"big breasts, corruption, magical girl, yuri, mind control, full color, multi-work series, possession, mosaic censorship, gender bender, rough translation",46,2026-09-01 02:19:20,2026-09-01 02:19:20,2026-09-04 23:34:47
677344,(C99) [Blue Moment (Sakuhiyo)] Good Night Bitter x Sweet Dreams (Tsukihime) [Chinese] [冠位巫净琥珀推],(C99) [ブルーモメント (さくひよ)] グッドナイトビター×スイートドリームス (月姫) [中国翻訳],Good Night Bitter x Sweet Dreams,"translated, chinese",sakuhiyo,blue moment,doujinshi,tsukihime,"shiki tohno, kohaku","glasses, kimono, sole female, sole male, rough translation",23,2026-09-01 02:20:59,2026-09-01 02:20:59,2026-09-04 23:34:58
677345,[Shikisoku Zeku (Shiki)] Yuurei Shoujo: Zoku | Ghost Girl: Part 2 [English] [head empty] [Digital],[色即絶句 (色)] 幽霊少女:続 [英訳] [DL版],Yuurei Shoujo: Zoku | Ghost Girl: Part 2,"english, translated",shiki,shikisoku zeku,doujinshi,original,,"big breasts, swimsuit, pregnant, nakadashi, ghost, lolicon, x-ray, multi-work series, oppai loli, bloomers, impregnation, inverted nipples, blowjob, big penis, randoseru, bbm, stomach deformation, deepthroat, sole female, bald, very long hair, eye-covering bang",43,2026-09-01 02:29:25,2026-09-01 02:29:25,2026-09-04 23:35:09
677346,[Nanao-chan Labo (Nanao Hajime)] Majo no Kairaku Kenkyuujo -Nooche no Nichijou Gyoumu-,[ななおちゃんらぼ (七百はじめ)] 魔女の快楽研究所-ノーチェの日常業務- [DL版],Majo no Kairaku Kenkyuujo -Nooche no Nichijou Gyoumu-,japanese,nanao hajime,nanao-chan labo,doujinshi,original,,"bdsm, urethra insertion, living clothes, anal, bondage, multi-work series, angel, tentacles, sole female, multiple orgasms, halo",44,2026-09-01 02:32:19,2026-09-01 02:32:19,2026-09-04 23:35:21
677347,[Gujira 4 Gou (Gujira)] Nuite Moraimakuri Nyuuin Seikatsu ~Tasuketa Cool-Gal wa Jitsu wa Sukebe deshita~ | 被瘋狂榨乾的住院性活～救下的高冷辣妹私底下竟然是個色女～[Chinese] [我愛毛毛],[ぐじら4ごう (ぐじら)] ヌいてもらいまくり入院性活～助けたクールギャルは実はスケベでした～ [中国翻訳],Nuite Moraimakuri Nyuuin Seikatsu ~Tasuketa Cool-Gal wa Jitsu wa Sukebe deshita~ | 被瘋狂榨乾的住院性活～救下的高冷辣妹私底下竟然是個色女～,"translated, chinese",gujira,gujira 4 gou,doujinshi,original,,"handjob, virginity, bandages, big breasts, nurse, cunnilingus, schoolboy uniform, story arc, schoolgirl uniform, nakadashi, blowjob face, hairy, defloration, full color, gyaru, mosaic censorship, ball sucking, blowjob, sole female, sole male, hidden sex, painted nails",160,2026-09-01 02:42:07,2026-09-01 02:42:07,2026-09-04 23:36:33
677348,(C108) [Puni Milk (HinnNya)] Koakuma Mutsuki o wakaraseru! - THE PRICE OF MISCHIEF (Blue Archive),(C108) [ぷにみるく (ひんにゃー)] 小悪魔ムツキをわからせるっ! (ブルーアーカイブ),Koakuma Mutsuki o wakaraseru! - THE PRICE OF MISCHIEF,japanese,hinnnya,,doujinshi,blue archive,"mutsuki asagi, sensei","sex toys, exhibitionism, sole female, sole male, halo",30,2026-09-01 02:44:05,2026-09-01 02:44:05,2026-09-04 23:36:44
677349,"[Magical Kagechousukashi (Kagechousukashi,)] Yuuka ga Umu Toko Mitete | 和诺亚一起，见证优香的分娩时刻吧 (Blue Archive) [Chinese] [DestoryG个人汉化] [MTL]",[マジカル影蝶透 (影蝶透、)] ユウカが産むとこみてて (ブルーアーカイブ) [中国翻訳],Yuuka ga Umu Toko Mitete | 和诺亚一起，见证优香的分娩时刻吧,"translated, chinese",kagechousukashi,magical kagechousukashi,doujinshi,blue archive,"yuuka hayase, noa ushio, sensei","futanari, big breasts, pregnant, big areolae, rough translation, vaginal birth, halo, dickgirl on female",38,2026-09-01 02:46:38,2026-09-01 02:46:38,2026-09-04 23:36:56
677350,[Geneihohjin (Amano Kanehisa)] Dokushin Setai Ninshin Shien System [Chinese] [Sainae] [Digital],[幻影法人 (アマノカネヒサ)] 独身世帯妊娠支援システム [中国翻訳] [DL版],Dokushin Setai Ninshin Shien System,"translated, chinese",amano kanehisa,geneihohjin,doujinshi,original,,"big breasts, nakadashi, impregnation, big penis, shotacon, sole female, sole male, beauty mark, thick eyebrows, smalldom",33,2026-09-01 02:52:54,2026-09-01 02:52:54,2026-09-04 23:37:07
677351,[Okumoto Yuuta] Tenko-saki ga moto joshi-ko de mainichi haremu sugiru ken #1-3,[オクモト悠太] 転校先が元女子校で毎日ハーレムすぎる件 #1-3,Tenko-saki ga moto joshi-ko de mainichi haremu sugiru ken #1-3,japanese,okumoto yuuta,,manga,,,"maid, big breasts, garter belt, nurse, group, full censorship, big ass, schoolgirl uniform, pasties, nakadashi, ffm threesome, harem, cosplaying, bikini, x-ray, defloration, assjob, stockings, cowgirl, paizuri, filming, bloomers, blowjob, fairy, sole male, twintails, tail, gloves, very long hair, school gym uniform, high heels",63,2026-09-01 02:56:54,2026-09-01 02:56:54,2026-09-04 23:37:18
677352,[NANIMOSHINAI (Sasamori Tomoe)] Gaming Harem 5 [Chinese] [夜戦玖百回] [Digital],[NANIMOSHINAI (笹森トモエ)] げーみんぐはーれむ5 [中国翻訳] [DL版],Gaming Harem 5,"translated, chinese",sasamori tomoe,nanimoshinai,doujinshi,original,,"milf, kissing, big breasts, group, big ass, cheating, schoolgirl uniform, nakadashi, ffm threesome, harem, multi-work series, gyaru, gokkun, bukkake, blowjob, sole male, twintails, multimouth blowjob",69,2026-09-01 03:01:27,2026-09-01 03:01:27,2026-09-04 23:37:29
677353,[Izure] Iede Gal na Senpai wa Kantan ni Yarasete Kureru 6 [Chinese] [夜戦玖百回] [Digital],[いづれ] 家出ギャルな先輩は簡単にヤらせてくれる6 [中国翻訳] [DL版],Iede Gal na Senpai wa Kantan ni Yarasete Kureru 6,"translated, chinese",izure,,doujinshi,original,,"squirting, kissing, big breasts, swimsuit, cunnilingus, group, big ass, breast feeding, facesitting, nakadashi, ahegao, ffm threesome, harem, hairy, bikini, yuri, x-ray, multi-work series, gyaru, fingering, saliva, voyeurism, blowjob, sole male, bisexual, eye-covering bang",69,2026-09-01 03:05:55,2026-09-01 03:05:55,2026-09-04 23:38:42
677354,[Maruantei (Maruco)] Seigikan Tsuyome Gal no Nagasare Hatsu Taiken ~Saimin o Kaketa Gawa no Atashi ga Nande Hatsujou Shite Wakaraserareten no!?~ | 充满正义感的辣妹的顺势初体验~明明实施催眠的是我 为什么发起情来然后被狠狠教育的人也是我啊!?〜  [Chinese] [白杨汉化组] [Digital],[丸杏楼 (マルコ)] 正義感つよめギャルの流され初体験〜催眠をかけた側のあたしがなんで発情してワカらせられてんの!?〜 [中国翻訳] [DL版],Seigikan Tsuyome Gal no Nagasare Hatsu Taiken ~Saimin o Kaketa Gawa no Atashi ga Nande Hatsujou Shite Wakaraserareten no!?~ | 充满正义感的辣妹的顺势初体验~明明实施催眠的是我 为什么发起情来然后被狠狠教育的人也是我啊!?〜,"translated, chinese",maruco,maruantei,doujinshi,original,,"handjob, kissing, big breasts, masturbation, schoolgirl uniform, nakadashi, defloration, mind control, gyaru, fingering, blowjob, sole female, sole male, twintails",53,2026-09-01 03:09:25,2026-09-01 03:09:25,2026-09-04 23:38:54
677355,[Komamesugata (Akure Ekuto)]Hi-fū kurabu papa-katsu matome |  秘封俱樂部爸爸活總集篇 (Touhou Project)[Chinese] [明稿昨拖漢化組],[こまめすがた (吾暮えくと)]秘封倶楽部パパ活まとめ (東方Project)[中国翻訳],Hi-fū kurabu papa-katsu matome |  秘封俱樂部爸爸活總集篇,"translated, chinese",akure ekuto,komamesugata,doujinshi,touhou project,"renko usami, yukari yakumo, maribel han, sumireko usami","kissing, big breasts, full censorship, prostitution, gloves, very long hair",14,2026-09-01 03:10:36,2026-09-01 03:10:36,2026-09-04 23:39:05
677356,[Shimekiri Teishoku (4TB)] Itazura Tanuki ha H ga Shitai (Zenless Zone Zero) [Chinese] [白杨汉化组][Digital],[締切定食 (4TB)] いたずらたぬきはHがしたい (ゼンレスゾーンゼロ) [中国翻訳] [DL版],Itazura Tanuki ha H ga Shitai,"translated, chinese",4terabyte,shimekiri teishoku,doujinshi,zenless zone zero,"wise, yuzuha ukinami","stockings, sole female, sole male, twintails",35,2026-09-01 03:13:01,2026-09-01 03:13:01,2026-09-04 23:39:16
677357,[Dragonstorm (Otogi Tetsurou)] Nandakanda Yasashii Kuro Gal Yankee Ryuuko-Chan  [Digital],[ドラゴンストーム (おとぎてつろう)] なんだかんだ優しい黒ギャルヤンキーリューコちゃん [DL版],Nandakanda Yasashii Kuro Gal Yankee Ryuuko-Chan,japanese,otogi tetsurou,dragonstorm,doujinshi,original,,"kissing, big breasts, bbw, big ass, nakadashi, ahegao, huge breasts, blowjob face, dark skin, big balls, x-ray, defloration, big areolae, gyaru, paizuri, bukkake, smegma, blowjob, big penis, bbm, stomach deformation, sole female, sole male, bald",27,2026-09-01 03:18:19,2026-09-01 03:18:19,2026-09-04 23:39:27
677358,[Amanoshima] Mou Hitozuma Nanoni Moto Doukyuusei 3-nin kara Kyousei Kongan Sex Saserareru | 明明已是人妻却被3名前同学被迫强○乞求SEX [Chinese] [Morgan@clovers studio] [Digital],[雨乃島] もう人妻なのに元同級生3人から強制懇願セックスさせられる [中国翻訳] [DL版],Mou Hitozuma Nanoni Moto Doukyuusei 3-nin kara Kyousei Kongan Sex Saserareru | 明明已是人妻却被3名前同学被迫强○乞求SEX,"translated, chinese",,amanoshima,doujinshi,original,,"milf, sweating, big breasts, mmf threesome, group, netorare, big ass, schoolgirl uniform, condom, nakadashi, ahegao, bondage, double penetration, paizuri, gokkun, bukkake, filming, rape, blackmail, blowjob, collar, sole female, ponytail, leash, gang rape",45,2026-09-01 03:26:37,2026-09-01 03:26:37,2026-09-04 23:39:38
677359,[Grove Grow (Komori Kuduyu)] Cosplay-bu Ura Katsudou Nisshi - Cosplay CLUB Secret Activity diary 5 [Digital],[Grove Grow (小森くづゆ)] コスプレ部裏活動日誌5 [DL版],Cosplay-bu Ura Katsudou Nisshi - Cosplay CLUB Secret Activity diary 5,japanese,komori kuduyu,grove grow,doujinshi,original,,"policewoman, bike shorts, multi-work series, harness",34,2026-09-01 03:29:08,2026-09-01 03:29:08,2026-09-04 23:39:49
677360,[OrangeMaru (YD)] Seijo no Inori wa Todokanai - The Saint's Prayer Goes Unheard [Digital],[OrangeMaru (YD)] 聖女の祈りは届かない [DL版],Seijo no Inori wa Todokanai - The Saint's Prayer Goes Unheard,japanese,yd,orangemaru,doujinshi,original,,"handjob, kissing, leg lock, big breasts, nun, corruption, cunnilingus, group, goblin, nakadashi, anal, thigh high boots, monster, x-ray, mind control, double penetration, paizuri, bukkake, mind break, rape, parasite, blowjob, muscle, stomach deformation, deepthroat, crotch tattoo, cockslapping, smalldom, nipple stimulation, gang rape",72,2026-09-01 03:43:00,2026-09-01 03:43:00,2026-09-04 23:41:03
677361,Action Pizazz 2026-10 [Digital],アクションピザッツ 2026年10月号 [DL版],Action Pizazz 2026-10,japanese,"syuuen, autumm, otabe sakura, takebayashi takeshi, mikami cannon, hidemaru, honda arima, kawamori misaki, narita kyousha, ishigami hajime, oreiro, nagashima chosuke, aki, saigado, zen9, usi, mura, pon takahanada, satou hagane, wazuchi nao",,manga,,,"maid, milf, kissing, big breasts, mmf threesome, full censorship, glasses, anthology, nakadashi, ahegao, huge breasts, ffm threesome, bondage, hairy, dark skin, bikini, x-ray, double penetration, stockings, paizuri, lingerie, blowjob, twintails, drill hair, eye-covering bang, anal intercourse",378,2026-09-01 04:07:12,2026-09-01 04:07:12,2026-09-04 23:41:14
677362,"[Jury] Hashitanai Yoru no Hanashi - Late Night, with you. [Digital]",[じゅらい] はしたない夜の話 [DL版],"Hashitanai Yoru no Hanashi - Late Night, with you.",japanese,jury,,manga,,,"twins, kissing, schoolboy uniform, masturbation, schoolgirl uniform, prostitution, nakadashi, sex toys, kimono, defloration, incest, tankoubon, drunk, small breasts, gokkun, fingering, tomgirl, tomboy, blowjob, deepthroat",175,2026-09-01 04:18:48,2026-09-01 04:18:48,2026-09-04 23:41:26
677363,[Pei] Ore no Natsuyasumi wa Gal no Wakaokami to Beit Seikatsu!? Jou,[ぺい] 俺の夏休みはギャルの若女将とバイト性活!? 上,Ore no Natsuyasumi wa Gal no Wakaokami to Beit Seikatsu!? Jou,japanese,pei,,manga,,,"big breasts, story arc, ffm threesome, tankoubon, gyaru, blowjob, sole male",222,2026-09-01 04:32:32,2026-09-01 04:32:32,2026-09-04 23:41:37
677364,[Pei] Ore no Natsuyasumi wa Gal no Wakaokami to Beit Seikatsu!? Ge,[ぺい] 俺の夏休みはギャルの若女将とバイト性活!? 下,Ore no Natsuyasumi wa Gal no Wakaokami to Beit Seikatsu!? Ge,japanese,pei,,manga,,,"big breasts, story arc, schoolgirl uniform, kimono, tankoubon, gyaru, sole male",224,2026-09-01 04:46:33,2026-09-01 04:46:33,2026-09-04 23:41:48
677365,[Bai Asuka] En'yoku no Hana [Complete],[唄飛鳥] 艶慾ノ華 [完全版],En'yoku no Hana,japanese,bai asuka,,manga,,,"bdsm, milf, big breasts, pregnant, group, full censorship, public use, netorare, story arc, cheating, moral degeneration, ahegao, anal, sex toys, bondage, harem, double penetration, stockings, mind break, nose hook, impregnation, blowjob, collar, shibari, pixie cut, anal intercourse, crying",260,2026-09-01 05:02:35,2026-09-01 05:02:35,2026-09-04 23:42:00
677366,[JMao (JMao)] Yubisaki Hitotsu-bun no Kyori 2 - A fingertip away | 近在一指之隔的距离 2 (Blue Archive) [Chinese] [欶澜汉化组] [Digital],[JMao (JMao睫毛)] 指先ひとつ分の距離 2 (ブルーアーカイブ) [中国翻訳] [DL版],Yubisaki Hitotsu-bun no Kyori 2 - A fingertip away | 近在一指之隔的距离 2,"translated, chinese",jmao,jmao,doujinshi,blue archive,"kayoko onikata, sensei","maid, sole female, sole male, ponytail, horns, painted nails, halo",29,2026-09-01 05:04:54,2026-09-01 05:04:54,2026-09-04 23:42:11
677367,"[Kairaku Amunejia] Boku no Migawari ni Joushi no Omocha ni natta Tsuma. ~31-Sai Kurokami Kyonyuu Tsuma, Shakkin Kansai made NTR~ | 代替我还债的妻子成了上司的玩物。～31岁黑发巨乳妻子，直到还清债务为止都被NTR～ [Chinese] [Morgan@clovers studio] [Digital]",[快楽アムネジア] 僕の身代わりに上司のオモチャになった妻。〜31歳黒髪巨乳妻、借金完済までNTR〜 [中国翻訳] [DL版],"Boku no Migawari ni Joushi no Omocha ni natta Tsuma. ~31-Sai Kurokami Kyonyuu Tsuma, Shakkin Kansai made NTR~ | 代替我还债的妻子成了上司的玩物。～31岁黑发巨乳妻子，直到还清债务为止都被NTR～","translated, chinese",kinuo,kairaku amnesia,doujinshi,original,,"squirting, milf, kissing, big breasts, netorare, breast feeding, nakadashi, ahegao, hairy, dark skin, x-ray, paizuri, gokkun, fingering, bukkake, filming, blackmail, blowjob, deepthroat, sole female, sole male, very long hair, nipple stimulation, netorase",72,2026-09-01 05:09:42,2026-09-01 05:09:42,2026-09-04 23:43:23
677368,[夏葉ヤシ] ラブ・アンロック (えっちな遊びはもうやめて),[夏葉ヤシ] ラブ・アンロック (えっちな遊びはもうやめて),ラブ・アンロック,japanese,natsuba yashi,,manga,,,"chastity belt, sex toys",25,2026-09-01 05:11:35,2026-09-01 05:11:35,2026-09-04 23:43:35
677369,[Maruantei (Maruco)] Yao Guang Shougun to Ii Koto Shitai | I want to have fun with General Yao Guang (Honkai: Star Rail) [English] [ReinaRepublic] [Digital],[丸杏亭 (マルコ)] 爻光将軍といいことしたい (崩壊:スターレイル) [英訳] [DL版],Yao Guang Shougun to Ii Koto Shitai | I want to have fun with General Yao Guang,"english, translated",maruco,maruantei,doujinshi,honkai star rail,"caelus, yao guang","handjob, kissing, big breasts, nakadashi, big penis, chikan, sole female, sole male, clothed female nude male, domination loss, high heels",10,2026-09-01 05:12:26,2026-09-01 05:12:26,2026-09-04 23:43:46
677370,[Takurowo-dou (Takurowo)] Namaiki Gal o Succubus ni Shite Oshioki Shitatta Ken Final [Digital],[タクロヲ堂 (タクロヲ)] 生意気ギャルをサキュバスにしてお仕置きしたった件Final [DL版],Namaiki Gal o Succubus ni Shite Oshioki Shitatta Ken Final,japanese,takurowo,takurowo-dou,doujinshi,original,,"big breasts, chastity belt, group, glasses, netorare, nakadashi, harem, demon girl, multi-work series, lactation, bbm, oyakodon, crotch tattoo",63,2026-09-01 05:16:24,2026-09-01 05:16:24,2026-09-04 23:43:57
677371,[RK-2] Tomodachi no Mama ga Boku no Dekachin de Ikimakutta Natsumatsuri,[RK-2] 友達のママが僕のデカチンでイキまくった夏祭り,Tomodachi no Mama ga Boku no Dekachin de Ikimakutta Natsumatsuri,japanese,,rk-2,doujinshi,original,,"milf, big breasts, kimono, exhibitionism, multi-work series, mosaic censorship, sole female, sole male, eye-covering bang",51,2026-09-01 05:19:47,2026-09-01 05:19:47,2026-09-04 23:44:08
677372,"[Kurukuru] Cool-kei Dansou Onna ni Kanojo Netorareta kara, Wakarasete Yatta 3",[くるくる] クール系男装女に彼女寝取られたから、わからせてやった3,"Cool-kei Dansou Onna ni Kanojo Netorareta kara, Wakarasete Yatta 3",japanese,kurukuru,,doujinshi,original,,"squirting, kissing, big breasts, swimsuit, netorare, story arc, big ass, masturbation, cheating, schoolgirl uniform, nakadashi, ahegao, bikini, x-ray, multi-work series, big areolae, paizuri, smell, blackmail, tomboy, inverted nipples, blowjob, beauty mark, pixie cut, large tattoo",123,2026-09-01 05:27:26,2026-09-01 05:27:26,2026-09-04 23:44:19
677373,[Kuishinbou (Naitou Haruto)] Aisuru Tsuma ga Zetsurin Shachou no Te ni Ochita Sono Hi... [Chinese] [豬豬寶貝] [Digital],[くいしん房 (ないとう春人)] 愛する妻が絶倫社長の手に堕ちたその日… [中国翻訳] [DL版],Aisuru Tsuma ga Zetsurin Shachou no Te ni Ochita Sono Hi...,"translated, chinese",naitou haruto,kuishinbou,doujinshi,original,,"milf, kissing, big breasts, cunnilingus, netorare, big ass, condom, nakadashi, sex toys, blowjob face, x-ray, multi-work series, lingerie, mind break, mosaic censorship, rape, blackmail, impregnation, blowjob, muscle, big penis, deepthroat, sole female, bald, nipple stimulation",55,2026-09-01 05:37:40,2026-09-01 05:37:40,2026-09-04 23:44:30
677374,[Chocolate Synapse (Shika Yuno)] LOVE IS POISON (Blue Archive) [Digital],[Chocolate Synapse (椎架ゆの)] LOVE IS POISON (ブルーアーカイブ) [DL版],LOVE IS POISON,japanese,shika yuno,chocolate synapse,doujinshi,blue archive,"sensei, kanoe itagaki","schoolgirl uniform, nakadashi, lolicon, pantyhose, waitress, sole female, sole male, twintails, very long hair, eye-covering bang, halo",24,2026-09-01 05:42:02,2026-09-01 05:42:02,2026-09-04 23:45:44
677375,[Ebisuya (Yuzuriha)] InCha na Ore Dake ga Shitte Iru Seito Kaichou no Uragawa 2. ~Senbotsu Chikubi no Senpai ga Kairaku ni Kuppuku Shite Ochiru made~ [Digital],[ゑびす屋 (譲葉)] 陰キャな俺だけが知っている生徒会長の裏側2。 〜陥没乳首の先輩が快楽に屈服して堕ちるまで〜 [DL版],InCha na Ore Dake ga Shitte Iru Seito Kaichou no Uragawa 2. ~Senbotsu Chikubi no Senpai ga Kairaku ni Kuppuku Shite Ochiru made~,japanese,yuzuriha,ebisuya,doujinshi,original,,"kissing, big breasts, schoolgirl uniform, condom, nakadashi, ahegao, x-ray, defloration, multi-work series, big areolae, gyaru, filming, inverted nipples, sole male, hidden sex, nipple stimulation",78,2026-09-01 05:47:03,2026-09-01 05:47:03,2026-09-04 23:45:55
677376,[Erect Sawaru] Imouto❤BITCH (COMIC saseco Vol. 2),,Imouto❤BITCH,"english, translated",erect sawaru,,manga,,,"big breasts, big ass, scanmark, full color, incest, mosaic censorship, sister, sole female, sole male, rough translation",6,2026-09-01 05:48:19,2026-09-01 05:48:19,2026-09-04 23:46:07
677377,[Palace Village Ke (Bigshine)] Nekketsu Retsujou Kaado Batoraa Reon,[パレスヴィレッジ (ビッグシャイン)] 熱血劣情カードバトラーレオン [DL版],Nekketsu Retsujou Kaado Batoraa Reon,japanese,bigshine,palace village ke,doujinshi,original,,"big breasts, swimsuit, group, huge breasts, ffm threesome, femdom, defloration, stockings, pantyhose, sole male, eye-covering bang",75,2026-09-01 05:53:10,2026-09-01 05:53:10,2026-09-04 23:46:18
677378,[Fangqiao Yepo] Fuji no Hana ga Saku made 2 - Until the Wisteria Blooms [Digital],[坊橋夜泊] 藤の花が咲くまで 2 [DL版],Fuji no Hana ga Saku made 2 - Until the Wisteria Blooms,japanese,fangqiao yepo,,doujinshi,original,,"kissing, big breasts, nakadashi, femdom, kimono, x-ray, multi-work series, paizuri, sole female, sole male, very long hair, nipple stimulation",54,2026-09-01 05:56:49,2026-09-01 05:56:49,2026-09-04 23:46:30
677379,[FZ: (Fujisaki Fujiko)] Ookiku Nattara Kekkon Surutte Itta Yone? ~10 Nen Goshi ni Saikai Shita Muchimuchi Inkyo Arasa Onna Itoko no Neechan to Ase Daku Koubi no Nanokakan~ [Digital],[FZ: (藤咲ふじこ)] 大きくなったら結婚するって言ったよね？ 〜10年越しに再会したムチムチ陰キャアラサー女従姉妹のねーちゃんとの汗だく交尾の7日間〜 [DL版],Ookiku Nattara Kekkon Surutte Itta Yone? ~10 Nen Goshi ni Saikai Shita Muchimuchi Inkyo Arasa Onna Itoko no Neechan to Ase Daku Koubi no Nanokakan~,japanese,fujisaki fujiko,fz colon,doujinshi,original,,"leg lock, big breasts, bbw, glasses, big ass, masturbation, hairy, dark skin, big areolae, bride, cowgirl, impregnation, sole female, sole male, beauty mark, very long hair, eye-covering bang",55,2026-09-01 06:00:21,2026-09-01 06:00:21,2026-09-04 23:46:41
677380,[Akairo Koubou] Tsuma no Watashi ga Nantoka Shinai to,[赤色工房] 妻の私がなんとかしないと,Tsuma no Watashi ga Nantoka Shinai to,japanese,,akairo koubou,doujinshi,original,,"milf, big breasts, netorare, sole female",62,2026-09-01 06:04:41,2026-09-01 06:04:41,2026-09-04 23:46:52
677381,[OGOcircle (OGO)] Yuzu o Sawarimakuru Hon (Blue Archive) [Digital],[OGOcircle (OGO)] ユズを触りまくる本 (ブルーアーカイブ) [DL版],Yuzu o Sawarimakuru Hon,japanese,,ogocircle,doujinshi,blue archive,"yuzu hanaoka, sensei","squirting, lolicon, full color, fingering, blowjob, sole female, sole male, halo",30,2026-09-01 06:10:02,2026-09-01 06:10:02,2026-09-04 23:48:05
677382,[Miyumiyu. to Saku (Miyumiyu.)] Tabun Ore wa Mousugu Shinu node Akogare no Joushi ni Sex Onegai shitara Kanaete kureta Hanashi [Digital],[みゆみゆ。と咲く (みゆみゆ。)] 多分オレはもうすぐ死ぬので憧れの上司にSEXお願いしたら叶えてくれた話 [DL版],Tabun Ore wa Mousugu Shinu node Akogare no Joushi ni Sex Onegai shitara Kanaete kureta Hanashi,japanese,miyumiyu.,,doujinshi,original,,"virginity, big breasts, glasses, defloration, cheerleader, sole female, sole male, ponytail",63,2026-09-01 06:14:02,2026-09-01 06:14:02,2026-09-04 23:48:16
677383,[Kuishinbou (Naitou Haruto)] Aisuru Tsuma ga Zetsurin Shachou no Te ni Ochita Sono Hi 2 [Chinese] [豬豬寶貝] [Digital],[くいしん房 (ないとう春人)] 愛する妻が絶倫社長の手に堕ちたその日2 [中国翻訳] [DL版],Aisuru Tsuma ga Zetsurin Shachou no Te ni Ochita Sono Hi 2,"translated, chinese",naitou haruto,kuishinbou,doujinshi,original,,"twins, milf, kissing, big breasts, pregnant, mmf threesome, group, netorare, cheating, breast feeding, nakadashi, ahegao, x-ray, multi-work series, double penetration, big areolae, gokkun, bukkake, mind break, mosaic censorship, rape, dilf, blackmail, blowjob, deepthroat, sole female, bald, shaved head, ponytail, shimaidon, nipple stimulation",57,2026-09-01 06:24:26,2026-09-01 06:24:26,2026-09-04 23:48:27
677384,[Ikumura (Iku)] Suki nan datte! + Omake [Digital],[郁村 (郁)] 好きなんだって! + おまけ [DL版],Suki nan datte! + Omake,japanese,iku,ikumura,doujinshi,original,,"kissing, leg lock, big breasts, big ass, cheating, nakadashi, ahegao, dark skin, x-ray, impregnation, tomboy, blowjob, sole female, sole male, eye-covering bang",60,2026-09-01 06:28:12,2026-09-01 06:28:12,2026-09-04 23:48:38
677385,[Fangqiao Yepo] Fuji no Hana ga Saku made 3 - Until the Wisteria Blooms [Digital],[坊橋夜泊] 藤の花が咲くまで3 [DL版],Fuji no Hana ga Saku made 3 - Until the Wisteria Blooms,japanese,fangqiao yepo,,doujinshi,original,,"scar, big breasts, nakadashi, anal, x-ray, footjob, multi-work series, stockings, rimjob, lingerie, gaping, sole female, sole male, gloves, apparel bukkake, anal intercourse, transparent clothing",45,2026-09-01 06:31:32,2026-09-01 06:31:32,2026-09-04 23:48:50
677386,[Beなんとか] 純愛オナホール  [DL版],[Beなんとか] 純愛オナホール  [DL版],純愛オナホール,japanese,benantoka,,manga,,,"big breasts, full censorship, glasses, tall man, hairy, pubic stubble, muscle, sole female, sole male, facial hair",48,2026-09-01 06:34:56,2026-09-01 06:34:56,2026-09-04 23:49:01
677387,[Nito-ya (Nito)] Neko wa Matatabi no Yume o Miru (Zenless Zone Zero) [Digital],[二兎屋 (にと)] 猫はマタタビの夢をみる (ゼンレスゾーンゼロ) [DL版],Neko wa Matatabi no Yume o Miru,japanese,nito,,doujinshi,zenless zone zero,"mana nekomiya, wise","nakadashi, dark skin, small breasts, catgirl, sole female, sole male, kemonomimi, tail, multiple tails",23,2026-09-01 06:36:40,2026-09-01 06:36:40,2026-09-04 23:50:15
677388,[Nito-ya (Nito)] Neko wa Matatabi no Yume o Miru [Digital] [Textless],[二兎屋 (にと)] 猫はマタタビの夢をみる (ゼンレスゾーンゼロ) [DL版] [無字],Neko wa Matatabi no Yume o Miru,japanese,nito,,doujinshi,zenless zone zero,"mana nekomiya, wise","nakadashi, dark skin, small breasts, catgirl, sole female, sole male, kemonomimi, tail, multiple tails",22,2026-09-01 06:38:08,2026-09-01 06:38:08,2026-09-04 23:50:26
677389,[Manga Kissa Seto (Seto Ryoko)] Oji-san no Oyome-san ni Naritai | 被深爱着舅舅的巨乳JK侄女恳求无套插入的故事 ~想要成为舅舅的新娘~ [Chinese] [欶澜汉化组],[漫画喫茶瀬戸 (瀬戸涼子)] 叔父さんのお嫁さんになりたい [中国翻訳],Oji-san no Oyome-san ni Naritai | 被深爱着舅舅的巨乳JK侄女恳求无套插入的故事 ~想要成为舅舅的新娘~,"translated, chinese",seto ryouko,manga kissa seto,doujinshi,original,,"big breasts, glasses, nakadashi, ahegao, niece, defloration, incest, fingering, blowjob, sole female, sole male, twintails, nipple stimulation",123,2026-09-01 07:00:50,2026-09-01 07:00:50,2026-09-04 23:50:37
677390,[Fusha Fusha Kingdom (Fusha)] Boku wa Ohime-sama no Kisekae Ningyou丨我是公主大人的换装人偶 (Blue Archive) [Chinese] [角都九阳个人汉化] [Digital],[ふしゃふしゃ王国 (ふ射)] 僕はお姫様の着せ替え人形 (ブルーアーカイブ) [中国翻訳] [DL版],Boku wa Ohime-sama no Kisekae Ningyou丨我是公主大人的换装人偶,"translated, chinese",fusha,fusha fusha kingdom,doujinshi,blue archive,"mika misono, sensei","big breasts, chastity belt, pegging, strap-on, schoolgirl uniform, anal, sex toys, femdom, crossdressing, tomgirl, sole female, sole male, small penis, halo",22,2026-09-01 07:02:24,2026-09-01 07:02:24,2026-09-04 23:50:48
677391,[Imomuya Honpo - Singleton (Azuma Yuki)] Ayamachi wa Himegoto no Hajimari 5 [English] [Digital],[いもむや本舗 - Singleton (あずまゆき)] 過ちは秘事のはじまり5 [英訳] [DL版],Ayamachi wa Himegoto no Hajimari 5,"english, translated",azuma yuki,imomuya honpo,doujinshi,original,,"masturbation, lolicon, exhibitionism, multi-work series, teacher, sole female, sole male, twintails",30,2026-09-01 07:07:54,2026-09-01 07:07:54,2026-09-04 23:51:00
677392,"[Dra5nize (Onigashima Eryu)] Kotou, Zekkai, Futarikiri | 孤島、絕海、逐夏同衾人 (Blue Archive) [Chinese] [下江小春汉化组] [Digital]",[Dra5nize (鬼ヶ島えりゅ)] 孤島、絶海、ふたりきり (ブルーアーカイブ) [中国翻訳] [DL版],"Kotou, Zekkai, Futarikiri | 孤島、絕海、逐夏同衾人","translated, chinese",onigashima eryu,dra5nize,doujinshi,blue archive,"ui kozeki, sensei","swimsuit, bikini, sole female, sole male, ponytail, halo",36,2026-09-01 07:10:22,2026-09-01 07:10:22,2026-09-04 23:51:11
677393,[高津] 夏、田舎、畳と布団、母。 (コミックミルフ 2025年2月号 Vol.82)[DL版](小羌寶個人漢化),,夏、田舎、畳と布団、母。,"translated, chinese",takatsu,,manga,,,"milf, kissing, big breasts, full censorship, glasses, netorare, cheating, nakadashi, ahegao, mother, hairy, incest, impregnation, blowjob, sole female, pixie cut, rough translation",46,2026-09-01 07:19:38,2026-09-01 07:19:38,2026-09-04 23:52:24
677394,A dark-skinned futanari takes home a married woman,[ふたなり生産地] 褐色ふたなりが人妻を持ち帰る,A dark-skinned futanari takes home a married woman,"english, translated",,futanari seisanchi,doujinshi,original,,"futanari, big breasts, netorare, cheating, nakadashi, anal, dark skin, drunk, muscle, anal intercourse, rough translation, full-packaged futanari, dickgirl on female",25,2026-09-01 07:21:21,2026-09-01 07:21:21,2026-09-04 23:52:35
677395,[Damier Cookie] Sweet Pillowtime Vows - Cat Hoshino's Observation Log (Chinese),(FF45) [Damier Cookie (惟千茉鶴)] 甜蜜枕邊的誓約-貓貓星野觀察日誌 (ブルーアーカイブ) [中国語] [無修正],Sweet Pillowtime Vows - Cat Hoshino's Observation Log,chinese,ichi matsuru,damier cookie,doujinshi,blue archive,"hoshino takanashi, sensei","uncensored, catgirl, sole female, sole male, heterochromia, kemonomimi, tail",29,2026-09-01 07:23:26,2026-09-01 07:23:26,2026-09-04 23:52:46
677396,"[Herapii Heisa Byoutou (Runpappa Saitou, Manaita)] 年下女友感度良好～对用Cosplay挑衅的淫乱爆乳女进行惩罚教做人做爱‼～ [Chinese] [kohaku] [Digital]",[へらぴー閉鎖病棟 (ルンパッパ齋藤、マナ痛)] 年下彼女は感度良好～コスプレで挑発してくる淫乱爆乳女にお仕置きわからせっくす‼～ [中国翻訳] [DL版],年下女友感度良好～对用Cosplay挑衅的淫乱爆乳女进行惩罚教做人做爱‼～,"translated, chinese",,,doujinshi,original,,"maid, big breasts, spanking, big ass, nakadashi, ahegao, sex toys, bondage, blowjob, sole female, sole male",25,2026-09-01 07:25:10,2026-09-01 07:25:10,2026-09-04 23:52:57
677397,[Putama] Nonomi 9-Page (Blue Archive) [English],[ぷ玉] ノノミ 9ページ (ブルーアーカイブ),Nonomi 9-Page,"english, translated",putama,,doujinshi,blue archive,"nonomi izayoi, sensei","big breasts, schoolgirl uniform, paizuri, sole female, sole male, no penetration, focus paizuri, rough translation, halo",10,2026-09-01 07:26:06,2026-09-01 07:26:06,2026-09-04 23:53:09
677398,[Minami Chisato] Otouto no Gal Yome o Zetsurin Seme ~Asa kara Ban made Hateshinaku~ 1,,Otouto no Gal Yome o Zetsurin Seme ~Asa kara Ban made Hateshinaku~ 1,"english, translated",minami chisato | arisawa tsukasa,,manga,,,"big breasts, full censorship, glasses, scanmark, dark skin, full color, incest, rape, sister, rough translation",49,2026-09-01 07:35:35,2026-09-01 07:35:35,2026-09-04 23:53:20
677399,[Ame Ramune (Amecha)] Saikawa Karen | 才川可怜 [江之下流个人AI润色] [Chinese],[アメラムネ (アメちゃ)] 才川可憐 [江之下流个人AI润色] [中国翻訳],Saikawa Karen | 才川可怜,"translated, chinese",amecha,ame ramune,doujinshi,original,,"full censorship, anal, lolicon, full color, bunny girl, stockings, blowjob, big penis, sole female, twintails, anal intercourse, rough translation",15,2026-09-01 07:38:26,2026-09-01 07:38:26,2026-09-04 23:54:34
677400,"[Hayaaruki] ""Cool na Andou Sensei 4 Netorare Uwaki Akume Hakkaku-hen"" Uwaki Aite no Zāmen o Mizukara Hoshite Motomeru, Ore no Shiranai Sumika-ne no Sugata…",[ハヤアルキ]【クールな安藤先生4 寝取られ浮気アクメ発覚編】浮気相手のザーメンを自ら欲して求める、俺の知らないスミカ姉の姿…,"""Cool na Andou Sensei 4 Netorare Uwaki Akume Hakkaku-hen"" Uwaki Aite no Zāmen o Mizukara Hoshite Motomeru, Ore no Shiranai Sumika-ne no Sugata…",japanese,,hayaaruki,doujinshi,original,,"handjob, sweating, big breasts, group, full censorship, glasses, netorare, story arc, cheating, schoolgirl uniform, snuff, ffm threesome, dark skin, gyaru-oh, multi-work series, voyeurism, teacher, blowjob, sole male, ponytail",80,2026-09-01 07:43:14,2026-09-01 07:43:14,2026-09-04 23:54:45
677401,[OrangeMaru (JP06)] Honey Trap [Digital],[OrangeMaru (JP06)] ハニートラップ [DL版],Honey Trap,japanese,jp06,orangemaru,doujinshi,original,,"nakadashi, tights, dark skin, x-ray, leotard, blowjob, muscle, sole male, kemonomimi",46,2026-09-01 07:46:20,2026-09-01 07:46:20,2026-09-04 23:54:56
677402,"[Chinjao Girl. (Special G, Yamagiri)] Hitozuma ni Natta Osananajimi wo 「Nandemo Ken」de Daita Natsu [English] [duaduapertujuh]",,Hitozuma ni Natta Osananajimi wo 「Nandemo Ken」de Daita Natsu,"english, translated","special g, tokyo gunjo",chinjao girl.,doujinshi,original,,"milf, big breasts, netorare, cheating, condom, sole female, sole male, rough translation",69,2026-09-01 07:50:33,2026-09-01 07:50:33,2026-09-04 23:55:08
677403,[Citron no Mori (Yuzuna Hiyo)] Onii-san no Koto ga Suki nano de Sukoshi Ojama Shite mo Ii desu ka?  [Chinese] [Digital],[しとろんの杜 (柚子奈ひよ)] お兄さんのことが好きなので少しお邪魔してもいいですか？ [中国翻訳]  [DL版],Onii-san no Koto ga Suki nano de Sukoshi Ojama Shite mo Ii desu ka?,"translated, chinese",yuzuna hiyo,citron no mori,doujinshi,original,,"defloration, sole female, sole male",28,2026-09-01 07:52:25,2026-09-01 07:52:25,2026-09-04 23:55:19
677404,[Koubai Nadeshiko (Akausu Ko)] Watashi wa Tannin Kyoushi no Dorei ni Narimashita. [Chinese] [Digital],[紅梅なでしこ (赤薄紅)] 私は担任教師の奴隷になりました。 [中国翻訳] [DL版],Watashi wa Tannin Kyoushi no Dorei ni Narimashita.,"translated, chinese",akausu ko,koubai nadeshiko,doujinshi,original,,"gag, glasses, sex toys, bondage, defloration, mind break, rape, teacher, dilf, blindfold, collar, bbm, slave, sole female, sole male, twintails, leash",24,2026-09-01 07:57:27,2026-09-01 07:57:27,2026-09-04 23:55:30
677405,[Yukidoke Mattya (Ura Mattya)] Sui-chan Kirakira Ochi (Hoshimachi Suisei) [Digital],[ゆきどけ抹茶 (裏抹茶)] すいちゃんきらきら堕ち (星街すいせい) [DL版],Sui-chan Kirakira Ochi,japanese,ura mattya,yukidoke mattya,doujinshi,hololive,hoshimachi suisei,"nakadashi, anal, sex toys, drugs, sole female, sole male, vtuber, anal intercourse",37,2026-09-01 07:59:54,2026-09-01 07:59:54,2026-09-04 23:55:42
677406,"(SC2020 Autumn) [T.4.P (Nekogen)] Onii-chan, Ochinchin Kariru ne [English]",(サンクリ2020 Autumn) [T.4.P (猫玄)] お兄ちゃんお〇ん〇ん借りるね [英訳],"Onii-chan, Ochinchin Kariru ne","english, translated",nekogen,t.4.p,doujinshi,original,,"scanmark, sleeping, lolicon, incest, sister, sole female, sole male, closed eyes, rough translation",20,2026-09-01 08:03:52,2026-09-01 08:03:52,2026-09-04 23:56:55
677407,Help me Out Saito-kun,Kyouryoku Shiteyo Saito-kun,Help me Out Saito-kun,"english, translated",nusmusbim,,doujinshi,original,,"big breasts, big nipples, big ass, schoolgirl uniform, nakadashi, hairy, big areolae, stockings, tall girl, blowjob, sole female, sole male, mouth mask, manga",16,2026-09-01 08:05:11,2026-09-01 08:05:11,2026-09-04 23:57:06
677408,"[Lemon Jiru] Anta no seiyoku, zenbu watashi ni butsuke nasai ~tsu!",,"Anta no seiyoku, zenbu watashi ni butsuke nasai ~tsu!","english, translated",lemon jiru,lemon jiru,doujinshi,original,,"big breasts, cheating, condom, nakadashi, scanmark, x-ray, full color, incest, mosaic censorship, sister, impregnation, blowjob, sole female, sole male, shaved head, ponytail, rough translation",48,2026-09-01 08:14:10,2026-09-01 08:14:10,2026-09-04 23:57:18
677409,[Fūsen Club Kuroshiki]Yuo-kun from the manga club turns into a crossdressing boy for the sake of his [English],,Yuo-kun from the manga club turns into a crossdressing boy for the sake of his,"english, translated",fuusen club,,doujinshi,original,,"ahegao, anal, sex toys, crossdressing, yaoi, mosaic censorship, rough translation",37,2026-09-01 08:16:38,2026-09-01 08:16:38,2026-09-04 23:57:29
677410,[矢口雪] ヤタラマル✖️レグ体格差BLSEX,[矢口雪] ヤタラマル✖️レグ体格差BLSEX,ヤタラマル✖️レグ体格差BLSEX,japanese,yaguchi yuki,,doujinshi,made in abyss,regu,,4,2026-09-01 08:17:07,2026-09-01 08:17:07,2026-09-04 23:57:40
677411,(同人誌) [やみつきごまきゅ～ (りく)] ダウナーOLメス男子、エロがり残業中。 [尝鲜版翻译],(同人誌) [やみつきごまきゅ～ (りく)] ダウナーOLメス男子、エロがり残業中。 (オリジナル) [DL版],ダウナーOLメス男子、エロがり残業中。,"translated, chinese",riku,yamitsuki gomakyu,doujinshi,original,,"anal, crossdressing, yaoi, tomgirl, rough translation",48,2026-09-01 08:20:15,2026-09-01 08:20:15,2026-09-04 23:57:51
677412,[Fan no Hitori] Taimabu S6 Kage Kya Taima Miko Zyuin hen 6 [Chinese] | JK退魔部 Season6 社恐退魔巫女诅咒印记篇6 [简体中文],[煌野一人] 退魔部S6：陰キャ退魔巫女呪印編⑥ [中国翻訳],Taimabu S6 Kage Kya Taima Miko Zyuin hen 6 [Chinese] | JK退魔部 Season6 社恐退魔巫女诅咒印记篇6,"japanese, translated, chinese",fan no hitori,,doujinshi,original,,"wings, big breasts, corruption, group, nakadashi, freckles, demon girl, multi-work series, sole female, sole male, crotch tattoo, horns, tail, very long hair",39,2026-09-01 08:22:48,2026-09-01 08:22:48,2026-09-04 23:58:03
677413,COMIC Penguin Celeb 2014-05 [Digital],COMIC ペンギンセレブ 2014年5月号 [DL版],COMIC Penguin Celeb 2014-05,japanese,"cuvie, touma itsuki, mitsuya, yumesaki sanjuro, sena youtarou, mokusei zaijuu, amatsuki ruri, fei, red-rum, nagaikusa, hayakawa akari",,manga,,,"big breasts, full censorship, anthology, nakadashi",231,2026-09-01 08:36:25,2026-09-01 08:36:25,2026-09-04 23:58:14
677414,COMIC Penguin Celeb 2014-06 [Digital],COMIC ペンギンセレブ 2014年6月号 [DL版],COMIC Penguin Celeb 2014-06,japanese,"cuvie, mitsuya, kira hiroyoshi, yumesaki sanjuro, sena youtarou, mokusei zaijuu, amatsuki ruri, red-rum, kurumiya mashimin, hayakawa akari",,manga,,,"big breasts, full censorship, anthology, nakadashi",229,2026-09-01 08:49:54,2026-09-01 08:49:54,2026-09-04 23:58:25
677415,COMIC Penguin Celeb 2017-01 [Digital],COMIC ペンギンセレブ 2017年1月号 [DL版],COMIC Penguin Celeb 2017-01,japanese,"izawa shinichi, cuvie, gomatamago, isorashi, fei, red-rum, bai asuka, maihara matsuge, takumi-kouta",,manga,,,"elf, milf, big breasts, full censorship, anthology, nakadashi",232,2026-09-01 09:03:02,2026-09-01 09:03:02,2026-09-04 23:58:37
677416,COMIC Penguin Club Sanzokuban 2013-07 [Digital],COMIC ペンギンクラブ山賊版 2013年7月号 [DL版],COMIC Penguin Club Sanzokuban 2013-07,japanese,"asagi ryu, ishigami kazui, kai hiroyuki, mikemono yuu, katsura 24 gou, kamino ryu-ya",,manga,,,"big breasts, full censorship, anthology, nakadashi",233,2026-09-01 09:16:44,2026-09-01 09:16:44,2026-09-04 23:58:48
677417,COMIC Penguin Club Sanzokuban 2013-09 [Digital],COMIC ペンギンクラブ山賊版 2013年9月号 [DL版],COMIC Penguin Club Sanzokuban 2013-09,japanese,"tomono hiro, asagi ryu, sakai nayuta, ishigami kazui, shinonome tarou, kai hiroyuki, mikemono yuu, katsura 24 gou, kamino ryu-ya",,manga,,,"big breasts, full censorship, anthology, nakadashi",231,2026-09-01 09:30:10,2026-09-01 09:30:10,2026-09-04 23:58:59
677418,"[Zarameccho] My childhood friend, the “black gal,” who's surprisingly easy to sway",[ざらめっちょ] 意外と押しに弱い幼馴染の黒ギャルちゃん,"My childhood friend, the “black gal,” who's surprisingly easy to sway","english, translated",zarameccho,,doujinshi,original,,"virginity, big breasts, story arc, big ass, schoolgirl uniform, condom, nakadashi, dark skin, defloration, big areolae, gyaru, paizuri, blowjob, christmas, sole female, sole male, beauty mark, rough translation, painted nails, dark skinned female, childhood friend, wholesome",103,2026-09-01 09:36:42,2026-09-01 09:36:42,2026-09-04 23:59:10
677419,(C18) [Art Society TWINKLE EYE (Various)] TWINKLE EYE Extra Supplementary Issue - CREAM Vol. 1 (1981),(C18) [Art Society TWINKLE EYE (よろず)] TWINKLE EYE 別冊 - クリーム VOL. 1 (1981) 昭和 55 年,TWINKLE EYE Extra Supplementary Issue - CREAM Vol. 1,japanese,"naito, kt",,doujinshi,angie girl,angie,"low lolicon, artbook",20,2026-09-01 09:38:08,2026-09-01 09:38:08,2026-09-04 23:59:21
677420,[mitomitokonkon (いえふ)] 被女友的姐姐捏造为“绿帽受虐癖” 结果女友沦为受虐母猪的故事·后续· [ai翻译 ai修复 ai嵌字],[mitomitokonkon (いえふ)] 彼女の姉に寝取られマゾをでっち上げられた結果彼女がマゾ豚になってしまうお話,被女友的姐姐捏造为“绿帽受虐癖” 结果女友沦为受虐母猪的故事·后续·,"translated, chinese",,mitomitokonkon,manga,,,"big breasts, group, netorare, cheating, nakadashi, huge breasts, ffm threesome, femdom, inverted nipples, muscle, big penis, body writing, ponytail, small penis, rough translation, painted nails, lipstick mark, netorase",49,2026-09-01 09:41:17,2026-09-01 09:41:17,2026-09-04 23:59:32
677421,COMIC Penguin Club Sanzokuban 2017-02 [Digital],COMIC ペンギンクラブ山賊版 2017年2月号 [DL版],COMIC Penguin Club Sanzokuban 2017-02,japanese,"tomono hiro, cuvie, amatsuki ruri, chataro, shiomaneki, nekogen, nagaikusa, kurumiya mashimin, ohtomo takuji, sorairo kanata",,manga,,,"big breasts, anthology, nakadashi",235,2026-09-01 09:54:37,2026-09-01 09:54:37,2026-09-04 23:59:44
677422,COMIC Penguin Club Sanzokuban 2017-07 [Digital],COMIC ペンギンクラブ山賊版 2017年7月号 [DL版],COMIC Penguin Club Sanzokuban 2017-07,japanese,"tomono hiro, cuvie, tamagoro, kai hiroyuki, kagura yutakamaru, chataro, manabe jouji, mikemono yuu, kumoemon, nishikawa kou, kurumiya mashimin, achumuchi, toritora",,manga,,,"milf, big breasts, group, full censorship, glasses, schoolgirl uniform, anthology, nakadashi, mother, incest, dilf, shotacon",299,2026-09-01 10:48:11,2026-09-01 10:48:11,2026-09-04 23:59:55
677423,COMIC Penguin Club Sanzokuban 2017-09 [Digital],COMIC ペンギンクラブ山賊版 2017年9月号 [DL版],COMIC Penguin Club Sanzokuban 2017-09,japanese,"tomono hiro, cuvie, kotatsu, kishizuka kenji, tamagoro, kai hiroyuki, manabe jouji, yagami shuuichi, nishikawa kou, akatsuki hiziri, kurumiya mashimin, achumuchi, toritora, yagami shuichi",,manga,,,"big breasts, anthology, nakadashi",299,2026-09-01 11:06:04,2026-09-01 11:06:04,2026-09-05 00:00:06
677424,[ひなえろん] 正义女英雄强力侠女 被怪人鸡巴彻底击败，雌堕成受虐母猪的故事  [ai翻译 ai修复 ai嵌字],[ひなえろん] 正義のヒーローマイティウーマン 怪人チンポに完全敗北してマゾメス堕ちする話,正义女英雄强力侠女 被怪人鸡巴彻底击败，雌堕成受虐母猪的故事,"translated, chinese",,hinaeron,manga,,,"big breasts, netorare, urination, ryona, asphyxiation, monster, multi-work series, mosaic censorship, rape, leotard, muscle, stomach deformation, sole female, sole male, very long hair, rough translation",64,2026-09-01 11:18:40,2026-09-01 11:18:40,2026-09-05 00:00:18
677425,[MeowWithMe] 我的英雄学院：萌萌啾  [ai翻译 ai修复 ai嵌字],[MeowWithMe] My Hero Academia: Moe Moe Kyu,我的英雄学院：萌萌啾,"translated, chinese",meowwithme,,manga,my hero academia,"izuku midoriya, shouto todoroki, katsuki bakugou","scar, transformation, group, uncensored, crossdressing, yuri, full color, gender bender, feminization, heterochromia, twintails, gender morph, rough translation",61,2026-09-01 11:22:48,2026-09-01 11:22:48,2026-09-05 00:00:29
677426,"[Inoue Yoshihisa] ISEKAI TENSEI SHITA ORE, CHEAT SKILL NO OKAGEDE DENSETSUNONAWASHI NI NARIMASHITA LEVEL:99 [Digital]",異世界転生した俺、チートスキルのおかげで伝説の縄師になりました LEVEL:99,"ISEKAI TENSEI SHITA ORE, CHEAT SKILL NO OKAGEDE DENSETSUNONAWASHI NI NARIMASHITA LEVEL:99",japanese,inoue yoshihisa,,manga,,,"elf, swimsuit, group, full censorship, nakadashi, bondage, bloomers, shibari, bisexual, ponytail, school gym uniform",8,2026-09-01 11:23:31,2026-09-01 11:23:31,2026-09-05 00:00:40
677427,[あめしょー (三日月ネコ)] 如果全世界都充满了身体互换的话 番外編  [ai翻译 ai修复 ai嵌字],[あめしょー (三日月ネコ)] 世界中がもし入れ替わりであふれていたら 番外編,如果全世界都充满了身体互换的话 番外編,"translated, chinese",mikaduki neko,ameshoo,manga,,,"group, body swap, ffm threesome, exhibitionism, policewoman, possession, rough translation",77,2026-09-01 11:28:16,2026-09-01 11:28:16,2026-09-05 00:00:51
677428,(C80) [なぐも屋 (妻籠いずも)] 愛のコリーダ (魔法少女まどか☆マギカ)   [ai翻译 ai修复 ai嵌字],(C80) [なぐも屋 (妻籠いずも)] 愛のコリーダ (魔法少女まどか☆マギカ),愛のコリーダ,"translated, chinese",yaeda nagumo,nagumoya,manga,puella magi madoka magica,"mami tomoe, madoka kaname","futanari, anal, big balls, big penis, dickgirl on dickgirl, anal intercourse, rough translation",18,2026-09-01 11:29:40,2026-09-01 11:29:40,2026-09-05 00:01:03
677429,[Mothman (henreader)] Onanie Daisuki Honoka-chan wa Katekyo Chinpo o Benkyou Shitai! | Professional Shliker Honoka-san Wanna Study Up On Her Tutor's Cock! [English] [Team Rabu2] [Decensored],[もすまん (へんりいだ)] オナニー大好きほのかちゃんはカテキョちんぽを勉強したい! [英訳] [無修正],Onanie Daisuki Honoka-chan wa Katekyo Chinpo o Benkyou Shitai! | Professional Shliker Honoka-san Wanna Study Up On Her Tutor's Cock!,"english, translated",henreader,mothman,doujinshi,original,,"glasses, uncensored, masturbation, tutor, lolicon, blowjob, randoseru, sole female, sole male, clothed male nude female, very long hair",60,2026-09-01 11:40:56,2026-09-01 11:40:56,2026-09-05 00:01:14
677430,[Torikago Jimusho (Tsugumi Amon)] Suiminyaku to Yajuu Sensei (Blue Archive) [Chinese] [Digital],[鳥籠事務所 (鶫亜門)] 睡眠薬と野獣先生 (ブルーアーカイブ) [中国語] [DL版],Suiminyaku to Yajuu Sensei,chinese,tsugumi amon,,doujinshi,blue archive,"mutsuki asagi, sensei","nakadashi, lolicon, mosaic censorship, blowjob, sole female, sole male, bald, ponytail, halo",26,2026-09-01 11:46:02,2026-09-01 11:46:02,2026-09-05 00:01:25
677431,[Torikago Jimusho (Tsugumi Amon)] Genryu Threatened!? The Hypnotic Counterattack of SCHALE's Sensei (Blue Archive) [Chinese] [Digital],[鳥籠事務所 (鶫亜門)] 玄龍脅迫!?夏萊老師催眠的逆襲 (ブルーアーカイブ) [中国語] [DL版],Genryu Threatened!? The Hypnotic Counterattack of SCHALE's Sensei,chinese,tsugumi amon,,doujinshi,blue archive,"sensei, kisaki ryuuge","pregnant, pasties, nakadashi, sex toys, lolicon, exhibitionism, mind control, chinese dress, impregnation, blowjob, collar, sole female, sole male, bald, twintails, leash, gloves, hair buns, halo",30,2026-09-01 11:52:05,2026-09-01 11:52:05,2026-09-05 00:01:36
677432,[Tsugumi Amon] Kanon-chan no Hiru to Yoru,[鶫亜門] かのんちゃんの昼と夜,Kanon-chan no Hiru to Yoru,japanese,tsugumi amon,,doujinshi,original,,"big breasts, sole female, sole male, horns",2,2026-09-01 11:52:29,2026-09-01 11:52:29,2026-09-05 00:01:48
677433,[あめしょー (三日月ネコ)] 女の子に憑依する本5  [ai翻译 ai修复 ai嵌字],[あめしょー (三日月ネコ)] 女の子に憑依する本5,女の子に憑依する本5,"translated, chinese",mikaduki neko,ameshoo,manga,,,"urination, kimono, yuri, full color, possession, gender bender, rough translation",14,2026-09-01 11:53:32,2026-09-01 11:53:32,2026-09-05 00:02:00
677434,Ramie,,Ramie,english,bonz0616,,doujinshi,zenless zone zero,"wise, remielle dan","wings, big breasts, uncensored, ahegao, bondage, defloration, full color, sole female, sole male",9,2026-09-01 11:54:26,2026-09-01 11:54:26,2026-09-05 00:02:11
677435,[あめしょー (三日月ネコ)] 女の子に憑依する本4 [ai翻译 ai修复 ai嵌字],[あめしょー (三日月ネコ)] 女の子に憑依する本4 [DL版],女の子に憑依する本4,"translated, chinese",mikaduki neko,ameshoo,manga,,,"schoolgirl uniform, sex toys, exhibitionism, full color, multi-work series, possession, gender bender, rough translation",22,2026-09-01 11:55:51,2026-09-01 11:55:51,2026-09-05 00:02:22
677436,[あめしょー (三日月ネコ)] 女の子に憑依する本 ラスト  [ai翻译 ai修复 ai嵌字],[あめしょー (三日月ネコ)] 女の子に憑依する本 ラスト,女の子に憑依する本 ラスト,"translated, chinese",mikaduki neko,ameshoo,manga,,,"mmf threesome, urination, exhibitionism, full color, possession, rape, gender bender, chikan, rough translation",22,2026-09-01 12:00:02,2026-09-01 12:00:02,2026-09-05 00:02:34
677437,[ネコロンドル (時計)] 恶心宅男试着在学校附身  [ai翻译 ai修复 ai嵌字],[ネコロンドル (時計)] キモオタが学校で憑依してみた,恶心宅男试着在学校附身,"translated, chinese",tokei,nekorondoru,manga,,,"big breasts, glasses, big ass, masturbation, huge breasts, ghost, exhibitionism, possession, paizuri, gender bender, bbm, shotacon, rough translation",44,2026-09-01 12:03:09,2026-09-01 12:03:09,2026-09-05 00:02:45
677438,[いっちゃお♪紫芋れんnew] 被鸡巴寄生后脑子里只剩下做爱的辣妹  [ai翻译 ai修复 ai嵌字],[いっちゃお♪紫芋れんnew] チンコに寄生されヤることしか考えられなくなったギャル,被鸡巴寄生后脑子里只剩下做爱的辣妹,"translated, chinese",,icchao murasakiimoren new,manga,,,"futanari, big breasts, corruption, cervix penetration, defloration, mind control, gyaru, rape, parasite, tentacles, rough translation, full-packaged futanari",19,2026-09-01 12:04:40,2026-09-01 12:04:40,2026-09-05 00:02:56
677439,[Nakayoshi Koyoshi (Yamadi)] Yuukun Is Watching (Ensemble Stars!),[なかよしこよし (やまでぃ)] ゆうくんがみてる (あんさんぶるスターズ！),Yuukun Is Watching,japanese,,,doujinshi,ensemble stars,"izumi sena, ritsu sakuma","schoolboy uniform, full censorship, males only, yaoi",40,2026-09-01 12:07:30,2026-09-01 12:07:30,2026-09-05 00:03:07
677440,[いっちゃお♪紫芋れんnew] 被幽灵附身后，开始在户外做她不该做的事的妈妈。  [ai翻译 ai修复 ai嵌字],[いっちゃお♪紫芋れんnew] 幽霊に乗っ取られお外でいけない事を始めたお母さん,被幽灵附身后，开始在户外做她不该做的事的妈妈。,"translated, chinese",,icchao murasakiimoren new,manga,,,"handjob, milf, mmf threesome, big nipples, masturbation, snuff, mother, exhibitionism, yuri, defloration, incest, possession, rape, daughter, gender bender, big penis, randoseru, deepthroat, oyakodon, rough translation, crying",28,2026-09-01 12:13:06,2026-09-01 12:13:06,2026-09-05 00:03:19
677441,[Kaiduka] Isekai ni Shoukansaretara Zenin Do M Toka...Chotto Imi ga Wakaranai Ch.4 [English] [holybotany],[かいづか] 異世界に召喚されたら全員ドMとか…ちょっと意味が分からない 第四話 [英訳],Isekai ni Shoukansaretara Zenin Do M Toka...Chotto Imi ga Wakaranai Ch.4,"english, translated",kaiduka,,manga,,,"elf, slime, wormhole, anal, dark skin, exhibitionism, multi-work series, stuck in wall, sole female, sole male",21,2026-09-01 12:14:44,2026-09-01 12:14:44,2026-09-05 00:03:30
677442,[UsushioRIDER + 搾情 (Shioko + Ayane)] 媚薬×潮吹き 合同誌 (Ensemble Stars!),[UsushioRIDER + 搾情 (しおこ + あやね)] 媚薬×潮吹き 合同誌 (あんさんぶるスターズ！),媚薬×潮吹き 合同誌,japanese,,,doujinshi,ensemble stars,"chiaki morisawa, izumi sena","kissing, nakadashi, anal, males only, drugs, yaoi, blowjob, anal intercourse",42,2026-09-01 12:17:36,2026-09-01 12:17:36,2026-09-05 00:03:41
677443,[sunnymel (Ohanari)] fill (Ensemble Stars!),[sunnymel (おはなり)] fill (あんさんぶるスターズ！),fill,japanese,,,doujinshi,ensemble stars,"izumi sena, kaoru hakaze","full censorship, anal, males only, yaoi, anal intercourse",22,2026-09-01 12:19:14,2026-09-01 12:19:14,2026-09-05 00:03:52
677444,[君の縦笛を舐めたい ( 月見サンバ)] パフェコン目指してがんばるAtoZ (Ensemble Stars!),[君の縦笛を舐めたい ( 月見サンバ)] パフェコン目指してがんばるAtoZ (あんさんぶるスターズ！),パフェコン目指してがんばるAtoZ,japanese,,,doujinshi,ensemble stars,izumi sena,"machine, anal, sex toys, bondage, males only, rape, sole male, mesuiki, nipple stimulation",26,2026-09-01 12:21:15,2026-09-01 12:21:15,2026-09-05 00:04:03
677445,[Mori no Hito (Mokuyama Hito)] Osananajimi ga Joukyo-chuu ni Osananajimi no Chichi to Daita [Chinese] [Digital],[森の人 (木山ヒト)] 幼馴染が上京中に幼馴染の父と抱いた [中国翻訳] [DL版],Osananajimi ga Joukyo-chuu ni Osananajimi no Chichi to Daita,"translated, chinese",mokuyama hito,mori no hito,doujinshi,original,,"handjob, kissing, big breasts, netorare, masturbation, schoolgirl uniform, breast feeding, nakadashi, x-ray, defloration, multi-work series, big areolae, bukkake, dilf, blowjob, big penis, bbm, sole female, sole male, beauty mark, nipple stimulation, extraneous ads",59,2026-09-01 12:25:10,2026-09-01 12:25:10,2026-09-05 00:04:14
677446,[Oden Ohgan (TuriSasu)] Holy Bitch 1 [Chinese] [Digital],[おでんオーガン (ツリサス)] Holy Bitch 1 [中国翻訳] [DL版],Holy Bitch 1,"translated, chinese",testame,oden ohgan,doujinshi,original,,"glasses, schoolgirl uniform, possession, gender bender, sole female, extraneous ads",54,2026-09-01 12:28:46,2026-09-01 12:28:46,2026-09-05 00:04:26
677447,"[tAnaue (Tanakala)] Producer-kun, Massage Shitekurerutte Hontou...? | 製作人先生、你說要幫我按摩是眞的嗎…？ (Gakuen IDOLM@STER) [Chinese] [Digital]",[tAnaue (タナカラ)] プロデューサーくん、マッサージしてくれるって本当...? (学園アイドルマスター) [中国翻訳] [DL版],"Producer-kun, Massage Shitekurerutte Hontou...? | 製作人先生、你說要幫我按摩是眞的嗎…？","translated, chinese",tanakala,tanaue,doujinshi,the idolmaster,"producer, rinami himesaki","big breasts, swimsuit, bikini, sole female, sole male, extraneous ads",25,2026-09-01 12:30:33,2026-09-01 12:30:33,2026-09-05 00:04:37
677448,[Okuchi no Okuchi (Watari Kaoru)] Mazo ga Daikoubutsu na Hitozuma to Kozukuri 3P Koubi. [Chinese] [Digital],[お口の奥地 (渡薫)] マゾが大好物な人妻と子作り3P交尾。 [中国翻訳] [DL版],Mazo ga Daikoubutsu na Hitozuma to Kozukuri 3P Koubi.,"translated, chinese",watari kaoru,okuchi no okuchi,doujinshi,original,,"milf, big breasts, mmf threesome, group, extraneous ads",44,2026-09-01 12:33:26,2026-09-01 12:33:26,2026-09-05 00:04:48
677449,[ZENMAIN (Nejiro)] Reijo no Seishugyou Funtouki | 丽鹿情的性修行奮闘記 (Blue Archive) [Chinese] [Digital],[ZENMAIN (ねじろ)] レイジョの性修行奮闘記 (ブルーアーカイブ) [中国翻訳] [DL版],Reijo no Seishugyou Funtouki | 丽鹿情的性修行奮闘記,"translated, chinese",nejiro,zenmain,doujinshi,blue archive,"sensei, reijo kayama","kissing, big breasts, cunnilingus, big ass, nakadashi, chinese dress, paizuri, fingering, blowjob, sole female, sole male, hair buns, nipple stimulation, extraneous ads, halo",31,2026-09-01 12:35:38,2026-09-01 12:35:38,2026-09-05 00:04:59
677450,[seikonjirushi (Sucota)] Kung Fu Musume ga Torotoro ni Hatsujou Shite Pakopako suru Hanashi (Blue Archive) [Chinese] [Digital],[聖根じるし (すこ太)] カンフー娘がとろとろに発情してパコパコする話 (ブルーアーカイブ) [中国翻訳] [DL版],Kung Fu Musume ga Torotoro ni Hatsujou Shite Pakopako suru Hanashi,"translated, chinese",sukota,seikonjirushi,doujinshi,blue archive,"sensei, reijo kayama","big breasts, huge breasts, chinese dress, sole female, sole male, beauty mark, hair buns, extraneous ads, halo",40,2026-09-01 12:38:29,2026-09-01 12:38:29,2026-09-05 00:05:10
677451,[Chotto B-sen] Ayashii Shuukyou Kanyuu Oba-san Papa no Shoukai de Boku no Ie ni Yattekita [Full Color-ban] (Chinese),[ちょっとB専]【フルカラー版】怪しい宗教勧誘おばさんがパパの紹介でボクの家にやってきた,Ayashii Shuukyou Kanyuu Oba-san Papa no Shoukai de Boku no Ie ni Yattekita,"translated, chinese",,chotto b-sen,doujinshi,original,,"milf, big breasts, big ass, nakadashi, full color, mosaic censorship, blowjob, shotacon, sole female, sole male, beauty mark",54,2026-09-01 12:41:58,2026-09-01 12:41:58,2026-09-05 00:05:21
677452,"[millisec1.618 (Nana Chikebo)] TS Yuusha Inma  ~Succubus Joou no Noroi de Oujo ni Irekaerare, Kairaku ni Ochi Succubus to Naru~",[millisec1.618 (七チケボ)] TS勇者淫魔  ～サキュバス女王の呪いで王女に入れ替えられ、快楽に堕ちサキュバスとなる～,"TS Yuusha Inma  ~Succubus Joou no Noroi de Oujo ni Irekaerare, Kairaku ni Ochi Succubus to Naru~",japanese,nana chikebo,millisec1.618,doujinshi,original,,"monster, rape, gender bender, big penis, incomplete, crotch tattoo, twintails",12,2026-09-01 12:44:27,2026-09-01 12:44:27,2026-09-05 00:05:33
677453,"[millisec1.618 (Nana Chikebo)] TS Yuusha Inma  ~Succubus Joou no Noroi de Oujo ni Irekaerare, Kairaku ni Ochi Succubus to Naru~ | TS勇者淫魔 ～因魅魔女王的诅咒与王女互换，沉沦于快感成为魅魔～ [Chinese] [AnyaKa]",[millisec1.618 (七チケボ)] TS勇者淫魔  ～サキュバス女王の呪いで王女に入れ替えられ、快楽に堕ちサキュバスとなる～ [中国翻訳],"TS Yuusha Inma  ~Succubus Joou no Noroi de Oujo ni Irekaerare, Kairaku ni Ochi Succubus to Naru~ | TS勇者淫魔 ～因魅魔女王的诅咒与王女互换，沉沦于快感成为魅魔～","translated, chinese",nana chikebo,millisec1.618,doujinshi,original,,"big breasts, body swap, monster, rape, gender bender, big penis, incomplete, crotch tattoo, twintails",12,2026-09-01 12:45:29,2026-09-01 12:45:29,2026-09-05 00:05:45
677454,種うマスターvsアマゾネスしまい❤︎ / Master's Seed Vs The Amazon Sisters,[4UU] 種うマスターvsアマゾネスしまい❤︎,種うマスターvsアマゾネスしまい❤︎ / Master's Seed Vs The Amazon Sisters,"english, translated",4uu,,doujinshi,fate grand order,"gudao, penthesilea, hippolyta","sole male, rough translation",5,2026-09-01 12:46:02,2026-09-01 12:46:02,2026-09-05 00:05:56
677455,[Spiral (Gakkun)] Guuzen Kokutte Kita Kouhai JK o Hametaoshita Hanashi | 湊巧跟我告白的學妹JK被我幹倒的故事 [Chinese] [Amerins漢化],[すぱいらる (がっくん)] 偶然告ってきた後輩JKをハメ倒した話 [中国翻訳],Guuzen Kokutte Kita Kouhai JK o Hametaoshita Hanashi | 湊巧跟我告白的學妹JK被我幹倒的故事,"translated, chinese",,spiral,doujinshi,original,,"big breasts, schoolgirl uniform, nakadashi, blowjob, sole female, sole male",30,2026-09-01 12:48:01,2026-09-01 12:48:01,2026-09-05 00:06:07
677456,"[Ijiise] Tsumatachi wa Ima, Kaigai ni Imasu Kouhen",[イジイセ] 妻達は今、海外にいます 後編,"Tsumatachi wa Ima, Kaigai ni Imasu Kouhen",japanese,,ijiise,doujinshi,original,,"milf, big breasts, group, netorare, story arc, ahegao, bondage, hairy, mind control, full color, multi-work series, drugs, mosaic censorship, dilf, low scat",156,2026-09-01 12:58:16,2026-09-01 12:58:16,2026-09-05 00:06:18
677457,"[Scrum Hitori (Takamichi)] Oyasumi Sister Onii-chan wa Imouto no Nioi ga Ki ni Natte Shikatanai!｜Goodnight, Sister: My Little Sister's Scent Is Driving Me Crazy!!  [English] [Crystallized] [Digital]",[スクラムひとり (貴道)] おやすみシスター お兄ちゃんは妹の匂いが気になって仕方ない！ [英訳] [DL版],"Oyasumi Sister Onii-chan wa Imouto no Nioi ga Ki ni Natte Shikatanai!｜Goodnight, Sister: My Little Sister's Scent Is Driving Me Crazy!!","english, translated",takamichi,scrum hitori,doujinshi,original,,"sleeping, tracksuit, lolicon, multi-work series, incest, sumata, bukkake, sister, sole female, sole male, ponytail",28,2026-09-01 13:03:39,2026-09-01 13:03:39,2026-09-05 00:06:29
677458,[Scrum Hitori (Takamichi)] Hatsujou Sister Imouto wa Onii-chan no Nioi ga Ki ni Natte Shikatanai!｜Sister In Heat: My Big Brother's Scent Is Driving Me Crazy!!  [English] [Crystallized] [Digital],[スクラムひとり (貴道)] はつじょうシスター 妹はお兄ちゃんの匂いが気になって仕方ない！！ [英訳] [DL版],Hatsujou Sister Imouto wa Onii-chan no Nioi ga Ki ni Natte Shikatanai!｜Sister In Heat: My Big Brother's Scent Is Driving Me Crazy!!,"english, translated",takamichi,scrum hitori,doujinshi,original,,"masturbation, nakadashi, lolicon, multi-work series, incest, sister, sole female, sole male, ponytail",30,2026-09-01 13:09:09,2026-09-01 13:09:09,2026-09-05 00:06:41
677459,[Nikutai Gengo Club (Dekosuke)] Anta no Otoko Morau wa yo (Panty & Stocking with Garterbelt) [Digital],[肉体言語倶楽部 (デコ助)] アンタの男もらうわよ (パンティ&ストッキングwithガーターベルト) [DL版],Anta no Otoko Morau wa yo,japanese,dekosuke 18gou,nikutai gengo club,doujinshi,panty and stocking with garterbelt,stocking anarchy,"futanari, big breasts, nakadashi, ahegao, anal, stockings, blowjob, bbm, stomach deformation, deepthroat, bald, cumflation, very long hair, anal intercourse, burping",28,2026-09-01 13:11:17,2026-09-01 13:11:17,2026-09-05 00:06:52
677460,[Nikutai Gengo Club (Dekosuke)] YANKEExYANKEE 2 (Blue Archive) [Digital],[肉体言語倶楽部 (デコ助)] YANKEExYANKEE2 (ブルーアーカイブ) [DL版],YANKEExYANKEE 2,japanese,dekosuke 18gou,nikutai gengo club,doujinshi,blue archive,neru mikamo,"group, schoolgirl uniform, nakadashi, ffm threesome, lolicon, multi-work series, big penis, sunglasses, bald, twintails, burping, halo",24,2026-09-01 13:16:12,2026-09-01 13:16:12,2026-09-05 00:07:04
677461,[Hanekkaeri (Ricochet)] Otaku no Boku ni mo Nakadashi Sasete Kureru Yasashii Yariman Bitch Gal 3 [Digital],[はねっかえり (リコシェット)] オタクの僕にも中出しさせてくれる優しいヤリマンビッチギャル3  [DL版],Otaku no Boku ni mo Nakadashi Sasete Kureru Yasashii Yariman Bitch Gal 3,japanese,ricochet,hanekkaeri,doujinshi,original,,"big breasts, glasses, schoolgirl uniform, nakadashi, huge breasts, multi-work series, big areolae, gyaru, paizuri, inverted nipples, big penis, sole male",55,2026-09-01 13:19:35,2026-09-01 13:19:35,2026-09-05 00:07:15
677462,[Tokyo Ereki Studio (Azuma Ryo)] Ijimerarekko JK wa Choroi. [Digital],[東京電気スタジオ (あずま涼)] イジメられっこJKはチョロい。[DL版],Ijimerarekko JK wa Choroi.,japanese,azuma ryo,tokyo ereki studio,doujinshi,original,,"big breasts, big ass, hairy, hairy armpits",28,2026-09-01 13:25:26,2026-09-01 13:25:26,2026-09-05 00:07:26
677463,[Burning Shimai (MARUTA)] Takabisha na Hashiritakatobi Joshi wa Mob no Chinpo ja Manzoku Dekinai [Digital],[バーニング姉妹 (MARUTA)] 高飛車な走り高跳び女子はモブのチンポじゃ満足できない [DL版],Takabisha na Hashiritakatobi Joshi wa Mob no Chinpo ja Manzoku Dekinai,japanese,maruta,burning sisters,doujinshi,original,,"multi-work series, mosaic censorship, muscle, ponytail",32,2026-09-01 13:27:41,2026-09-01 13:27:41,2026-09-05 00:07:37
677464,[Enma] Momoiro Kikyou Ichi,[艶摩] 桃色桔梗 壱,Momoiro Kikyou Ichi,japanese,enma,charm point,doujinshi,original,,"milf, kissing, virginity, big breasts, bbw, story arc, big ass, prostitution, nakadashi, blowjob face, femdom, hairy, x-ray, full color, multi-work series, paizuri, mosaic censorship, blowjob, shotacon, sole female, sole male, hair buns, nipple stimulation, bathing room",152,2026-09-01 13:56:58,2026-09-01 13:56:58,2026-09-05 00:07:48
677465,[Buchiyama Melon Peach (Buchiyama Buchio)] Nagachichi Elf wa Kotowarenai [Digital],[ぶちやまメロンピーチ (ぶちやまぶちお)] 長乳エルフは断れない [DL版],Nagachichi Elf wa Kotowarenai,japanese,buchiyama buchio,buchiyama melon peach,doujinshi,original,,"elf, big breasts, bbw, big ass, condom, nakadashi, ahegao, huge breasts, hairy, x-ray, big areolae, blackmail, inverted nipples, big penis, sole female, sole male",45,2026-09-01 14:00:06,2026-09-01 14:00:06,2026-09-05 00:08:00
677466,"[Godou Kotarou] Kyorikan no Aru Ubukko Couple ga, Kanojo no Onee-san ni Sei no Tehodoki o Ukeru Hanashi",[悟道琥太郎] 距離感のあるウブっ子カップルが、彼女のお姉さんに性の手ほどきを受ける話,"Kyorikan no Aru Ubukko Couple ga, Kanojo no Onee-san ni Sei no Tehodoki o Ukeru Hanashi",japanese,godou kotarou,godou kotarou,doujinshi,original,,"big breasts, group, nakadashi, ffm threesome, hairy, dark skin, gyaru, swinging, mosaic censorship, blowjob, muscle, ponytail, shimaidon, nipple stimulation",45,2026-09-01 14:03:19,2026-09-01 14:03:19,2026-09-05 00:08:11
677467,[Aaaa Ichizoku Kumiai (Aiura Aiu)] Chibikko Idol Bride (THE IDOLM@STER CINDERELLA GIRLS) [Digital][English][ScanMTL],,Chibikko Idol Bride,"english, translated",aiura aiu,aaaa ichizoku kumiai,doujinshi,,"nina ichihara, producer, kozue yusa, kaoru ryuzaki","group, full censorship, nakadashi, lolicon, rough translation",34,2026-09-01 14:09:47,2026-09-01 14:09:47,2026-09-05 00:08:22
677468,[Aaaa Ichizoku Kumiai (Aiura Aiu)] Sokubai Mahou Shoujo Seitoren Chan [Digital][English][ScanMTL],,Sokubai Mahou Shoujo Seitoren Chan,"english, translated",aiura aiu,aaaa ichizoku kumiai,doujinshi,original,,"lolicon, double penetration, big penis, rough translation",28,2026-09-01 14:14:59,2026-09-01 14:14:59,2026-09-05 00:08:34
677469,[hellaP] 6월 보상 3티어 [English],,6월 보상 3티어,english,hellap,,doujinshi,original,,"big breasts, uncensored, nakadashi, full color, sole female, sole male, beauty mark, eye-covering bang",29,2026-09-01 14:17:00,2026-09-01 14:17:00,2026-09-05 00:08:45
677470,[Yamamoto Naoki] Goji | Five O’Clock [English] [Rainash],[山本直樹] 五時 [英訳],Goji | Five O’Clock,"english, translated",yamamoto naoki,,manga,,,"old man, cunnilingus, full censorship, story arc, nakadashi, anal, sex toys, lolicon, exhibitionism, defloration, tankoubon, fingering, filming, blindfold, shibari, sole female, sole male, bald, ponytail, mouth mask, anal intercourse",245,2026-09-01 15:01:03,2026-09-01 15:01:03,2026-09-05 00:08:56
677471,[YuuYuu] Nessa X Sonia doujinshi,ソニルリ本 中国語先行版,Nessa X Sonia doujinshi,chinese,yuuyuu,,doujinshi,pokemon,"sonia, nessa","futanari, dark skin, dickgirl on dickgirl, dickgirls only",16,2026-09-01 15:02:30,2026-09-01 15:02:30,2026-09-05 00:09:08
677472,[multiplication (3x3)] Penacony Ura Ver. San - Terrible vol. 5 (Honkai: Star Rail) [English] [Digital],[multiplication (3×3)] ピノコニー・裏 Ver.参 (崩壊: スターレイル) [英訳] [DL版],Penacony Ura Ver. San - Terrible vol. 5,"english, translated",3x3,multiplication,doujinshi,honkai star rail,"fu xuan, silver wolf, qingque","group, nakadashi, ffm threesome, lolicon, multi-work series, rape, impregnation, bbm, stomach deformation, sole male, bald, rough translation",22,2026-09-01 15:07:10,2026-09-01 15:07:10,2026-09-05 00:09:19
677473,[Nezumimochi] Kateinai Seikyouiku (Dounyuu Hen + Sounyuu Hen) [Chinese],[ネズミモチ] 家庭内性教育（導入編＋挿入編） [中国翻訳],Kateinai Seikyouiku,"translated, chinese",nezumimochi,,doujinshi,original,,"squirting, milf, sweating, kissing, leg lock, big breasts, cunnilingus, big ass, breast feeding, condom, ahegao, huge breasts, mother, sleeping, hairy, phimosis, x-ray, incest, big areolae, rimjob, drunk, orgasm denial, fingering, bukkake, filming, shotacon, sole female, beauty mark, pixie cut, clit stimulation, smalldom, nipple stimulation, netorase",99,2026-09-01 15:25:43,2026-09-01 15:25:43,2026-09-05 00:09:30
677474,(SC2022 Spring) [H na Honya-san. (Akki)] Yachin Nante Fera dake de Choroi desu yo! | It's Just a Blowjob It'll Be Easy Especially If It's for the Rent! (Genshin Impact) [English],(サンクリ2022 Spring) [Hなほんやさん。 (あっきー)] 家賃なんてフェラだけでチョロイですよ! (原神) [英訳],Yachin Nante Fera dake de Choroi desu yo! | It's Just a Blowjob It'll Be Easy Especially If It's for the Rent!,"english, translated",akki,h na hon. ya san.,doujinshi,genshin impact,mona megistus,"witch, nakadashi, pantyhose, leotard, blowjob, collar, body writing, sole female, sole male, twintails, gloves",24,2026-09-01 15:27:49,2026-09-01 15:27:49,2026-09-05 00:09:41
677475,"(C107) [Zorusoru Support (Zorusoru)] Motomiya Chiaki wa ""Motto!!"" Tsukawaretai | Miyamiya Chiaki is I want to be used (Blue Archive) [English] [SCANMTL]",(C107) [ぞるそるサポート (ぞるそる)] 元宮チアキは「もっと!!」使われたい (ブルーアーカイブ) [英訳],"Motomiya Chiaki wa ""Motto!!"" Tsukawaretai | Miyamiya Chiaki is I want to be used","english, translated",zorusoru,,doujinshi,blue archive,chiaki motomiya,"scanmark, blowjob, collar, sole female, sole male, horns, hidden sex, rough translation, halo",27,2026-09-01 15:29:55,2026-09-01 15:29:55,2026-09-05 00:09:52
677476,[No Future (Gittan Gittan)] KOURINTENSHI TWINKLE HEART Another Future [English] [SCANMTL] [Digital],[No Future (ギッタンギッタン)] 光凛天使ツインクルハート Another Future [英訳] [DL版],KOURINTENSHI TWINKLE HEART Another Future,"english, translated",gittangittan,no future,doujinshi,original,,"magical girl, group, scanmark, double penetration, rape, tentacles, sole female, twintails, rough translation",27,2026-09-01 15:31:49,2026-09-01 15:31:49,2026-09-05 00:10:04
677477,"[MAFIC (Choukutetsushitsugan)] Ma Mama Kari Ri 2-gen Mahou Shoujo no Mama, Aku Ochi Shokushu Kousetsu [English] [SCANMTL]",[MAFIC (超苦鉄質岩)] 魔ママ狩リ2 元魔法少女のママ、悪堕ち触手交接 [英訳],"Ma Mama Kari Ri 2-gen Mahou Shoujo no Mama, Aku Ochi Shokushu Kousetsu","english, translated",choukutetsushitsugan,mafic,doujinshi,original,,"big breasts, bbw, magical girl, group, glasses, pasties, anal, scanmark, multi-work series, double penetration, tentacles, rough translation",59,2026-09-01 15:35:47,2026-09-01 15:35:47,2026-09-05 00:10:15
677478,[Naminori Navy (ebinavy)] Seikishi-sama ♀ wa Marunomi Shokushu no Naka [English] [SCANMTL] [Digital],[波乗りネイビー (エビネイビー)] 聖騎士様♀は丸呑み触手のナカ♡ [英訳] [DL版],Seikishi-sama ♀ wa Marunomi Shokushu no Naka,"english, translated",ebinavy,naminori navy,doujinshi,original,,"squirting, ahegao, anal, scanmark, double penetration, stockings, rape, tentacles, sole female, rough translation",31,2026-09-01 15:38:12,2026-09-01 15:38:12,2026-09-05 00:10:27
677479,[HuwaHuwa Uodeka Club (Genmai)] Royal Blood Detox (Blue Archive) [Digital] (SCANMTL),[ふわふわうおでかくらぶ (玄米)] ロイヤルブラッド・デトックス (ブルーアーカイブ) [DL版],Royal Blood Detox,"english, translated",genmai,,doujinshi,blue archive,atsuko hakari,"business suit, gag, machine, netorare, sex toys, scanmark, bondage, robot, mind control, rape, collar, slave, sole male, exposed clothing, rough translation, halo",29,2026-09-01 15:44:14,2026-09-01 15:44:14,2026-09-05 00:10:38
677480,"[mushoku muho] Wearing a sensory deprivation suit, she holds out expressionlessly at first, but after it gets destroyed she ends up making ahegao faces and cumming nonstop (pt 1-2) (SCANMTL)",[無色ムホ] 感覚遮断シールドで最初は無表情で耐えるも破壊されてアヘ顔絶頂しまくることに? (pt 1-2),"Wearing a sensory deprivation suit, she holds out expressionlessly at first, but after it gets destroyed she ends up making ahegao faces and cumming nonstop","english, translated",,mushoku muho,doujinshi,original,,"big breasts, body modification, scanmark, big vagina, breast expansion, bodysuit, big clit, clit growth, tentacles, eggs, rough translation",45,2026-09-01 15:47:20,2026-09-01 15:47:20,2026-09-05 00:10:49
677481,[狸穴飯店]マリベルはうんこをもらしてしまった[廉价汉化组],,マリベルはうんこをもらしてしまった,"translated, chinese",youkai kubinashi,mamiana hanten,doujinshi,dragon quest vii,"maribel, solo","scat, urination, omorashi, no penetration",33,2026-09-01 15:49:36,2026-09-01 15:49:36,2026-09-05 00:11:00
677482,[Yosutebito na Mangakaki (Tomoki Tomonori)] Monogatari Dori ni Shika Ugokenai Ehon no Naka no Alice-tachi wa Ikura demo Ecchi na Koto Yaritai Houdai (Alice in Wonderland) [Chinese] [机翻/重嵌] [Digital],[世捨人な漫画描き (ともきとものり)] 物語通りにしか動けない絵本の中のアリス達はいくらでもエッチなことヤりたい放題❤ (不思議の国のアリス) [中国翻訳] [DL版],Monogatari Dori ni Shika Ugokenai Ehon no Naka no Alice-tachi wa Ikura demo Ecchi na Koto Yaritai Houdai,"translated, chinese",tomoki tomonori,yosutebito na mangakaki,doujinshi,alice in wonderland,alice liddell,"big breasts, group, nakadashi, ahegao, dark skin, lolicon, exhibitionism, stockings, rape, muscle, big penis, sole male, bald, forced exposure, rough translation",36,2026-09-01 15:56:27,2026-09-01 15:56:27,2026-09-05 00:11:11
677483,[ENJI (Gen)] Mujikaku na Osananajimi to Kyoumi Honi de Yatte Mitara –Digital Tokusoban– | I Tried Getting Laid With My Oblivious Childhood Friend Just Out of Curiosity –Special Complete Collection– [English] [Digital],無自覚な幼馴染と興味本位でヤってみたら【デジタル特装版】,Mujikaku na Osananajimi to Kyoumi Honi de Yatte Mitara –Digital Tokusoban– | I Tried Getting Laid With My Oblivious Childhood Friend Just Out of Curiosity –Special Complete Collection–,"english, translated",gen,enji,manga,,,"handjob, kissing, virginity, big breasts, swimsuit, cunnilingus, compilation, emotionless sex, story arc, schoolgirl uniform, condom, nakadashi, sleeping, hairy, kimono, defloration, multi-work series, tankoubon, fingering, mosaic censorship, impregnation, school swimsuit, blowjob, sole female, sole male, ponytail, hidden sex, nipple stimulation",243,2026-09-01 16:12:57,2026-09-01 16:12:57,2026-09-05 00:11:22
677484,[Takei Tsukasa] Kyouhaku Kannen [Chinese] [Digital],[タケイツカサ] 脅迫姦念 [中国翻訳] [DL版],Kyouhaku Kannen,"translated, chinese",takei tsukasa,,manga,,,"milf, pregnant, group, glasses, netorare, story arc, cheating, schoolgirl uniform, anal, incest, double penetration, tankoubon, filming, sister, dilf, blackmail, bbm, ponytail, rough translation",84,2026-09-01 16:28:55,2026-09-01 16:28:55,2026-09-05 00:11:34
677485,(COMIC1☆15) [Ekurabe (Henoeno)] Kasshoku Hada no Youansatsusha (Final Fantasy Tactics)(CHINESE),,Kasshoku Hada no Youansatsusha,"translated, chinese",henoeno,ekurabe,doujinshi,final fantasy tactics,rapha galthena,"dark skin, lolicon, sole female, bald",22,2026-09-01 16:30:35,2026-09-01 16:30:35,2026-09-05 00:11:45
677486,[Teruwo] Growth-Boosting App: The Story of Rapidly Transforming That Girl I Like into a Super-Lewd Babe♡ [English],[てるを] 成長促進アプリ 気になるあの子をドスケベボディに急成長させる話♡ [英訳],Growth-Boosting App: The Story of Rapidly Transforming That Girl I Like into a Super-Lewd Babe♡,"english, translated",teruwo,,doujinshi,original,,"big breasts, schoolboy uniform, big nipples, schoolgirl uniform, nakadashi, huge breasts, defloration, breast expansion, big areolae, stockings, paizuri, ass expansion, sole female, sole male, gigantic breasts",44,2026-09-01 16:33:36,2026-09-01 16:33:36,2026-09-05 00:11:56
677487,(C108) [Salt choc (Naha 78)] Hono Mieru Mirai. | 窺見的未來 (Yu-Gi-Oh!) [Chinese] [牌佬漢化],(C108) [塩ちょこ (ナハ78)] 仄視える未来 (遊☆戯☆王) [牌佬漢化],Hono Mieru Mirai. | 窺見的未來,"translated, chinese",naha 78,salt choc,doujinshi,yu-gi-oh,ishizu ishtar,"kissing, big breasts, big ass, dark skin, cum bath, paizuri, bukkake, sole female, sole male, nipple stimulation",30,2026-09-01 16:35:45,2026-09-01 16:35:45,2026-09-05 00:12:08
677488,(Amatou na Aibou to Akinai Uta Seigan 2026) [KAI (Haneya)] Futago to Kozukuri?! (Project Sekai) [English],(甘党な相棒とあきない歌星願2026) [KAI (羽屋)] 双子と子作り？！ (プロジェクトセカイ) [英訳],Futago to Kozukuri?!,"english, translated",haneya,kai,doujinshi,project sekai,"toya aoyagi, akito shinonome","dog boy, catboy, anal, crossdressing, males only, yaoi, shotacon, kemonomimi, tail, anal intercourse, rough translation",36,2026-09-01 16:42:46,2026-09-01 16:42:46,2026-09-05 00:12:19
677489,(HARU COMIC CITY 21) [modokashiWC (Howako)] しょくしゅさんのゆうとおりっ (Yowamushi Pedal),(HARU COMIC CITY 21) [もどかしWC (ほわこ)] しょくしゅさんのゆうとおりっ (弱虫ペダル),しょくしゅさんのゆうとおりっ,japanese,howako,modokashiwc,doujinshi,yowamushi pedal,"shunsuke imaizumi, shoukichi naruko","anal, males only, yaoi, tentacles",35,2026-09-01 16:45:27,2026-09-01 16:45:27,2026-09-05 00:12:30
677490,(コミティア134) [4時起き (如月陽菜)] KANCHIGAI DEMO USO JA NAI,(コミティア134) [4時起き (如月陽菜)] 勘違いでも嘘じゃない,KANCHIGAI DEMO USO JA NAI,japanese,,,doujinshi,original,,"glasses, nakadashi, anal, males only, yaoi, anal intercourse",72,2026-09-01 16:49:48,2026-09-01 16:49:48,2026-09-05 00:12:42
677491,(C62) [Studio MAX (Suzuki Takuya)] La Pierce EX (Iyashite Agerun),(C62) [スタジオMAX (鈴木卓也)] ラ・ピアス EX (癒してあげルン),La Pierce EX,japanese,,studio max,doujinshi,iyashite agerun saiyuuki,,"big breasts, waitress, blackmail, blowjob, tentacles",38,2026-09-01 16:52:23,2026-09-01 16:52:23,2026-09-05 00:12:53
677492,[YoRoZ] Netsugen Hannou o Shori Shimasu (Dolphin Wave),[YoRoZ] 熱源反応を処理します (ドルフィンウェーブ),Netsugen Hannou o Shori Shimasu,japanese,yoroz,,doujinshi,dolphin wave,,"big breasts, group, ffm threesome, x-ray, full color, mosaic censorship, blowjob, sole male",8,2026-09-01 16:53:10,2026-09-01 16:53:10,2026-09-05 00:13:04
677493,[Urasazan (Minamino Sazan)] Seiyoku Bakuhatsu! Sanzou-chan | 性慾爆發!!三藏醬 (Fate/Grand Order) [Chinese] [Decensored] [Digital],[うらさざん (南乃さざん)] 性欲爆発!!三蔵ちゃん (Fate/Grand Order) [中国翻訳] [無修正] [DL版],Seiyoku Bakuhatsu! Sanzou-chan | 性慾爆發!!三藏醬,"translated, chinese",kanno takanori,urasazan,doujinshi,fate grand order,"gudao, xuanzang","squirting, kissing, big breasts, uncensored, nakadashi, huge breasts, anal, defloration, multi-work series, bunny girl, pantyhose, drunk, paizuri, tiara, leotard, sole female, sole male, kemonomimi, fishnets, anal intercourse",27,2026-09-01 16:55:04,2026-09-01 16:55:04,2026-09-05 00:13:15
677494,[GreenHouse (Uno Ryoku)] Ganba RURU!! | 加油RURU!! (Suzuhara Lulu) [Chinese] [Decensored] [Digital],[ぐりいん野はうす (温野りょく)] がんばRURU!! (鈴原るる) [中国翻訳] [無修正] [DL版],Ganba RURU!! | 加油RURU!!,"translated, chinese",uno ryoku,greenhouse,doujinshi,nijisanji,suzuhara lulu,"handjob, big breasts, uncensored, nakadashi, hairy, x-ray, defloration, big areolae, stockings, paizuri, filming, blowjob, sole female, sole male, clothed paizuri, vtuber",22,2026-09-01 16:56:53,2026-09-01 16:56:53,2026-09-05 00:13:26
677495,"[Hatsui Tsumo] Kimi no Kanojo ni ""Nakadashi"" Shimasu -I'll cum inside your girl friend- [Chinese] [Decensored] [Digital]",[初井つも] 君の彼女に「中出し」します [中国翻訳] [無修正] [DL版],"Kimi no Kanojo ni ""Nakadashi"" Shimasu -I'll cum inside your girl friend-","translated, chinese",,hatsui tsumo,doujinshi,original,,"big breasts, uncensored, cheating, schoolgirl uniform, nakadashi, dark skin, x-ray, defloration, full color, sole male, beauty mark",54,2026-09-01 17:00:22,2026-09-01 17:00:22,2026-09-05 00:13:37
677496,[Deastim (Unadon)] Chaldea SEX Rotation | 迦勒底SEX ROTATION (Fate/Grand Order) [Chinese] [Decensored] [Digital],[であすちーむ (うな丼)] カルデアSEXローテーション (Fate/Grand Order) [中国翻訳] [無修正] [DL版],Chaldea SEX Rotation | 迦勒底SEX ROTATION,"translated, chinese",unadon,deastim,doujinshi,fate grand order,"gudao, minamoto no raikou, xuanzang","big breasts, uncensored, multi-work series",31,2026-09-01 17:02:38,2026-09-01 17:02:38,2026-09-05 00:13:48
677497,[Deastim (Unadon)] Chaldea SEX Rotation | 迦勒底SEX ROTATION (Fate/Grand Order) [Chinese] [Decensored] [Digital],[であすちーむ (うな丼)] カルデアSEXローテーション (Fate/Grand Order) [中国翻訳] [無修正] [DL版],Chaldea SEX Rotation | 迦勒底SEX ROTATION,"translated, chinese",unadon,deastim,doujinshi,fate grand order,"gudao, nightingale, nitocris","uncensored, dark skin, multi-work series",30,2026-09-01 17:04:52,2026-09-01 17:04:52,2026-09-05 00:14:00
677498,[Deastim (Unadon)] Chaldea SEX Rotation | 迦勒底SEX ROTATION (Fate/Grand Order) [Chinese] [Decensored] [Digital],[であすちーむ (うな丼)] カルデアSEXローテーション (Fate/Grand Order) [中国翻訳] [無修正] [DL版],Chaldea SEX Rotation | 迦勒底SEX ROTATION,"translated, chinese",unadon,deastim,doujinshi,fate grand order,"jeanne darc, gudao, minamoto no raikou, artoria pendragon, artoria pendragon alter, xuanzang, jeanne alter, bb","swimsuit, group, uncensored, ffm threesome, harem, dark skin, bikini, multi-work series, paizuri, sole male",30,2026-09-01 17:07:09,2026-09-01 17:07:09,2026-09-05 00:14:11
677499,[EXTENDED PART (Endo Yoshiki)] JK Arturia [Alter] | JK阿爾托利亞[Alter] (Fate/Grand Order) [Chinese] [Decensored] [Digital],[拡張パーツ (遠藤良危)] JKアルトリア【オルタ】 (Fate/Grand Order) [中国翻訳] [無修正] [DL版],JK Arturia [Alter] | JK阿爾托利亞,"translated, chinese",yoshiki,extended part,doujinshi,fate grand order,"saber alter, gudao","business suit, glasses, uncensored, schoolgirl uniform, footjob, assjob, pantyhose, gyaru, sole female, sole male, hair buns",22,2026-09-01 17:08:52,2026-09-01 17:08:52,2026-09-05 00:14:22
677500,[Kamome no Shokudou (Gohan no Otomo)] Amai kaori ni sasowarete [English],[かもめの食道 (ごはんのおとも)] 甘い香りに誘われて[英訳],Amai kaori ni sasowarete,"english, translated",gohan no otomo,kamome no shokudou,doujinshi,original,,"snuff, vore, mind control, drugs, bodysuit, smell, tentacles",38,2026-09-01 17:11:26,2026-09-01 17:11:26,2026-09-05 00:14:33
677501,[Majimeya (isao)]  Imouto-chan wa Warito  Choroi [Chinese] [空気系☆漢化] [Digital],[真面目屋 (isao)] 妹ちゃんはわりとチョロい♡ [中国翻訳] [DL版],Imouto-chan wa Warito  Choroi,"translated, chinese",isao,majimeya,doujinshi,original,,"maid, big breasts, cheating, nakadashi, bunny girl, stockings, kemonomimi, detached sleeves",53,2026-09-01 17:15:35,2026-09-01 17:15:35,2026-09-05 00:14:44
677502,"[Hamachi Tomosaku] Yari-Neko — One Pack per Hookup with Sato Yaniko, the Frigid “Dead-Fish” Beastwoman (Yanineko) [English] [Gagak_Ireng] [Digital]",[ハマチトモサク] ヤリねこ 〜不感症のマグロ獣人・佐藤ヤニ子と1発1箱〜 (ヤニねこ) [英訳] [DL版],"Yari-Neko — One Pack per Hookup with Sato Yaniko, the Frigid “Dead-Fish” Beastwoman","english, translated",hamachi tomosaku,,doujinshi,yanineko,"yaniko satou, ouya ootani","big breasts, full censorship, prostitution, nakadashi, drugs, dilf, blowjob, catgirl, bbm, smoking, sole female, sole male, bald, kemonomimi, tail",20,2026-09-01 17:17:02,2026-09-01 17:17:02,2026-09-05 00:14:56
677503,[窓渕屋Madobuchiya(Nishin)] Kiseki to Amedama （玉碎瓦全）[中文] [swe3t+moans BLScanslation][维合汉化组] [Digital],[Madobuchiya(Nishin)] Kiseki to Amedama,Kiseki to Amedama （玉碎瓦全）,"translated, chinese",nishin,madobuchiya,doujinshi,original,,"glasses, snuff, males only, yaoi",32,2026-09-01 17:19:15,2026-09-01 17:19:15,2026-09-05 00:15:07
677504,[UsushioRIDER (Shioko)] SENAism (Ensemble Stars！) [Digital],[UsushioRIDER (しおこ)] SENAism (あんさんぶるスターズ！) [DL版],SENAism,japanese,,,doujinshi,ensemble stars,izumi sena,"kissing, schoolboy uniform, anal, males only, yaoi, anal intercourse",19,2026-09-01 17:20:45,2026-09-01 17:20:45,2026-09-05 00:15:18
677505,(C108) [HTSK (Rihito Akane)] HMSK5 (THE iDOLM@STER: Shiny Colors),(C108) [HTSK (りひと茜)] HMSK5 (アイドルマスター シャイニーカラーズ),HMSK5,japanese,rihito akane,htsk,doujinshi,the idolmaster,madoka higuchi,"scat, netorare, anal, crossdressing, cosplaying, males only, yaoi, gender bender",56,2026-09-01 17:24:42,2026-09-01 17:24:42,2026-09-05 00:15:29
677506,改変アプリ～理想の女性に変えちゃいませんか？～ 3,改変アプリ～理想の女性に変えちゃいませんか？～ 3,改変アプリ～理想の女性に変えちゃいませんか？～ 3,"translated, chinese",rim,,doujinshi,original,,"big breasts, body modification, dog girl, mind control, sole male, webtoon, kemonomimi, tail",7,2026-09-01 17:25:39,2026-09-01 17:25:39,2026-09-05 00:15:40
677507,[Enokido] Hametami ga Aru | 超級能幹的少女們 [Chinese] [Digital],[エノキドォ] ハメたみがある [中国翻訳] [DL版],Hametami ga Aru | 超級能幹的少女們,"translated, chinese",enokido,,manga,,,"maid, squirting, sweating, kissing, virginity, big breasts, swimsuit, mmf threesome, armpit sex, schoolboy uniform, group, public use, emotionless sex, netorare, big ass, masturbation, cheating, schoolgirl uniform, condom, nakadashi, ahegao, freckles, anal, tall man, sex toys, blowjob face, harem, kimono, bikini, x-ray, footjob, double penetration, tanlines, tankoubon, big areolae, stockings, pantyhose, gyaru, paizuri, fingering, bukkake, ball sucking, bloomers, school swimsuit, blowjob, big penis, fox girl, deepthroat, beauty mark, kemonomimi, thick eyebrows, tail, eye-covering bang, anal intercourse, school gym uniform, nipple stimulation, beach",249,2026-09-01 17:41:27,2026-09-01 17:41:27,2026-09-05 00:15:51
677508,[Meme50] Hatsujou Keihou [Chinese] [Decensored] [Digital],[メメ50] 発情警報 [中国翻訳] [無修正] [DL版],Hatsujou Keihou,"translated, chinese",meme50,,manga,,,"maid, business suit, squirting, milf, sweating, kissing, big breasts, triple penetration, swimsuit, double anal, spanking, nurse, cunnilingus, mmf threesome, schoolboy uniform, group, glasses, netorare, uncensored, story arc, big ass, cheating, schoolgirl uniform, urination, double blowjob, dougi, double vaginal, nakadashi, huge breasts, anal, cashier, lab coat, ffm threesome, harem, bikini, x-ray, double penetration, tanlines, diaper, tankoubon, apron, gyaru, small breasts, paizuri, bukkake, teacher, hotpants, dilf, impregnation, blowjob, ponytail, twintails, hidden sex",225,2026-09-01 17:56:38,2026-09-01 17:56:38,2026-09-05 00:16:03
677509,【乃希汉化】 貸切風呂【私人浴池】【大地巧太作品汉化】,貸切風呂,【乃希汉化】 貸切風呂【私人浴池】【大地巧太作品汉化】,"translated, chinese","daichi, daichi kouta",,manga,,,"males only, yaoi, bbm",6,2026-09-01 17:57:26,2026-09-01 17:57:26,2026-09-05 00:16:14
677510,"[Shitsuji, Kotora] Musume ga Fuzai no Aida, Musume no Tomodachi to Nakadashi Sex Shimakurimashita. | 女兒不在的空檔、與她的朋友中出SEX做到酣暢淋漓。 [Chinese] [Digital]",[ことら] 娘が不在の間、娘の友達と中出しセックスしまくりました。 [中国翻訳] [DL版],"Musume ga Fuzai no Aida, Musume no Tomodachi to Nakadashi Sex Shimakurimashita. | 女兒不在的空檔、與她的朋友中出SEX做到酣暢淋漓。","translated, chinese",kotora,,manga,,,"squirting, big breasts, story arc, schoolgirl uniform, nakadashi, x-ray, full color, tankoubon, dilf, sole female, sole male",267,2026-09-01 18:13:56,2026-09-01 18:13:56,2026-09-05 00:16:25
677511,[Satsuki Imonet] Kateinai Henai [Chinese] [Decensored] [Digital],[皐月芋網] 家庭内変愛 [中国翻訳] [無修正] [DL版],Kateinai Henai,"translated, chinese",satsuki imonet,,manga,,,"handjob, milf, sweating, kissing, big breasts, swimsuit, unusual pupils, uncensored, big ass, masturbation, condom, nakadashi, anal, blowjob face, mother, hairy, dark skin, bikini, lolicon, defloration, incest, tankoubon, stockings, gyaru, swinging, sister, voyeurism, tomboy, blowjob, big penis, catgirl, shotacon, beauty mark, kemonomimi, ponytail, twintails, anal intercourse, netorase",173,2026-09-01 18:46:00,2026-09-01 18:46:00,2026-09-05 00:16:36
677512,[Norigorou] Imaizumin-chi wa Douyara Gal no Tamariba ni Natteru Rashii B | 今泉家似乎已經被辣妹們當成玩樂窩給徹底霸佔了B [Chinese] [Digital],[のり伍郎] 今泉ん家はどうやらギャルの溜まり場になってるらしいB [中国翻訳] [DL版],Imaizumin-chi wa Douyara Gal no Tamariba ni Natteru Rashii B | 今泉家似乎已經被辣妹們當成玩樂窩給徹底霸佔了B,"translated, chinese",nori gorou,,manga,,,"maid, big breasts, group, nakadashi, femdom, harem, x-ray, footjob, full color, tankoubon, stockings, gyaru, blowjob, sole male, multimouth blowjob",275,2026-09-01 19:03:03,2026-09-01 19:03:03,2026-09-05 00:16:48
677513,[BLACK DOG (Kuroinu Juu)] Flirtatious rush race (Bishoujo Senshi Sailor Moon) [Digital] [Decensored] [English],[BLACK DOG (黒犬獣)] 媚速前進 (美少女戦士セーラームーン) [DL版],Flirtatious rush race,"english, translated",kuroinu juu,black dog,doujinshi,sailor moon,"sailor mercury, sailor venus, sailor mars","group, uncensored, bondage, drugs, dilf",32,2026-09-01 19:05:22,2026-09-01 19:05:22,2026-09-05 00:16:59
677514,[gonza] Shin Tomodachi no Hahaoya (Ge) | 新．朋友的馬麻(下) [Chinese] [Decensored] [Digital],[gonza] 新・友達の母親（下） [中国翻訳] [無修正] [DL版],Shin Tomodachi no Hahaoya (Ge) | 新．朋友的馬麻,"translated, chinese",gonza,,manga,,,"squirting, handjob, milf, leg lock, big breasts, garter belt, cunnilingus, uncensored, story arc, nakadashi, bondage, mother, hairy, kimono, x-ray, multi-work series, tankoubon, lactation, stockings, bride, paizuri, lingerie, fingering, filming, blowjob, shotacon, mouth mask, multipanel sequence, exposed clothing",203,2026-09-01 19:18:49,2026-09-01 19:18:49,2026-09-05 00:17:11
677515,"[Usacastle (Usashiro Mani)] Zenbu, Kono-chan no Sei Dakara!!! | 这全都是、可乃酱的错！！！ [Chinese] [欶澜汉化组×吗喽汉化组] [Digital]",[Usacastle (うさ城まに)] 全部、このちゃんのせいだから！！！ [中国翻訳] [DL版],"Zenbu, Kono-chan no Sei Dakara!!! | 这全都是、可乃酱的错！！！","translated, chinese",usashiro mani | mani,usacastle,doujinshi,original,,"virginity, glasses, nakadashi, lolicon, defloration, rape, teacher, sole female, sole male, classroom",44,2026-09-01 19:27:59,2026-09-01 19:27:59,2026-09-05 00:17:22
677516,[Hakutoutei (rikazu)] Kasshoku Gal ga Ore no Iyashi 2 Erosugiru Gal Kanojo to Dousei Seikatsu Shitara Mainichi Oppai de Iki Houdai datta!  | 褐色辣妹是我的心靈綠洲2 [Chinese] [Digital],[白桃亭 (rikazu)] 褐色ギャルが俺の癒し2 エロ過ぎるギャル彼女と同棲性活したら毎日おっぱいでイキ放題だった! [中国翻訳] [DL版],Kasshoku Gal ga Ore no Iyashi 2 Erosugiru Gal Kanojo to Dousei Seikatsu Shitara Mainichi Oppai de Iki Houdai datta!  | 褐色辣妹是我的心靈綠洲2,"translated, chinese",rikazu,hakutoutei,doujinshi,original,,"big breasts, swimsuit, nakadashi, cosplaying, dark skin, multi-work series, bunny girl, stockings, gyaru, paizuri, lingerie, impregnation, sole female, sole male, fishnets, very long hair",67,2026-09-01 19:32:21,2026-09-01 19:32:21,2026-09-05 00:17:33
677517,"[Shinohara Juukou Eigyoubu (Haruna Mao, Ukyochuu)] Echi Hoppe Daisakusen (Trickcal: Mochimochi Hoppe Daisakusen) [Chinese] [莫纳蒂姆一般通过市民机翻润色] [Digital]",[篠原重工営業部 (榛名まお、うきょちゅう)] えちほっぺ大作戦 (トリッカル・もちもちほっぺ大作戦) [中国翻訳] [DL版],Echi Hoppe Daisakusen,"translated, chinese","haruna mao, ukyochu",shinohara heavy industry,doujinshi,trickcal revive,mayo,"sleeping, lolicon, yuri, multi-work series, drugs, sumata, small breasts, rape, sole male, rough translation",18,2026-09-01 19:35:52,2026-09-01 19:35:52,2026-09-05 00:17:44
677518,触手に捕まった僕ら (Pokémon Horizons) [Digital],触手に捕まった僕ら (ポケットモンスター リコとロイの旅立ち) [DL版],触手に捕まった僕ら,japanese,,,doujinshi,pokemon,"amethio, ult","anal, bondage, males only, yaoi, tentacles, goudoushi, exposed clothing",62,2026-09-01 19:39:54,2026-09-01 19:39:54,2026-09-05 00:17:55
677519,[Sarako] Girls Zombie Party Volume 5,[さらこ] ガールズゾンビパーティー5巻,Girls Zombie Party Volume 5,japanese,sarako,,manga,,,"zombie, big breasts, nun, group, glasses, story arc, masturbation, anal, monster, yuri, mind control, multi-work series, double penetration, tankoubon, stockings, fingering, rape, tentacles, nipple stimulation",192,2026-09-01 20:15:19,2026-09-01 20:15:19,2026-09-05 00:18:07
677520,[A2 LampShade (Akatsuki Akane)] Shachou no Oshiri ni Shikareru Koto ni Narimashita. [Chinese] [Digital],[A2 LampShade (あかつき茜)] 社長のお尻に敷かれることになりました。 [中国翻訳] [DL版],Shachou no Oshiri ni Shikareru Koto ni Narimashita.,"translated, chinese",akatsuki akane,a2 lampshade,doujinshi,original,,"business suit, glasses, anal, full color, stockings, mosaic censorship, sole female, sole male, focus anal, anal intercourse, extraneous ads",25,2026-09-01 20:17:16,2026-09-01 20:17:16,2026-09-05 00:18:18
677521,[Yadokugaeru (locon)] Carlo Malvezzi no Yuuutsu [Chinese]  [Digital],[ヤドクガエル (locon)] カルロ=マルヴェッツィの憂鬱 [中国翻訳]  [DL版],Carlo Malvezzi no Yuuutsu,"translated, chinese",locon,yadokugaeru,doujinshi,original,,"anal, males only, yaoi, tomgirl, anal intercourse, extraneous ads",39,2026-09-01 20:19:46,2026-09-01 20:19:46,2026-09-05 00:18:29
677522,[Alfre-Tori] Heroine Profile⑩[Chinese] [狼姫个人汉化],[あるふれっ鸟] ヒロインプロフィール⑩[中国翻訳],Heroine Profile⑩,"translated, chinese",alfre-tori,,doujinshi,original,,"big breasts, chastity belt, demon girl, yuri, mind control, multi-work series, breast expansion, stockings, fingering, tribadism, bisexual, gloves, eye-covering bang, gender morph, gender change",24,2026-09-01 20:21:38,2026-09-01 20:21:38,2026-09-05 00:18:40
677523,今泉ん家はどうやらギャルの溜まり場になってるらしい 総集編 1,,今泉ん家はどうやらギャルの溜まり場になってるらしい 総集編 1,"translated, chinese",nori gorou,,doujinshi,original,,"onahole, group, nakadashi, ffm threesome, femdom, harem, footjob, full color, rimjob, gyaru, blowjob, sole male, clothed female nude male, rough translation",259,2026-09-01 20:37:24,2026-09-01 20:37:24,2026-09-05 00:18:51
677524,[OrangeMaru (YD)] Seijo no Inori wa Todokanai - The Saint's Prayer Goes Unheard [Chinese] [无毒汉化组] [Digital],[OrangeMaru (YD)] 聖女の祈りは届かない [中国翻訳] [DL版],Seijo no Inori wa Todokanai - The Saint's Prayer Goes Unheard,"translated, chinese",yd,orangemaru,doujinshi,original,,"handjob, kissing, leg lock, big breasts, nun, corruption, cunnilingus, mmf threesome, group, goblin, breast feeding, nakadashi, ahegao, anal, blowjob face, monster, x-ray, mind control, double penetration, paizuri, bukkake, mind break, rape, leotard, parasite, impregnation, blowjob, muscle, big penis, stomach deformation, deepthroat, crotch tattoo, anal intercourse, cockslapping, smalldom, nipple stimulation, high heels, gang rape",72,2026-09-01 20:51:45,2026-09-01 20:51:45,2026-09-05 00:19:02
677525,[Sayuumigi] The Honor Student’s Rebellious Phase,,The Honor Student’s Rebellious Phase,"english, translated",,sayuumigi,doujinshi,original,,"glasses, masturbation, nakadashi, scanmark, defloration, incest, sister, inverted nipples, sole male, beauty mark, multipanel sequence, rough translation",47,2026-09-01 21:00:51,2026-09-01 21:00:51,2026-09-05 00:19:14
677526,[Sanryuu Kaigishitsu (Marurumi)] Kaineko Majo no Adel-chan [Chinese] [MTL],[三流会議室 (まるるみ)] 飼い猫魔女のアーデルちゃん [中国翻訳] [機翻],Kaineko Majo no Adel-chan,"translated, chinese",marurumi,sanryuu kaigishitsu,doujinshi,original,,"big breasts, dark skin, full color, masked face, big areolae, lactation, mosaic censorship, muscle, fox girl, sole female, sole male, kemonomimi, rough translation",22,2026-09-01 21:02:32,2026-09-01 21:02:32,2026-09-05 00:19:25
677527,[Mizu no Iro (WaterRing)] Zenless Zone Zero - Midsummer Night (Zenless Zone Zero) [Chinese] [黎欧出资汉化] [Decensored],[水之色 (WaterRing)] ゼンレスゾーンゼロ - Midsummer Night (ゼンレスゾーンゼロ) [中国翻訳] [無修正],Zenless Zone Zero - Midsummer Night,"translated, chinese",waterring,mizu no iro,doujinshi,zenless zone zero,"belle, sweety, alice thymefield, yuzuha ukinami","big breasts, uncensored, full color",52,2026-09-01 21:06:02,2026-09-01 21:06:02,2026-09-05 00:19:36
677528,[Nazunasoft (Katsura Harufumi)] Sensei... Junbi wa Ii kashira? (Blue Archive) [Chinese] [黎欧出资汉化] [Digital],[ナズナソフト (桂ハルフミ)] 先生...準備はいいかしら? (ブルーアーカイブ) [中国翻訳] [DL版],Sensei... Junbi wa Ii kashira?,"translated, chinese",harufumi,nazunasoft,doujinshi,blue archive,"sensei, rio tsukatsuki","big breasts, latex, bodysuit, sole female, sole male, ponytail, very long hair, halo",34,2026-09-01 21:08:21,2026-09-01 21:08:21,2026-09-05 00:19:47
677529,[Chilukuni (Onaka Emi)] Seiki Gyakuten Kanojo ni Dakareru Nanokakan | Genital Swap ~Being Fucked By My Girlfriend For A Week~ [English] [Hydranoid] [Digital],[散る国 (小中えみ)] 性器逆転 彼女に抱かれる七日間 [英訳] [DL版],Seiki Gyakuten Kanojo ni Dakareru Nanokakan | Genital Swap ~Being Fucked By My Girlfriend For A Week~,"english, translated",onaka emi,,doujinshi,original,,"big breasts, cuntboy, condom, femdom, shemale, x-ray, gender bender, big penis, sole female, sole male, sole dickgirl, eye-covering bang, gender morph, sole pussyboy, futanarization",59,2026-09-01 21:12:20,2026-09-01 21:12:20,2026-09-05 00:19:58
677530,[Nishimaa (masinia)] Neru vs Toki vs Kusuguri Abi Shokushu  vs Rio (Blue Archive) [Digital],[西マア (マシニア)] ネルvsトキvsくすぐりアビ・触手vsリオ (ブルーアーカイブ) [DL版],Neru vs Toki vs Kusuguri Abi Shokushu  vs Rio,japanese,mashinia,nishimaa,doujinshi,blue archive,"neru mikamo, toki asuma, rio tsukatsuki","slime, bondage, tickling, tentacles",27,2026-09-01 21:14:21,2026-09-01 21:14:21,2026-09-05 00:20:10
677531,[Numeronia (Numeron)] Madness Corruption! [Chinese] [Digital],[ぬめろにあ (ぬめろん)] まっどねすこらぷしょん! [中国翻訳] [DL版],Madness Corruption!,"translated, chinese",,,doujinshi,original,,"slime, corruption, magical girl, females only, dark skin, yuri, full color, tentacles, crotch tattoo",22,2026-09-01 21:15:55,2026-09-01 21:15:55,2026-09-05 00:20:21
677532,[Nonoya (Nonomura Hideki)] Phantom Rei 01 (生化少年) [Chinese],,Phantom Rei 01,"translated, chinese",nonomura hideki,,manga,,,"story arc, multi-work series, tankoubon",182,2026-09-01 21:26:37,2026-09-01 21:26:37,2026-09-05 00:20:32
677533,[Script Origin] G.I.F: GKJ is found,[Script Origin] G.I.F: GKJ is found,G.I.F: GKJ is found,japanese,nekono matatabi,script origin,doujinshi,original,,"elf, big breasts, sole female",18,2026-09-01 21:28:00,2026-09-01 21:28:00,2026-09-05 00:20:43
677534,[Script Origin] G.I.F: GKJ is found 2,[Script Origin] G.I.F: GKJ is found 2,G.I.F: GKJ is found 2,japanese,nekono matatabi,script origin,doujinshi,original,,"big breasts, miko, tentacles",26,2026-09-01 21:29:45,2026-09-01 21:29:45,2026-09-05 00:20:54
677535,[Nonoya (Nonomura Hideki)] Phantom Rei 02 (生化少年) [Chinese],,Phantom Rei 02,"translated, chinese",nonomura hideki,,manga,,,"story arc, multi-work series, tankoubon",191,2026-09-01 21:40:48,2026-09-01 21:40:48,2026-09-05 00:21:05
677536,[Yudepopo] Game Centre  de Kikaikan!? ~Kusuguriya Renzoku Zecchou de   Yararetai  Houdai~  (Blue Archive) [Digital],[茹でぽぽ] ゲームセンターで機械姦!?〜くすぐりや連続絶頂でやられたい放題〜 (ブルーアーカイブ) [DL版],Game Centre  de Kikaikan!? ~Kusuguriya Renzoku Zecchou de   Yararetai  Houdai~,japanese,,yudepopo,doujinshi,blue archive,"neru mikamo, sensei","maid, humiliation, machine, sex toys, bondage, tickling, sole male, forced exposure, halo",20,2026-09-01 21:42:23,2026-09-01 21:42:23,2026-09-05 00:21:17
677537,[Poncocchan] Okuchi Maid!｜专口女仆! (COMIC AUN 2022-04) [Chinese] [琥珀汉化组] [Digital],[ぽんこっちゃん] お口メイド! (COMIC 阿吽 2022年4月号) [中国翻訳] [DL版],Okuchi Maid!｜专口女仆!,"translated, chinese",poncocchan,,manga,,,"maid, unusual pupils, full censorship, blowjob face, multi-work series, stockings, lingerie, fingering, saliva, blowjob, big penis, deepthroat, sole female, sole male, focus blowjob, crying",20,2026-09-01 21:43:50,2026-09-01 21:43:50,2026-09-05 00:21:28
677538,[ANCHOR (武藤まと)] 続·すじ女神さまとうすい本 [Chinese] [紫藤汉化组],,続·すじ女神さまとうすい本,"translated, chinese",mutou mato,anchor,doujinshi,original,,"squirting, lolicon, sole female, sole male, kemonomimi, tail",20,2026-09-01 21:47:25,2026-09-01 21:47:25,2026-09-05 00:21:39
677539,[イシガキタカシ] 朝起きたらギャルになっていたので性欲を爆発させてみた,[イシガキタカシ] 朝起きたらギャルになっていたので性欲を爆発させてみた,朝起きたらギャルになっていたので性欲を爆発させてみた,japanese,ishigaki takashi,,doujinshi,original,,"big breasts, schoolboy uniform, big ass, nakadashi, dark skin, gyaru, gender bender, sole female, gender morph",25,2026-09-01 21:49:03,2026-09-01 21:49:03,2026-09-05 00:21:50
677540,(C108) [Loli Ace (Aka Sio)] Shimada Oyako to Darjeeling no Erohon ~Onsen Hen~ (Girls und Panzer),(C108) [ローリィエース (朱シオ)] 島田親子とダージリンのエロ本〜温泉編〜 (ガールズ&パンツァー),Shimada Oyako to Darjeeling no Erohon ~Onsen Hen~,japanese,aka shio,loli ace,doujinshi,girls und panzer,,"big breasts, hairy, sole male",30,2026-09-01 21:51:13,2026-09-01 21:51:13,2026-09-05 00:22:01
677541,[Miraosu] Cheer-ka,[みらおす] チア化,Cheer-ka,"translated, chinese",miraosu,,doujinshi,original,,"transformation, big breasts, full color, cheerleader, gender bender, nudity only, ponytail, gender morph, rough translation",8,2026-09-01 21:52:03,2026-09-01 21:52:03,2026-09-05 00:22:13
677542,[65535th Avenue. (Akahito)] 大叔打电话给风俗店结果邻居家的女孩来了 [Chinese] [河东摸鱼镇守府] [Digital],[65535あべぬー。 (赤人)] オッサンがえっちなお店に電話したらお隣の娘さんが来た話 [中国翻訳] [DL版],大叔打电话给风俗店结果邻居家的女孩来了,"translated, chinese",akahito,65535th avenue,doujinshi,original,,"handjob, big breasts, swimsuit, big ass, breast feeding, prostitution, nakadashi, x-ray, paizuri, gokkun, bukkake, dilf, school swimsuit, blowjob, sole female, sole male, twintails, nipple stimulation",35,2026-09-01 21:54:24,2026-09-01 21:54:24,2026-09-05 00:22:24
677543,[Tsukumizu]阶层都市断片集 第三话 关于万物的权利（五月雨汉化组）,[つくみず]階層都市断片集 第3話 万物の権利について（五月雨汉化组）,阶层都市断片集 第三话 关于万物的权利（五月雨汉化组）,"translated, chinese",tsukumizu yuu,,manga,,,,38,2026-09-01 21:56:55,2026-09-01 21:56:55,2026-09-05 00:22:35
677544,[Shibahu Cake] Shissou shita Hakushaku Reijou ga Mesu ni natte Kaette kuru Hanashi | 失踪的伯爵千金变成母猪而归的故事 [Chinese] [紫藤汉化组],[芝生ケーキ] 失踪した伯爵令嬢がメスになって帰ってくる話 [中国翻訳],Shissou shita Hakushaku Reijou ga Mesu ni natte Kaette kuru Hanashi | 失踪的伯爵千金变成母猪而归的故事,"translated, chinese",shibahu cake,,doujinshi,original,,"squirting, big breasts, mmf threesome, group, nakadashi, ahegao, anal, x-ray, double penetration, gokkun, rape, blowjob, sole female, anal intercourse",36,2026-09-01 21:59:24,2026-09-01 21:59:24,2026-09-05 00:22:46
677545,[白魚京] あの時僕らが遅れたら  (アークナイツ:エンドフィールド) [Chinese] [紫藤汉化组],,あの時僕らが遅れたら,"translated, chinese",shirauokei,,doujinshi,arknights endfield,yvonne,"elf, mmf threesome, group, nakadashi, rape, sole female, horns, tail",16,2026-09-01 22:02:41,2026-09-01 22:02:41,2026-09-05 00:22:58
677546,[Space Crayon (Hisany)] Tea Party ga Ecchi na Gal ni Nacchatta!? | 茶话会成员突然间变成了色情辣妹团体!? (Blue Archive) [Chinese] [欶澜汉化组] [Digital],[宇宙クレヨン (ひさにぃ)] ティーパーティーがえっちなギャルになっちゃった!? (ブルーアーカイブ) [中国翻訳] [DL版],Tea Party ga Ecchi na Gal ni Nacchatta!? | 茶话会成员突然间变成了色情辣妹团体!?,"translated, chinese",hisany,,doujinshi,blue archive,"mika misono, nagisa kirifuji, sensei, seia yurizono","group, schoolgirl uniform, harem, tanlines, gyaru, sole male, kemonomimi, very long hair, halo",35,2026-09-01 22:04:54,2026-09-01 22:04:54,2026-09-05 00:23:09
677547,[Miraosu] Mei TSF (Pokémon Black 2 and White 2),[みらおす] メイ TSF (ポケットモンスター ブラック２・ホワイト２),Mei TSF,"translated, chinese",miraosu,,doujinshi,pokemon,rosa,"transformation, females only, yuri, full color, incest, daughter, gender bender, twintails, no penetration, hair buns, gender morph, rough translation, nipple stimulation",5,2026-09-01 22:05:32,2026-09-01 22:05:32,2026-09-05 00:23:20
677548,[MASHIRA-DOU (Mashiraga Aki)] Fuyu Nabe 4 [Chinese][Temp個人翻譯][Digital],[ましら堂 (猿駕アキ)] 冬鍋 4 [中国翻訳] [DL版],Fuyu Nabe 4,"translated, chinese",mashiraga aki,mashira dou,doujinshi,original,,"kissing, swimsuit, spanking, netorare, nakadashi, ahegao, dark skin, gyaru-oh, multi-work series, drugs, dilf, blackmail, blowjob, muscle, pixie cut, nipple stimulation, ball caressing",42,2026-09-01 22:08:17,2026-09-01 22:08:17,2026-09-05 00:23:31
677549,[ひなえろん] 正义的英雄 强力女侠2  [ai翻译 ai修复 ai嵌字],[ひなえろん] 正義のヒーローマイティウーマン2,正义的英雄 强力女侠2,"translated, chinese",,hinaeron,manga,,,"big breasts, big nipples, group, ahegao, ryona, asphyxiation, monster, x-ray, multi-work series, mind break, mosaic censorship, rape, leotard, muscle, big penis, tentacles, stomach deformation, domination loss, rough translation",56,2026-09-01 22:11:56,2026-09-01 22:11:56,2026-09-05 00:23:43
677550,(FF47) [MILKBOX]  Choro Sugiru Monshu-sama   (Blue Archive) [Chinese] [Decensored],(FF47) [MILKBOX] チョロすぎる門主様 (ブルーアーカイブ) [中国語] [無修正],Choro Sugiru Monshu-sama,chinese,milkbox,,doujinshi,blue archive,"sensei, kisaki ryuuge","uncensored, sole female, sole male, hair buns, halo",22,2026-09-01 22:13:37,2026-09-01 22:13:37,2026-09-05 00:23:54
677551,[ShiBoo! (Ixy)] Mahou Shoujo Haiboku Jitsugen Iinkai (Blue Archive) [Chinese] [紫藤汉化组] [Digital],[ShiBoo! (Ixy)] 魔法少女敗北実現委員会 (ブルーアーカイブ) [中国翻訳] [DL版],Mahou Shoujo Haiboku Jitsugen Iinkai,"translated, chinese",ixy,,doujinshi,blue archive,"reisa uzawa, suzumi morizuki","magical girl, octopus, tentacles, halo",30,2026-09-01 22:15:43,2026-09-01 22:15:43,2026-09-05 00:24:05
677552,(C82) [Shinobi Rocket (Sasamashin)] The Longest Day MARCH (Smile Precure!) [English] [SCANMTL],(C82) [シノビロケット (ササマシン)] The Longest Day MARCH (スマイルプリキュア!) [英訳],The Longest Day MARCH,"english, translated",sasamashin,shinobi rocket,doujinshi,smile precure,"cure beauty, cure march","scanmark, lolicon, tentacles, rough translation",22,2026-09-01 22:20:18,2026-09-01 22:20:18,2026-09-05 00:24:17
677553,[Gakuranman] Teiki Tenken | 上门维修[Chinese中文] [MMYAYA],,Teiki Tenken | 上门维修,chinese,,gakuranman,doujinshi,original,,"giant, masturbation, males only, yaoi, miniguy, muscle",41,2026-09-01 22:22:45,2026-09-01 22:22:45,2026-09-05 00:24:28
677554,The Mage's Daily Investigation (SCANMTL),[來自異世界的魔導士惑莉 (澄泱)] 魔導士的日常考察 [中国語],The Mage's Daily Investigation,"english, translated",,,doujinshi,original,,"slime, scanmark, mosaic censorship, tentacles, sole female, vtuber, rough translation",12,2026-09-01 22:23:49,2026-09-01 22:23:49,2026-09-05 00:24:39
677555,[ひなえろん] 正义英雄·强力女侠3  [ai翻译 ai修复 ai嵌字],[ひなえろん] 正義のヒーローマイティウーマン3 [DL版],正义英雄·强力女侠3,"translated, chinese",,hinaeron,manga,,,"futanari, handjob, nakadashi, ryona, femdom, multi-work series, tall girl, mosaic censorship, leotard, muscle, blindfold, collar, dickgirl on dickgirl, dickgirls only, leash, tail, rough translation, smalldom, full-packaged futanari, futanarization",65,2026-09-01 22:27:50,2026-09-01 22:27:50,2026-09-05 00:24:50
677556,The Hungry Succubus's Food Hunt (SCANMTL),[來自異世界的魔導士惑莉 (澄泱)] 飢餓魅魔覓食記 [中国語],The Hungry Succubus's Food Hunt,"english, translated",,,doujinshi,original,,"wings, scanmark, demon girl, mosaic censorship, horns, tail, vtuber, rough translation",14,2026-09-01 22:28:58,2026-09-01 22:28:58,2026-09-05 00:25:01
677557,"[Red JunkBox (EKOR)] Kemomimi Happening | 兽耳娘的意外 (Shirakami Fubuki, Ookami Mio) [Chinese] [coko的个人渣翻]  [Digital]",[Red JunkBox (EKOR)] ケモミミハプニング (白上フブキ、大神ミオ) [中国翻訳] [DL版],Kemomimi Happening | 兽耳娘的意外,"translated, chinese",ekor,,doujinshi,hololive,"ookami mio, shirakami fubuki","futanari, handjob, pregnant, schoolgirl uniform, nakadashi, wolf girl, impregnation, blowjob, fox girl, dickgirl on dickgirl, dickgirls only, kemonomimi, tail, vtuber, rough translation, futanarization",26,2026-09-01 22:30:47,2026-09-01 22:30:47,2026-09-05 00:25:13
677558,[Black Lacquer (Kuro_urushi)] Torokeru Kamigakushi - THE ENCHANTING ABDUCTION. [English] [SCANMTL] [Digital],[Black Lacquer (黒漆)] 蕩ける神隠し [英訳] [DL版],Torokeru Kamigakushi - THE ENCHANTING ABDUCTION.,"english, translated",kuro urushi,black lacquer,doujinshi,original,,"unusual pupils, cunnilingus, females only, schoolgirl uniform, living clothes, snake girl, scanmark, bondage, yuri, latex, multi-work series, long tongue, bodysuit, tentacles, exposed clothing, rough translation",40,2026-09-01 22:33:17,2026-09-01 22:33:17,2026-09-05 00:25:24
677559,[Chococornet (tenro aya)] Dungeon&Tentacles (Chinese),[天路あや] 蠢く触手の地下迷宮 (Chinese),Dungeon&Tentacles,"translated, chinese",tenro aya,chococornet,manga,,,"big breasts, living clothes, stockings, tentacles, crotch tattoo, nipple stimulation",25,2026-09-01 22:35:19,2026-09-01 22:35:19,2026-09-05 00:25:35
677560,[Kuzure Sou (roripedon)] Kei-chan ga Jinkaku Haisetsu Shichau Hon (Blue Archive) [English] [SCANMTL] [Digital],[くずれ荘 (ロリペドン)] ケイちゃんが人格排泄しちゃう本 (ブルーアーカイブ) [英訳] [DL版],Kei-chan ga Jinkaku Haisetsu Shichau Hon,"english, translated","ale, roripedon",kuzure sou,doujinshi,blue archive,"sensei, kei tendou","enema, scanmark, lolicon, sole female, very long hair, personality excretion, rough translation, halo",26,2026-09-01 22:40:26,2026-09-01 22:40:26,2026-09-05 00:25:46
677561,"[Hokoriya-san (Okurahokori)] Sensei no Onaho de, Ii yo | It's Fine to use Sensei's Masturbation Toy (Blue Archive) [English] [SCANMTL] [Digital]",[ほこり屋さん (おくらほこり)] 先生のオナホで、いいよ (ブルーアーカイブ) [英訳] [DL版],"Sensei no Onaho de, Ii yo | It's Fine to use Sensei's Masturbation Toy","english, translated",okurahokori,hokoriya-san,doujinshi,blue archive,"kayoko onikata, sensei","squirting, wings, scanmark, hairy, sole female, sole male, horns, rough translation, halo",57,2026-09-01 22:44:17,2026-09-01 22:44:17,2026-09-05 00:25:58
677562,[Kyuuhouin (Kipple Skillyspike)] Baikaen Himitsu no Oyuugikai (Blue Archive) [Digital] (SCANMTL),[救萌院 (Kipple Skillyspike)] 梅花園ヒミツのお遊戯会 (ブルーアーカイブ) [DL版],Baikaen Himitsu no Oyuugikai,"english, translated",,,doujinshi,blue archive,shun sunohara,"swimsuit, unusual pupils, dog, bestiality, nakadashi, scanmark, bikini, lolicon, inflation, drugs, stockings, collar, kemonomimi, cumflation, rough translation, halo",20,2026-09-01 22:48:19,2026-09-01 22:48:19,2026-09-05 00:26:09
677563,(COMIC1☆28) [65535th Avenue. (Akahito)] Isekai Ecchi na Omise Gaiden -Shinjin Boukensha no Junan Goblin no Doukutsu Hen- [Chinese] [紫藤汉化组],(COMIC1☆28) [65535あべぬー。 (赤人)] 異世界えっちなお店外伝-新人冒険者の受難・ゴブリンの洞窟編- [中国翻訳],Isekai Ecchi na Omise Gaiden -Shinjin Boukensha no Junan Goblin no Doukutsu Hen-,"translated, chinese",akahito,65535th avenue,doujinshi,original,,"handjob, big breasts, triple penetration, mmf threesome, group, goblin, urination, breast feeding, nakadashi, ahegao, defloration, multi-work series, double penetration, cum bath, small breasts, paizuri, bukkake, rape, blowjob, big penis, deepthroat, crying, nipple stimulation, gang rape, multiple pairings",54,2026-09-01 22:57:54,2026-09-01 22:57:54,2026-09-05 00:26:20
677564,"[nikukyu (Shinima)] Kono Heroine, Makemasu. | This Heroine will Lose. [English] [SCANMTL] [Digital]",[nikukyu (しにま)] このヒロイン、負けます。 [英訳] [DL版],"Kono Heroine, Makemasu. | This Heroine will Lose.","english, translated",shinima,nikukyu,doujinshi,original,,"schoolgirl uniform, nakadashi, scanmark, hairy, x-ray, stockings, impregnation, blowjob, twintails, rough translation",35,2026-09-01 23:00:29,2026-09-01 23:00:29,2026-09-05 00:26:31
677565,[Alpha0 (riru.)] OOKAMISM [Digital],[Alpha0 (りる。)] OOKAMISM [DL版],OOKAMISM,japanese,fenrir,,doujinshi,original,,"swimsuit, pregnant, glasses, urination, nakadashi, wolf girl, lolicon, blowjob, kemonomimi, tail, anal intercourse",18,2026-09-01 23:01:44,2026-09-01 23:01:44,2026-09-05 00:26:42
677566,"(Sensei, Nagoya demo Ganbatte Ikimashou! 5) [Tsukuten (Madoka Tsukumo)] Maid Made Married (Blue Archive) [English]",(先生、名古屋でも頑張っていきましょう!5) [つくてん (円つくも)] Maid Made Married (ブルーアーカイブ) [英訳],Maid Made Married,"english, translated",madoka tsukumo,tsukuten,doujinshi,blue archive,"alice tendou, sensei, kei tendou","maid, garter belt, group, ffm threesome, lolicon, stockings, sole male, very long hair, rough translation, halo",37,2026-09-01 23:08:54,2026-09-01 23:08:54,2026-09-05 00:26:53
677567,[Dokutsu ika] Aku no shinryakusha VS saikyou no mahou shoujo [Digital],[洞窟イカ] 悪の侵略者VS最強の魔法少女 [DL版],Aku no shinryakusha VS saikyou no mahou shoujo,japanese,doukutsu ika,,doujinshi,original,,"futanari, big breasts, balljob, dickgirl on dickgirl, dickgirl on female",33,2026-09-01 23:11:09,2026-09-01 23:11:09,2026-09-05 00:27:05
677568,kairaku kinnyuu 〜 kariru hodo、 motto kimoti yoku〜,快楽金融 〜借りるほど、もっとキモチよく〜,kairaku kinnyuu 〜 kariru hodo、 motto kimoti yoku〜,"translated, chinese",bose,bose no doujin manga kenkyuujo,doujinshi,original,,"big breasts, femdom, stockings, chinese dress, rough translation",58,2026-09-01 23:14:55,2026-09-01 23:14:55,2026-09-05 00:27:16
677569,"[Azarashi no Otoshimono (Marumai)] Bakunyuu na Rikujoubu no Kanojo, Senpai ni wa Sakaraemasen | 爆乳田径部女友，没法反抗前辈 [Chinese] [space6ar] [Digital]",[あざらしの落とし物 (まるまい)] 爆乳な陸上部の彼女、先輩には逆らえません [中国翻訳] [DL版],"Bakunyuu na Rikujoubu no Kanojo, Senpai ni wa Sakaraemasen | 爆乳田径部女友，没法反抗前辈","translated, chinese",marumai,,doujinshi,original,,"squirting, kissing, big breasts, gymshorts, netorare, big ass, schoolgirl uniform, urination, nakadashi, ahegao, huge breasts, sex toys, dark skin, x-ray, gyaru-oh, defloration, big areolae, paizuri, gokkun, fingering, mosaic censorship, bloomers, blackmail, blowjob, muscle, sole female, sole male, ponytail, nipple stimulation",58,2026-09-01 23:18:32,2026-09-01 23:18:32,2026-09-05 00:27:27
677570,"[Azarashi no Otoshimono (Marumai)] Bakunyuu na Rikujoubu no Kanojo, Senpai ni wa Sakaraemasen | 爆乳田径部女友，没法反抗前辈 [Chinese] [space6ar] [Digital]",[あざらしの落とし物 (まるまい)] 爆乳な陸上部の彼女、先輩には逆らえません [中国翻訳] [DL版],"Bakunyuu na Rikujoubu no Kanojo, Senpai ni wa Sakaraemasen | 爆乳田径部女友，没法反抗前辈","translated, chinese",marumai,,doujinshi,original,,"squirting, kissing, big breasts, gymshorts, netorare, big ass, schoolgirl uniform, urination, nakadashi, ahegao, huge breasts, sex toys, dark skin, x-ray, gyaru-oh, defloration, big areolae, paizuri, gokkun, fingering, mosaic censorship, bloomers, blackmail, blowjob, muscle, sole female, sole male, ponytail, nipple stimulation",58,2026-09-01 23:22:14,2026-09-01 23:22:14,2026-09-05 00:27:38
677571,[Kataku no Hito (Muso)] Himitsu no futanari massaji salon [Digital],[火宅の人 (無相)] 秘密のふたなりマッサージサロン [DL版],Himitsu no futanari massaji salon,japanese,musou,,doujinshi,original,,"futanari, big breasts, onahole, urethra insertion, ahegao, sex toys",24,2026-09-01 23:23:55,2026-09-01 23:23:55,2026-09-05 00:27:49
677572,[Kaishinya (Kajiking)] Godou Kazusa Inmon o Kizamareru 3 [Digital],[会心屋 (家事王)] 護堂一冴 淫紋を刻まれる3 [DL版],Godou Kazusa Inmon o Kizamareru 3,japanese,kajiking,,doujinshi,original,,"big breasts, multi-work series, bodysuit, possession, bukkake, tentacles, crotch tattoo, nipple stimulation",49,2026-09-01 23:27:01,2026-09-01 23:27:01,2026-09-05 00:28:00
677573,[AnotherStory] Kishi to Shite…… [Chinese] [KH san] [Digital],[AnotherStory] 騎士として…… [中国翻訳] [DL版],Kishi to Shite……,"translated, chinese",,another story,doujinshi,original,,"squirting, handjob, kissing, big breasts, mmf threesome, group, big ass, double blowjob, breast feeding, nakadashi, ahegao, anal, blowjob face, harem, x-ray, double penetration, stockings, fingering, bukkake, blowjob, big penis, shotacon, sole female, kemonomimi, eye-covering bang, anal intercourse, clit stimulation, smalldom, nipple stimulation, gang rape",30,2026-09-01 23:32:34,2026-09-01 23:32:34,2026-09-05 00:28:11
677574,[Tetsunohiji] Tsuyosa demo... Ero demo makeru [Digital],[てつのひじ] 強さでも・・・エロでも負ける [DL版],Tsuyosa demo... Ero demo makeru,japanese,tetsunohiji,,doujinshi,original,,"big breasts, strap-on, yuri",68,2026-09-01 23:36:54,2026-09-01 23:36:54,2026-09-05 00:28:22
677575,[Ochinko Ryozanpaku (Roshiko)] Kyou koso ketchaku o tsukemashou! [Digital],[オチンコ梁山泊 (ロシコ)] 今日こそ決着をつけましょう！  [DL版],Kyou koso ketchaku o tsukemashou!,japanese,,,doujinshi,honkai star rail,"black swan, the dahlia","futanari, big breasts, sole female, sole dickgirl, dickgirl on female",23,2026-09-01 23:38:27,2026-09-01 23:38:27,2026-09-05 00:28:34
677576,[Sudoo Kaoru] Spirited Away With a Carnivorous Girl (L -Ladies & Girls Love- 03)[Chinese],[すどおかおる] 肉食少女と神隠し (L -Ladies & Girls Love- 03)[残月个人机翻汉化】,Spirited Away With a Carnivorous Girl,"translated, chinese",sudoo kaoru,,doujinshi,original,,"kissing, cunnilingus, females only, schoolgirl uniform, yuri, rough translation",25,2026-09-01 23:40:21,2026-09-01 23:40:21,2026-09-05 00:28:45
677577,[Blue Bean (Kaname Aomame)] C2lemon@Delivery3 (Code Geass: Lelouch of the Rebellion) [Digital],[ぶるーびーん (要青豆)] C2lemon@Delivery3 (コードギアス 反逆のルルーシュ) [DL版],C2lemon@Delivery3,japanese,kaname aomame,blue bean,doujinshi,code geass,"c.c., sakuya sumeragi","milf, big breasts, mmf threesome, group, double blowjob, nakadashi, dark skin, double penetration, bukkake, mosaic censorship, ponytail, twintails, very long hair",30,2026-09-01 23:42:34,2026-09-01 23:42:34,2026-09-05 00:28:56
677578,[Hitokado] Ginga hikari hime rumina isei hito dabada no shinryaku [Digital],[碑戸角] 銀河光姫ルミナ 異星人ダバダの侵略 [DL版],Ginga hikari hime rumina isei hito dabada no shinryaku,japanese,,hitokado,doujinshi,ultraman,,"futanari, small breasts, full-packaged futanari, futanarization",24,2026-09-01 23:44:19,2026-09-01 23:44:19,2026-09-05 00:29:07
677579,[左藤空気] C108新刊折本『Vパンの切れはし2026なつ』全体公開,[左藤空気] C108新刊折本『Vパンの切れはし2026なつ』全体公開,C108新刊折本『Vパンの切れはし2026なつ』全体公開,japanese,satou kuuki,,doujinshi,meitantei precure,cure eclair,"big breasts, corruption",8,2026-09-01 23:45:00,2026-09-01 23:45:00,2026-09-05 00:29:18
677580,[Grand lemon (Tonari)] Youjo Senpai (23) [Digital],[Grand lemon (隣)] 幼女先輩(23) [DL版],Youjo Senpai,japanese,tonari,grand lemon,doujinshi,original,,"spanking, pregnant, nakadashi, lolicon, multi-work series, diaper, impregnation, sole female, sole male, twintails, omorashi, very long hair",54,2026-09-01 23:54:45,2026-09-01 23:54:45,2026-09-05 00:29:30
677581,[Echizen Bugyousho (Aramaki Echizen)] nagisa no invitation  (Blue Archive) [Digital],[越前奉行所 (荒巻越前)] ナギサのinvitation (ブルーアーカイブ) [DL版],nagisa no invitation,japanese,aramaki echizen,echizen bugyousho,doujinshi,blue archive,"nagisa kirifuji, sensei","wings, swimsuit, big areolae, sole female, sole male, ponytail, halo",30,2026-09-01 23:56:49,2026-09-01 23:56:49,2026-09-05 00:29:41
677582,[egyptsobaya (taikou)] TS Loli Babaa Monogatari 〜Onna no Ko no Kaikan Musabori Hen〜 [Digital],[エジプトそば屋 (タイコウ)] TSロリババア物語 〜女の子の快感むさぼり編〜 [DL版],TS Loli Babaa Monogatari 〜Onna no Ko no Kaikan Musabori Hen〜,japanese,taikou,egyptsobaya,doujinshi,original,,"group, anal, lolicon, full color, double penetration, gender bender, sole female",79,2026-09-02 00:11:17,2026-09-02 00:11:17,2026-09-05 00:29:52
677583,[Midorineko (Midori)] Watashi ga Ichiban Sensei o Sasaete Iru n desu kedo (Blue Archive) [Digital],[碧猫 (みどり)] 私が一番先生を支えているんですけど (ブルーアーカイブ) [DL版],Watashi ga Ichiban Sensei o Sasaete Iru n desu kedo,japanese,midori,midorineko,doujinshi,blue archive,"yuuka hayase, noa ushio, sensei, kei tendou","group, nakadashi, harem, sole male, very long hair, halo",28,2026-09-02 00:13:14,2026-09-02 00:13:14,2026-09-05 00:30:03
677584,[NNL (Mary-san)] Ayane to Zenra Pool Biraki (Blue Archive) [Digital],[NNL (メリサン)] アヤネと全裸プールびらき (ブルーアーカイブ) [DL版],Ayane to Zenra Pool Biraki,japanese,mary-san,nnl,doujinshi,blue archive,"ayane okusora, sensei","handjob, kissing, big breasts, glasses, x-ray, sole female, sole male, halo, swimming pool",37,2026-09-02 00:15:45,2026-09-02 00:15:45,2026-09-05 00:30:14
677585,[Kawaraya-Koubou (Kawaraya)] Namashio Tadareta Shuukan (Blue Archive) [Digital],[瓦屋工房 (瓦爺)] なましお爛れ週間  (ブルーアーカイブ) [DL版],Namashio Tadareta Shuukan,japanese,kawaraya,kawaraya-koubou,doujinshi,blue archive,"noa ushio, sensei","big breasts, cheating, sole female, sole male, ponytail, very long hair, halo",31,2026-09-02 00:17:54,2026-09-02 00:17:54,2026-09-05 00:30:25
677586,"[Dinosaur House (Kaidiu, noukatu, Nakamoto Hyouri)] Nukiuchi Test to Hoshuu no Seika (Blue Archive) [Digital]",[だいなそ～ハウス (かいぢう、中本ひょうり)] ヌキ打ちテストと補習の性果 (ブルーアーカイブ) [DL版],Nukiuchi Test to Hoshuu no Seika,japanese,"kaidiu, nakamoto hyori",dinosaur house,doujinshi,blue archive,"koharu shimoe, sensei","wings, nakadashi, bondage, lolicon, x-ray, blowjob, shibari, sole female, sole male, goudoushi, very long hair, halo",29,2026-09-02 00:23:12,2026-09-02 00:23:12,2026-09-05 00:30:37
677587,[Dinosaur House (Nakamoto Hyouri)] Buruaka no Chicchai Ko no Ecchi na Illustration Book Nakamoto FANBOX Ver. (Blue Archive) [Digital],[だいなそ～ハウス (中本ひょうり)] ブルアカのちっちゃい子のえっちなイラスト本 中本 FANBOX Ver. (ブルーアーカイブ) [DL版],Buruaka no Chicchai Ko no Ecchi na Illustration Book Nakamoto FANBOX Ver.,japanese,nakamoto hyori,dinosaur house,doujinshi,blue archive,"midori saiba, momoi saiba, yuzu hanaoka, sensei, michiru chidori","nakadashi, sex toys, lolicon, halo",21,2026-09-02 00:27:02,2026-09-02 00:27:02,2026-09-05 00:30:48
677588,[Aida. (Shimajirou)] [WEB sairoku] Yafu-hon 2018~2020 (Touken Ranbu) [Digital],[間。 (嶋次郎)] 【WEB再録】薬不本2018～2020 (刀剣乱舞) [DL版],Yafu-hon 2018~2020,japanese,shimajirou,aida.,doujinshi,touken ranbu,"yagen toushirou, fudou yukimitsu","anal, males only, yaoi, soushuuhen, anal intercourse",158,2026-09-02 00:36:02,2026-09-02 00:36:02,2026-09-05 00:30:59
677589,[Amagami Honpo (Manno)] Nijigen Otaku no Ore ga Tenkou Shite Kita Kyonyuu Idol ni Otosareru made - A 2D Otaku Falls for the Curvy Idol Transfer Student [Digital],[甘噛本舗 (まんの)] 二次元オタクの俺が転校してきた巨乳アイドルに堕とされるまで [DL版],Nijigen Otaku no Ore ga Tenkou Shite Kita Kyonyuu Idol ni Otosareru made - A 2D Otaku Falls for the Curvy Idol Transfer Student,japanese,manno,amagami honpo,doujinshi,original,,"kissing, big breasts, cunnilingus, big ass, schoolgirl uniform, facesitting, nakadashi, ahegao, x-ray, big areolae, gyaru, sole female, sole male, twintails, very long hair, painted nails",59,2026-09-02 00:39:45,2026-09-02 00:39:45,2026-09-05 00:31:10
677590,[Erimaki kenkyuusho] Anata no nioi ga kieru made [Digital],[エリマキ研究所] 貴女の匂いが消えるまで [DL版],Anata no nioi ga kieru made,japanese,chlamydo,,doujinshi,original,,"cunnilingus, demon girl, yuri, shared senses, mind break, tentacles",43,2026-09-02 00:42:52,2026-09-02 00:42:52,2026-09-05 00:31:21
677591,[yukio] 愛する女性をオークに奪われた話,[yukio] 愛する女性をオークに奪われた話,愛する女性をオークに奪われた話,english,yukio,,doujinshi,original,,"big breasts, monster, full color, sole female, sole male, horns, vaginal birth",5,2026-09-02 00:43:28,2026-09-02 00:43:28,2026-09-05 00:31:33
677592,[Erimaki kenkyuusho] Akirameru made wa maketenai [Digital],[エリマキ研究所] 諦めるまでは負けてない [DL版],Akirameru made wa maketenai,japanese,chlamydo,,doujinshi,original,,"demon girl, tentacles",39,2026-09-02 00:46:08,2026-09-02 00:46:08,2026-09-05 00:31:44
677593,[Ocha Shigure] Tsurupeta futanari musume aruto zoku zoku zoku [Digital],[お茶時雨] つるぺたふたなり娘アルト続々々々 [DL版],Tsurupeta futanari musume aruto zoku zoku zoku,japanese,ocha shigure,,doujinshi,original,,"futanari, bondage, tentacles, horns",59,2026-09-02 00:50:00,2026-09-02 00:50:00,2026-09-05 00:31:55
677594,"[Chococornet (tenro aya)] I'm in the middle of a quest, but I've gotten stuck in a wall of flesh (Chinese)",[天路あや] クエストの途中ですが 肉壁にハマりました (Chinese),"I'm in the middle of a quest, but I've gotten stuck in a wall of flesh","translated, chinese",tenro aya,chococornet,manga,,,"big breasts, pregnant, anal, thigh high boots, stuck in wall, tentacles",22,2026-09-02 00:51:42,2026-09-02 00:51:42,2026-09-05 00:32:06
677595,[Shikkokudou (Ugo no Akita)] Kyori-kan ga okashii o-sana najimi,[しっこく堂 (うごのあきた)] 距離感がおかしいおさななじみ,Kyori-kan ga okashii o-sana najimi,japanese,ugo no akita,,doujinshi,original,,"swimsuit, schoolboy uniform, schoolgirl uniform, urination, sole female, sole male, twintails, omorashi, no penetration",34,2026-09-02 00:53:59,2026-09-02 00:53:59,2026-09-05 00:32:17
677596,[OrangeMaru (YD)] Seijo no Inori wa Todokanai - The Saint's Prayer Goes Unheard | 圣女的祈祷未能传达 [Chinese] [COW个人汉化] [Digital],[OrangeMaru (YD)] 聖女の祈りは届かない [中国翻訳] [DL版],Seijo no Inori wa Todokanai - The Saint's Prayer Goes Unheard | 圣女的祈祷未能传达,"translated, chinese",yd,orangemaru,doujinshi,original,,"handjob, kissing, leg lock, big breasts, nun, corruption, cunnilingus, mmf threesome, group, goblin, breast feeding, nakadashi, ahegao, anal, blowjob face, monster, x-ray, mind control, double penetration, paizuri, bukkake, mind break, rape, leotard, parasite, impregnation, blowjob, muscle, big penis, stomach deformation, deepthroat, crotch tattoo, anal intercourse, cockslapping, smalldom, nipple stimulation, high heels, gang rape",72,2026-09-02 01:07:24,2026-09-02 01:07:24,2026-09-05 00:32:29
677597,[NikomiC Ramen (Nichijou)] Kei-chan  kuchi Ecchi  Hon (Blue Archive) [Digital],[NikomiC Ramen (日常)] ケイちゃんお口えっち本 (ブルーアーカイブ) [DL版],Kei-chan  kuchi Ecchi  Hon,japanese,nichijou,nikomic ramen,doujinshi,blue archive,"sensei, kei tendou","lolicon, blowjob, sole female, sole male, very long hair, focus blowjob, halo",6,2026-09-02 01:08:48,2026-09-02 01:08:48,2026-09-05 00:32:40
677598,[Aga Marino] Gal Dakumi ~Iede Shojo to no Hamemakuri Dousei Sex~ 21-29,[阿賀まりの] ギャルだくみ〜家出処女とのハメまくり同棲セックス〜 21-29,Gal Dakumi ~Iede Shojo to no Hamemakuri Dousei Sex~ 21-29,japanese,kuroda shohei,,manga,,,"big breasts, swimsuit, story arc, masturbation, schoolgirl uniform, sex toys, bikini, multi-work series, gyaru, mosaic censorship",251,2026-09-02 01:25:21,2026-09-02 01:25:21,2026-09-05 00:32:51
677599,[Shikkokudou (Ugo no Akita)] Kyoo kimi to sekkusu suru,[しっこく堂 (うごのあきた)] 今日キミとセックスする,Kyoo kimi to sekkusu suru,japanese,ugo no akita,,doujinshi,original,,schoolgirl uniform,46,2026-09-02 01:28:32,2026-09-02 01:28:32,2026-09-05 00:33:02
677600,"[Kakuzatou (Various)] ZenZero Icha Love Ero Goudou ""ZenEro"" Vol.3 (Zenless Zone Zero) [Digital]",[角砂糖 (よろず)] ゼンゼロイチャラブエロ合同「ゼンエロ」Vol.3 (ゼンレスゾーンゼロ) [DL版],"ZenZero Icha Love Ero Goudou ""ZenEro"" Vol.3",japanese,"ekakibit, kikunosukemaru, takaharu, nakamura regura, 92m, siseki hirame, danimaru, nakamura rohane, homina mia, sukoyakagumi",kakuzatou,doujinshi,zenless zone zero,cissia,"big breasts, goudoushi",68,2026-09-02 01:33:13,2026-09-02 01:33:13,2026-09-05 00:33:15
677601,"[Kakuzatou (Various)] ZenZero Icha Love Ero Goudou ""ZenEro"" Vol.3 | 绝区零恩恩爱爱色情合同「绝蜜色情」Vol.3 (Zenless Zone Zero) [Chinese] [欶澜汉化组] [Digital]",[角砂糖 (よろず)] ゼンゼロイチャラブエロ合同「ゼンエロ」Vol.3 (ゼンレスゾーンゼロ) [中国翻訳] [DL版],"ZenZero Icha Love Ero Goudou ""ZenEro"" Vol.3 | 绝区零恩恩爱爱色情合同「绝蜜色情」Vol.3","translated, chinese","ekakibit, kikunosukemaru, takaharu, nakamura regura, 92m, siseki hirame, danimaru, nakamura rohane, homina mia, sukoyakagumi",kakuzatou,doujinshi,zenless zone zero,"grace howard, evelyn chevalier, astra yao, vivian banshee, alice thymefield, yidhari murphy, ye shunguang, cissia, promeia, velina airgid","big breasts, breast feeding, nakadashi, ffm threesome, bondage, x-ray, lactation, stockings, pantyhose, paizuri, blowjob, clothed paizuri, kemonomimi, tail, goudoushi",69,2026-09-02 01:37:43,2026-09-02 01:37:43,2026-09-05 00:33:26
677602,COMIC GEE vol.40,COMIC GEE vol.40,COMIC GEE vol.40,japanese,"abe inori, titiduki, katou an, shiworiita, moegi oji-san",,manga,,,"milf, big breasts, group, anthology, nakadashi, ahegao, huge breasts, ffm threesome, femdom, crossdressing, foot licking, yuri, x-ray, stockings, tomgirl, blowjob, oyakodon",112,2026-09-02 01:45:10,2026-09-02 01:45:10,2026-09-05 00:33:37
677603,[Strekoza (Arakige Tanji)] Bakunyuu Shimai ni Oshiekomu,[ストレコ座 (荒木出丹治)] 爆乳姉妹に教えこむ,Bakunyuu Shimai ni Oshiekomu,japanese,arakige tanji,strekoza,doujinshi,original,,"squirting, handjob, kissing, big breasts, cunnilingus, group, glasses, big ass, schoolgirl uniform, facesitting, nakadashi, tutor, anal, ffm threesome, hairy, multiple paizuri, defloration, bunny girl, stockings, pantyhose, paizuri, filming, ball sucking, blowjob, sole male, bisexual, bald, ponytail, fishnets, shimaidon, very long hair, multimouth blowjob, eye-covering bang, anal intercourse, high heels, ball caressing",224,2026-09-02 01:59:15,2026-09-02 01:59:15,2026-09-05 00:33:48
677604,[Fuka Fuka (Sekiya Asami)] Piyopiyo Akuma [Digital],[不可不可 (関谷あさみ)] ぴよぴよ悪魔 [DL版],Piyopiyo Akuma,japanese,sekiya asami,fuka fuka,doujinshi,original,,"sex toys, lolicon, multi-work series, demon, blindfold, sole female, sole male",58,2026-09-02 02:03:00,2026-09-02 02:03:00,2026-09-05 00:34:00
677605,[ちぃずオレ] モモイ&ミドリ可哀想漫画(7P) (ブルーアーカイブ),[ちぃずオレ] モモイ&ミドリ可哀想漫画(7P) (ブルーアーカイブ),モモイ&ミドリ可哀想漫画,japanese,chiizu ore,,doujinshi,blue archive,"midori saiba, momoi saiba","pregnant, netorare, lolicon, mind break, rape, impregnation, halo",7,2026-09-02 02:04:40,2026-09-02 02:04:40,2026-09-05 00:34:11
677606,[ちぃずオレ] 柚鳥ナツ可哀想漫画 (ブルーアーカイブ),[ちぃずオレ] 柚鳥ナツ可哀想漫画 (ブルーアーカイブ),柚鳥ナツ可哀想漫画,japanese,chiizu ore,,doujinshi,blue archive,natsu yutori,"mmf threesome, group, netorare, gyaru-oh, mind break, rape, sole female, gang rape, halo",5,2026-09-02 02:05:58,2026-09-02 02:05:58,2026-09-05 00:34:23
677607,[ちぃずオレ] アオバ可哀想漫画 (ブルーアーカイブ),,アオバ可哀想漫画,japanese,chiizu ore,,doujinshi,blue archive,aoba utsumi,"pregnant, netorare, pantyhose, mind break, rape, impregnation, chikan, sole female, halo",14,2026-09-02 02:08:48,2026-09-02 02:08:48,2026-09-05 00:34:34
677608,[Oomaga no Mori (Sukezou)] Nangoku Nekomimi Shoujo to Ecchi Dekiru Shima [Chinese] [ฅ(⌯͒• ɪ •⌯͒)ฅ 軟萌獸譯] [Digital],[おおまがの森 (すけぞう)] 南国ネコ耳少女とえっちできる島 [中国翻訳] [DL版],Nangoku Nekomimi Shoujo to Ecchi Dekiru Shima,"translated, chinese",sukezou,,doujinshi,original,,"maid, group, nakadashi, dark skin, lolicon, x-ray, policewoman, full color, mosaic censorship, blowjob, catgirl, kemonomimi, tail, gloves",48,2026-09-02 02:18:23,2026-09-02 02:18:23,2026-09-05 00:34:45
677609,[Dark Chocolat (Sakura Shizuku)] Seishorigakari no Hoshikawa-san (Hoshikawa Sara) [Digital],[Dark Chocolat (乙桜しずく)] 性処理係の星川さん (星川サラ) [DL版],Seishorigakari no Hoshikawa-san,japanese,sizuku,dark chocolat,doujinshi,nijisanji,hoshikawa sara,"big breasts, nakadashi, x-ray, sole female, sole male, twintails, vtuber",19,2026-09-02 02:19:49,2026-09-02 02:19:49,2026-09-05 00:34:56
677610,[Uba Yoshiyuki] Momijigasa (COMIC HOTMILK 2025-6) [Chinese] [Digital] [Akiseherol个人汉化],[宇場義行] もみじがさ (コミックホットミルク 2025年6月号) [中国翻訳] [DL版],Momijigasa,"translated, chinese",uba yoshiyuki,,manga,,,,24,2026-09-02 02:21:33,2026-09-02 02:21:33,2026-09-05 00:35:08
677611,[TIES (Takei Ooki)] EXTRA!VOL.09 -Strategy Meeting!- (Bakemonogatari) [English] [XO Manga] [Digital],[TIES (タケイオーキ)] EXTRA!VOL.09 -作戦会議!- (化物語)  [英訳] [DL版],EXTRA!VOL.09 -Strategy Meeting!-,"english, translated",takei ooki,ties,doujinshi,bakemonogatari,"koyomi araragi, tsukihi araragi, karen araragi","group, schoolgirl uniform, ffm threesome, bondage, harem, sleeping, kimono, footjob, incest, paizuri, bukkake, sister, blowjob, sole male, shimaidon, rough translation",12,2026-09-02 02:24:28,2026-09-02 02:24:28,2026-09-05 00:35:19
677612,[Fangqiao Yepo] Fuji no Hana ga Saku made 3 - Until the Wisteria Blooms [Chinese] [Digital],[坊橋夜泊] 藤の花が咲くまで3 [中国翻訳] [DL版],Fuji no Hana ga Saku made 3 - Until the Wisteria Blooms,"translated, chinese",fangqiao yepo,,doujinshi,original,,"handjob, scar, big breasts, nakadashi, ahegao, anal, x-ray, footjob, multi-work series, blood, stockings, lingerie, sole female, sole male, gloves, apparel bukkake, anal intercourse, transparent clothing, extraneous ads",52,2026-09-02 02:28:07,2026-09-02 02:28:07,2026-09-05 00:35:30
677613,[Nikonikounagi] Boku to Onee-san Natsuyasumi ni H na Jiyuu Kenkyuu | 我和大姊姊在暑假做的色色的自由研究 [Chinese] [漢化組漢化組],[にこにこうなぎ] ぼくとお姉さん 夏休みにHな自由研究 [中国翻訳] [DL版],Boku to Onee-san Natsuyasumi ni H na Jiyuu Kenkyuu | 我和大姊姊在暑假做的色色的自由研究,"translated, chinese",,,doujinshi,original,,"handjob, virginity, big breasts, breast feeding, condom, nakadashi, paizuri, shotacon, sole female, sole male",46,2026-09-02 02:37:47,2026-09-02 02:37:47,2026-09-05 00:35:41
677614,[Manga Kissa Seto (Seto Ryoko)] Oji-san no Oyome-san ni Naritai,[漫画喫茶瀬戸 (瀬戸涼子)] 叔父さんのお嫁さんになりたい,Oji-san no Oyome-san ni Naritai,japanese,seto ryouko,manga kissa seto,doujinshi,original,,"glasses, low lolicon, niece, lolicon, defloration, incest, fingering, sole female, sole male, twintails",122,2026-09-02 03:00:35,2026-09-02 03:00:35,2026-09-05 00:35:52
677615,[RK-2] Tomodachi no Mama ga Boku no Dekachin de Ikimakutta Natsumatsuri [Chinese],[RK-2] 友達のママが僕のデカチンでイキまくった夏祭り [中国翻訳],Tomodachi no Mama ga Boku no Dekachin de Ikimakutta Natsumatsuri,"translated, chinese",,rk-2,doujinshi,original,,"squirting, milf, big breasts, unusual pupils, cunnilingus, nakadashi, kimono, x-ray, multi-work series, gokkun, mosaic censorship, blowjob, sole female, sole male, omorashi, eye-covering bang, nipple stimulation, extraneous ads",58,2026-09-02 03:04:31,2026-09-02 03:04:31,2026-09-05 00:36:04
677616,(Kouroumu 11) [Unmei no Ikasumi (Harusame)] Watashi no Sunny Berceuse (Touhou Project) [Chinese] [蓬莱汉化组],(紅楼夢11) [運命のイカスミ (春雨)] わたしのサニーベルスーズ (東方Project) [中国翻訳],Watashi no Sunny Berceuse,"translated, chinese",harusame,unmei no ikasumi,doujinshi,touhou project,"youmu konpaku, lunasa prismriver","futanari, handjob, breast feeding, nakadashi, blowjob, eye-covering bang, ball caressing, full-packaged futanari, dickgirl on female",23,2026-09-02 03:06:15,2026-09-02 03:06:15,2026-09-05 00:36:15
677617,[Ochaduke (Baret)] Utsurogari Akuochi Kaizou Keikaku (Zenless Zone Zero) [English] [SCANMTL] [Digital],[おちゃづけ (バレット)] 虚狩り悪堕ち改造計画 (ゼンレスゾーンゼロ) [英訳] [DL版],Utsurogari Akuochi Kaizou Keikaku,"english, translated",baret,ochaduke,doujinshi,zenless zone zero,miyabi hoshimi,"big breasts, corruption, machine, body modification, nakadashi, scanmark, brain fuck, x-ray, mind control, multi-work series, breast expansion, mind break, blowjob, tentacles, crotch tattoo, kemonomimi, very long hair, rough translation, nipple stimulation",30,2026-09-02 03:08:24,2026-09-02 03:08:24,2026-09-05 00:36:26
677618,[あむりた帝国 (あむりた)] 自認’普通’なデカ乳ド陰キャJ◯のマゾ雌がなっが〜いチンポで終了るまで♡[Chinese] [紫藤汉化组] [DL版],[あむりた帝国 (あむりた)] 自認’普通’なデカ乳ド陰キャJ◯のマゾ雌がなっが〜いチンポで終了るまで♡ [中国翻訳] [DL版],自認’普通’なデカ乳ド陰キャJ◯のマゾ雌がなっが〜いチンポで終了るまで♡,"translated, chinese",amrita,amuricha,doujinshi,original,,"big breasts, humiliation, schoolgirl uniform, coach, nakadashi, ahegao, anal, masked face, stockings, rimjob, paizuri, fingering, filming, teacher, dilf, impregnation, inverted nipples, blowjob, big penis, bbm, deepthroat, sole female, sole male, hidden sex, mouth mask, anal intercourse, school gym uniform",87,2026-09-02 03:14:07,2026-09-02 03:14:07,2026-09-05 00:36:37
677619,[TIES (Takei Ooki)] Nadeko Delivery (Bakemonogatari) [English] [XO Manga] [Digital],[TIES (タケイオーキ)] なでこデリバリー (化物語) [英訳] [DL版],Nadeko Delivery,"english, translated",takei ooki,ties,doujinshi,bakemonogatari,"koyomi araragi, nadeko sengoku","nakadashi, bukkake, phone sex, sole female, sole male, rough translation",12,2026-09-02 03:15:16,2026-09-02 03:15:16,2026-09-05 00:36:48
677620,[TIES (Takei Ooki)] Futago Neet Imouto wa Seiyoku Tsuyome [Digital] [English] [XO Manga],[TIES (タケイオーキ)] 双子ニート妹は性欲強め [DL版],Futago Neet Imouto wa Seiyoku Tsuyome,"english, translated",takei ooki,ties,doujinshi,original,,"twins, group, schoolgirl uniform, ffm threesome, harem, defloration, incest, stockings, sister, blowjob, sole male, twintails, shimaidon, very long hair, multimouth blowjob, rough translation",32,2026-09-02 03:21:00,2026-09-02 03:21:00,2026-09-05 00:37:00
677621,【ピクルス定食 (きむち)】今日はアイツが便番【chinese】【男男菊花香汉化】,【ピクルス定食 (きむち)】今日はアイツが便番,【ピクルス定食 (きむち)】今日はアイツが便番【chinese】【男男菊花香汉化】,chinese,kimuti,pickled teishoku,doujinshi,original,,"sweating, kissing, group, anal, blowjob face, males only, yaoi, blowjob, muscle, shaved head, beauty mark, anal intercourse",32,2026-09-02 03:23:12,2026-09-02 03:23:12,2026-09-05 00:37:11
677622,[ties (takei ooki)] Imouto Succubu [Digital] [English] [XO Manga],[TIES (タケイオーキ)] 妹サキュバス [英訳] [DL版],Imouto Succubu,"english, translated",takei ooki,ties,doujinshi,original,,"schoolgirl uniform, nakadashi, demon girl, defloration, incest, stockings, sister, blowjob, sole female, sole male, horns, tail, rough translation",32,2026-09-02 03:29:12,2026-09-02 03:29:12,2026-09-05 00:37:22
677623,[TIES (Takei Ooki)] Imouto ga Netori Play o Sasete kuru [Digital] [English] [XO Manga],[TIES (タケイオーキ)] 妹が寝取りプレイをさせてくる [英訳] [DL版],Imouto ga Netori Play o Sasete kuru,"english, translated",takei ooki,ties,doujinshi,original,,"schoolgirl uniform, nakadashi, incest, sister, blowjob, sole female, sole male, very long hair, rough translation",28,2026-09-02 03:34:30,2026-09-02 03:34:30,2026-09-05 00:37:33
677624,東方ふたなりクソ雑魚おちんぽ合同誌（上巻）,(例大祭23) [ぬいぐるみやさん (よろず)] 東方ふたなりクソ雑魚おちんぽ合同誌 上巻 (東方Project),東方ふたなりクソ雑魚おちんぽ合同誌（上巻）,japanese,,nuigurumiya-san,doujinshi,touhou project,,"futanari, big breasts, big penis, goudoushi",291,2026-09-02 03:51:52,2026-09-02 03:51:52,2026-09-05 00:37:44
677625,[Ochaduke (Baret)] Utsurogari Akuochi Kaizou Keikaku 2 ~Akuochi no Rensa~ (Zenless Zone Zero) [English] [SCANMTL] [Digital],[おちゃづけ (バレット)] 虚狩り悪堕ち改造計画2 ～悪堕ちの連鎖～ (ゼンレスゾーンゼロ) [英訳] [DL版],Utsurogari Akuochi Kaizou Keikaku 2 ~Akuochi no Rensa~,"english, translated",baret,ochaduke,doujinshi,zenless zone zero,"soukaku, yanagi tsukishiro, miyabi hoshimi","futanari, oni, big breasts, corruption, glasses, scanmark, latex, mind control, multi-work series, stockings, crotch tattoo, kemonomimi, very long hair, rough translation, full-packaged futanari, dickgirl on female, futanarization",42,2026-09-02 03:54:49,2026-09-02 03:54:49,2026-09-05 00:37:55
677626,[Kaokuba (Shinyashiki)] Furuhonya  no  Kusse   Gishi to to Chichikuri Au Hanashi  [Digital],[家屋場 (新屋敷)] 古本屋のくっせぇ義姉と乳繰り合う話  [DL版],Furuhonya  no  Kusse   Gishi to to Chichikuri Au Hanashi,japanese,shinyashiki,"kaokuba, home wrecker",doujinshi,original,,"inseki, big breasts, incest, apron, paizuri, smell, smegma, sister, blowjob, shotacon, sole female, sole male",69,2026-09-02 04:08:04,2026-09-02 04:08:04,2026-09-05 00:38:07
677627,[Imasori Dondai (Us Them)] Koakuma ojousama no mazo ganbou (SCANMTL),[イマソリドンダイ (あすぜむ)] 小悪魔お嬢様のマゾ願望,Koakuma ojousama no mazo ganbou,"english, translated",us them,imasori dondai,doujinshi,original,,"bdsm, gag, glasses, enema, ryona, scanmark, bondage, hairy, big areolae, small breasts, shibari, sole female, sole male, very long hair, rough translation",56,2026-09-02 04:11:47,2026-09-02 04:11:47,2026-09-05 00:38:18
677628,[裏垢 (urak18)] 残酷格差NTR2 地獄のリゾートバイト ボクがコキ使われる横で猛毒を流し込まれる爆乳幼馴染,[裏垢 (urak18)] 残酷格差NTR2 地獄のリゾートバイト ボクがコキ使われる横で猛毒を流し込まれる爆乳幼馴染,残酷格差NTR2 地獄のリゾートバイト ボクがコキ使われる横で猛毒を流し込まれる爆乳幼馴染,japanese,uraaka 18,uraaka,doujinshi,original,,"maid, big breasts, humiliation, netorare, moral degeneration, femdom, dark skin, gyaru-oh, multi-work series, bunny girl, stockings, gyaru, mosaic censorship, twintails, gloves, nipple stimulation",63,2026-09-02 04:15:53,2026-09-02 04:15:53,2026-09-05 00:38:29
677629,[Sanshikisumire (Molgen)] Mazoku Reijou to Maid-san - Toiki Kasanaru Irozuku Hi - Demon Lily and the Noir -Maid When Colors Bloom- | The Demon Lord's Daughter and Her Maid - Days That Blossom as Their Breaths Mingle (Mazoku Reijou to Maid-san no 30-nichi)  [English] [SCANMTL]   [Digital],[さんしきすみれ (モルゲン)] 魔族令嬢とメイドさん - 吐息重なる色づく日 (魔族令嬢とメイドさんの30日) [英訳]  [DL版],Mazoku Reijou to Maid-san - Toiki Kasanaru Irozuku Hi - Demon Lily and the Noir -Maid When Colors Bloom- | The Demon Lord's Daughter and Her Maid - Days That Blossom as Their Breaths Mingle,"english, translated",molgen,sanshikisumire,doujinshi,original,,"maid, big breasts, females only, scanmark, demon girl, yuri, horns, tail, rough translation",33,2026-09-02 04:18:10,2026-09-02 04:18:10,2026-09-05 00:38:40
677630,[10scana (あすと)] リムライト (Paradox Live) [Digital],[10scana (あすと)] リムライト (パラライ) [DL版],リムライト,japanese,,,doujinshi,paradox live,,"kissing, nakadashi, anal, males only, yaoi, anal intercourse",33,2026-09-02 04:20:18,2026-09-02 04:20:18,2026-09-05 00:38:51
677631,tukamatte iru sakyubasu wo o tintin de izime tara houhuku sa re ta o hanasi,捕まっているサキュバスをオチンチンでいじめたら報復されたお話,tukamatte iru sakyubasu wo o tintin de izime tara houhuku sa re ta o hanasi,"translated, chinese",dendou monaka,permission,doujinshi,original,,"snuff, nakadashi, absorption, femdom, bondage, demon girl, lolicon, x-ray, incest, age progression, rape, impregnation, daughter, collar, shotacon, horns, tail, domination loss, eye-covering bang, smalldom, kodomo doushi",35,2026-09-02 04:27:18,2026-09-02 04:27:18,2026-09-05 00:39:03
677632,[Warabi Mochi Seisakujo (Koudera Sachi)] Boku no Kanojo wa Moto Kare Kuzu Otoko no Onaho deshita [Digital],[わらび餅製作所 (香寺幸)] 僕の彼女は元カレクズ男のオナホでした [DL版],Boku no Kanojo wa Moto Kare Kuzu Otoko no Onaho deshita,japanese,,warabi mochi seisakujo,doujinshi,original,,"big breasts, mmf threesome, group, netorare, cheating, gyaru-oh, filming, mosaic censorship, blindfold",58,2026-09-02 04:31:03,2026-09-02 04:31:03,2026-09-05 00:39:14
677633,[Permission] Futanari Tenshi ga Succubus ni Jikakyousei Sareru Ohanashi [English] [SCANMTL],[ぱ～みっしょん] ふたなり天使がサキュバスに自家受精されるお話 [英訳],Futanari Tenshi ga Succubus ni Jikakyousei Sareru Ohanashi,"english, translated",,permission,doujinshi,original,,"futanari, nakadashi, scanmark, demon girl, angel, mosaic censorship, impregnation, tentacles, sole dickgirl, rough translation, full-packaged futanari",22,2026-09-02 04:32:46,2026-09-02 04:32:46,2026-09-05 00:39:25
677634,kiken tiku tatiiri kinsi〜 seigi no mikata ha buzama ni otiru〜 zenpenn,危険地区立入禁止〜正義の味方は無様に堕ちる〜前編,kiken tiku tatiiri kinsi〜 seigi no mikata ha buzama ni otiru〜 zenpenn,"translated, chinese",,seiheki master,doujinshi,original,,"handjob, milf, kissing, big breasts, group, prostitution, huge breasts, ffm threesome, femdom, full color, multi-work series, sumata, rape, shotacon, sole male, small penis, makeup, gloves, no penetration, rough translation",62,2026-09-02 04:44:31,2026-09-02 04:44:31,2026-09-05 00:39:36
677635,[Ijou Sentakubyori (Kashou)] Futanari Oni VS Umi Kamisama [English] [SCANMTL] [Digital],[異常洗濯日和 (仮晶)] ふたなり鬼VS海神様 [英訳] [DL版],Futanari Oni VS Umi Kamisama,"english, translated",kashou,,doujinshi,original,,"futanari, oni, big breasts, swimsuit, scanmark, bondage, bikini, tentacles, dark sclera, horns, rough translation, painted nails, futanarization, beach",40,2026-09-02 04:47:19,2026-09-02 04:47:19,2026-09-05 00:39:48
677636,[TKSpower (Zekkyo)]  Otona no Maigo Center  [Digital],[TKSpower (ぜっきょ)] 大人の迷子センター [DL版],Otona no Maigo Center,japanese,zekkyosyu,tkspower,doujinshi,original,,"big breasts, glasses, netorare, cheating, schoolgirl uniform, sole female",41,2026-09-02 04:50:04,2026-09-02 04:50:04,2026-09-05 00:39:59
677637,[10scana (あすと)] ERROR LOG (Psycho Pass) [Digital],[10scana (あすと)] ERROR LOG (PSYCHO-PASS サイコパス) [DL版],ERROR LOG,japanese,,,doujinshi,psycho-pass,,"males only, yaoi",33,2026-09-02 04:52:18,2026-09-02 04:52:18,2026-09-05 00:40:10
677638,kiken tiku tatiiri kinsi〜 seigi no mikata ha buzama ni otiru〜 kouhenn,危険地区立入禁止〜正義の味方は無様に堕ちる〜後編,kiken tiku tatiiri kinsi〜 seigi no mikata ha buzama ni otiru〜 kouhenn,"translated, chinese",,seiheki master,doujinshi,original,,"milf, kissing, big breasts, big lips, pegging, strap-on, cunnilingus, group, urination, ahegao, anal, sex toys, ffm threesome, femdom, x-ray, full color, multi-work series, mind break, rape, cbt, piss drinking, shotacon, slave, sole male, anal intercourse, rough translation, lipstick mark",69,2026-09-02 05:04:50,2026-09-02 05:04:50,2026-09-05 00:40:21
677639,[Neko no Tawagoto (Neko no Mantis)] Taimamiko Kanna Futanari Sakusei Haiboku Hen SideM [English] [SCANMTL] [Digital],[ネコノタワゴト (ネコノマンテス)] 退魔巫女カンナ フタナリ搾精敗北篇sideM [英訳] [DL版],Taimamiko Kanna Futanari Sakusei Haiboku Hen SideM,"english, translated",neko no mantis,neko no tawagoto,doujinshi,original,,"futanari, big breasts, corruption, miko, monster girl, group, femdom, scanmark, bondage, mother, fft threesome, multi-work series, incest, stockings, paizuri, leotard, fox girl, tentacles, kemonomimi, rough translation, full-packaged futanari, dickgirl on female, futanarization",36,2026-09-02 05:12:00,2026-09-02 05:12:00,2026-09-05 00:40:32
677640,[Yabitsutouge (Ootori Mahiro)] Lotion 3P M Seikan de Ikasaretai Hitozuma no Hanashi,[弥美津峠 (鳳まひろ)] ローション3p M性感でイかされたい人妻の話,Lotion 3P M Seikan de Ikasaretai Hitozuma no Hanashi,japanese,ootori mahiro,yabitsutouge,doujinshi,original,,"milf, big breasts, group, ffm threesome, bondage, oil, multi-work series, stockings, mosaic censorship, blindfold, sole male, bathing room",35,2026-09-02 05:14:30,2026-09-02 05:14:30,2026-09-05 00:40:43
677641,[Aoi Hoshi ni Umareta Dark Angel (Sabajiba Gonhachirou)] L-Cup no Wolf Cut Muhyoujyou Seishori Maid Tsubaki-san,[青い星に生まれたダークエンジェル (鯖磁場権八朗)] Lカップのウルフカット無表情性処理メイド ツバキさん,L-Cup no Wolf Cut Muhyoujyou Seishori Maid Tsubaki-san,japanese,sabaziba gonpachiro,aoi hoshi ni umareta dark angel,doujinshi,original,,"maid, big breasts, emotionless sex, big ass, bikini, x-ray, paizuri, bloomers, big penis, sole female, sole male, beauty mark",30,2026-09-02 05:16:41,2026-09-02 05:16:41,2026-09-05 00:40:54
677642,[Takoukan (Takonero)] Matching Shita Toshiue Onee-san ni Oshioki Sareru Hanashi,[多幸館 (たこねる)] マッチングした年上お姉さんにお仕置きされる話,Matching Shita Toshiue Onee-san ni Oshioki Sareru Hanashi,japanese,takoneru,,doujinshi,original,,"handjob, bdsm, big breasts, chastity belt, torture, pegging, strap-on, facesitting, anal, sex toys, femdom, bondage, latex, pillory, tall girl, shibari, sole female, sole male, clothed female nude male, gloves, multiple orgasms, nipple stimulation",58,2026-09-02 05:20:17,2026-09-02 05:20:17,2026-09-05 00:41:05
677643,[10scana (あすと)] 赫奕とペトリコール (BANANA FISH) [Digital],[10scana (あすと)] 赫奕とペトリコール (BANANA FISH) [DL版],赫奕とペトリコール,japanese,,,doujinshi,banana fish,,"anal, males only, yaoi, very long hair, anal intercourse",26,2026-09-02 05:22:10,2026-09-02 05:22:10,2026-09-05 00:41:17
677644,[Miike Kei] Soredemo Ashita mo Kareshi ga ii - Chapter 1-15 (English),[御池慧] それでも明日も彼氏がいい,Soredemo Ashita mo Kareshi ga ii - Chapter 1-15,"english, translated",miike kei,,manga,,,"kissing, group, full censorship, netorare, story arc, footjob, multi-work series, apron, swinging, fingering, blowjob",369,2026-09-02 05:44:53,2026-09-02 05:44:53,2026-09-05 00:41:28
677645,[Tenkirin (Kanroame)] Sonna Ai nara Iranai 3 ~ Alice Nanka ja Nai no ni Tonari no Onii-san ga Alice tte Yonde kite Nanka Kowai~ | 那样的爱我才不想要呢～明明我的名字又不是爱丽丝可隔壁的大哥哥却这么叫我我感觉这样子好吓人啊～3 [Chinese] [白杨汉化组] [Digital],[天気輪 (甘露アメ)] そんな愛ならいらない3～アリスなんかじゃないのに隣のお兄さんがアリスってよんできてなんか怖い～ [中国翻訳] [DL版],Sonna Ai nara Iranai 3 ~ Alice Nanka ja Nai no ni Tonari no Onii-san ga Alice tte Yonde kite Nanka Kowai~ | 那样的爱我才不想要呢～明明我的名字又不是爱丽丝可隔壁的大哥哥却这么叫我我感觉这样子好吓人啊～3,"translated, chinese",kanroame,tenkirin,doujinshi,original,,"schoolgirl uniform, lolicon, x-ray, multi-work series, yandere, sole female, sole male, very long hair",81,2026-09-02 06:00:37,2026-09-02 06:00:37,2026-09-05 00:41:39
677646,[Seisui BAR] Raden-chan no Shunga Taiken (Hololive),[聖水BAR] らでんちゃんの春画体験♡ (ホロライブ),Raden-chan no Shunga Taiken,japanese,,seisui bar,doujinshi,hololive,juufuutei raden,"big breasts, nakadashi, muscle, sole female, sole male, vtuber",7,2026-09-02 06:01:24,2026-09-02 06:01:24,2026-09-05 00:41:50
677647,[Chococornet (tenro aya)] CHRONICLE Vol.7+EXTRA (Add pen Ver)(Chinese),[天路あや] CHRONICLE 加筆漫畫 Vol.7+EXTRA (Chinese),CHRONICLE Vol.7+EXTRA,"translated, chinese",tenro aya,chococornet,manga,,,"tanlines, tentacles",20,2026-09-02 06:02:54,2026-09-02 06:02:54,2026-09-05 00:42:01
677648,Tensei Shitara Dosukebe Osu Elf ga Erosugite Homo ni Naru Hanashi,転生したらドスケベオスエルフがエロすぎてホモになる話,Tensei Shitara Dosukebe Osu Elf ga Erosugite Homo ni Naru Hanashi,"english, translated",pepe,,doujinshi,original,,"elf, kissing, nakadashi, dark skin, males only, yaoi, rimjob, tomgirl, mmm threesome, anal intercourse, rough translation",54,2026-09-02 06:06:15,2026-09-02 06:06:15,2026-09-05 00:42:13
677649,[Sugar Junkie (Osatou)] Sexy Onee-chan na Furishite Hazukashigariya de oro oro na Nekomata-san no Hon (Nekomata Okayu) [Digital],[しゅがーじゃんきー (osatou)] せくしーお姉ちゃんなフリして恥ずかしがりやでおろおろなネコマタさんの本 (猫又おかゆ) [DL版],Sexy Onee-chan na Furishite Hazukashigariya de oro oro na Nekomata-san no Hon,japanese,osatou,sugar junkie,doujinshi,hololive,nekomata okayu,"big breasts, swimsuit, nakadashi, bikini, full color, mosaic censorship, collar, catgirl, shotacon, sole female, sole male, kemonomimi, tail, vtuber",14,2026-09-02 06:07:26,2026-09-02 06:07:26,2026-09-05 00:42:24
677650,"[はるばる (ハルジオン)] You love me, don't you!? (Ensemble Stars！) [Digital]",[はるばる (ハルジオン)] 斑はんわしのこと好きなんちゃうん！？ (あんさんぶるスターズ！) [DL版],"You love me, don't you!?",japanese,,,doujinshi,ensemble stars,"kohaku oukawa, madara mikejima","males only, yaoi",42,2026-09-02 06:10:16,2026-09-02 06:10:16,2026-09-05 00:42:36
677651,[はるばる (ハルジオン)] 君とはじめてのメイクラブ (Ensemble Stars！) [Digital],[はるばる (ハルジオン)] 君とはじめてのメイクラブ (あんさんぶるスターズ！) [DL版],君とはじめてのメイクラブ,japanese,,,doujinshi,ensemble stars,"kohaku oukawa, madara mikejima","kimono, males only, yaoi",35,2026-09-02 06:12:46,2026-09-02 06:12:46,2026-09-05 00:42:47
677652,[はるばる (HARUZION)] Into The Night (Ensemble Stars！) [Digital],[はるばる (ハルジオン)] Into The Night (あんさんぶるスターズ！) [DL版],Into The Night,japanese,,,doujinshi,ensemble stars,"kohaku oukawa, madara mikejima","males only, yaoi",24,2026-09-02 06:14:20,2026-09-02 06:14:20,2026-09-05 00:42:58
677653,(C108) [CHRONOLOG (Sakurazawa Izumi)] Itoshi no Naedoko,(C108) [CHRONOLOG (桜沢いづみ)] いとしのなえどこ,Itoshi no Naedoko,japanese,sakurazawa izumi,chronolog,doujinshi,original,,"elf, lolicon, tentacles",30,2026-09-02 06:20:08,2026-09-02 06:20:08,2026-09-05 00:43:10
677654,[Renji Renji (Noveji Kazuwo)] Shikijou Sekka (Yukihana Lamy) [Digital],[れんじれんじ (ノベジカズヲ)] 色情雪花 (雪花ラミィ) [DL版],Shikijou Sekka,japanese,nobeji kazuwo,,doujinshi,hololive,yukihana lamy,"elf, big breasts, big nipples, nakadashi, ahegao, huge breasts, big areolae, big penis, sole female, sole male, vtuber, very long hair",30,2026-09-02 06:22:15,2026-09-02 06:22:15,2026-09-05 00:43:21
677655,[Wakusei Bold (Sabon)] Unakiri Mizugi Challenge [Digital],[ワクセイボールド (さぼん)] ウナきり水着チャレンジ [DL版],Unakiri Mizugi Challenge,japanese,sabo,,doujinshi,original,,"big breasts, females only, glasses, huge breasts, yuri, full color, big areolae, lactation",19,2026-09-02 06:23:42,2026-09-02 06:23:42,2026-09-05 00:43:32
677656,[Buta Musha (Inobuta)] Dark Elf wa Aragaenai [Chinese] [b196af] [Digital],[猪武者 (猪豚)] ダークエルフは抗えない [中国翻訳] [DL版],Dark Elf wa Aragaenai,"translated, chinese",inobuta,shishimusha,doujinshi,original,,"squirting, elf, kissing, big breasts, nakadashi, anal, bondage, dark skin, x-ray, fingering, rape, blowjob, muscle, big penis, sole female, sole male, bald, anal intercourse",35,2026-09-02 06:30:20,2026-09-02 06:30:20,2026-09-05 00:43:43
677657,[Aoyagi Kabota] Netorase Play Nanase Hikari no Baai,[青柳カボた] 寝取らせプレイ 七瀬ヒカリの場合,Netorase Play Nanase Hikari no Baai,japanese,aoyagi kabota,,doujinshi,original,,"sweating, big breasts, netorare, nakadashi, gyaru-oh, muscle, sole female, netorase",25,2026-09-02 06:32:01,2026-09-02 06:32:01,2026-09-05 00:43:54
677658,(C88) [12KAFFEINS (Shidaka Akikuni)] LET'S GO TO THE SEA WITH TIFA (Final Fantasy VII) [English],(C88) [12KAFFEINS (しだかあきくに)] LET'S GO TO THE SEA WITH TIFA (ファイナルファンタジーVII) [英訳],LET'S GO TO THE SEA WITH TIFA,"english, translated",shidaka akikuni,12kaffeins,doujinshi,final fantasy vii,tifa lockhart,"big breasts, swimsuit, full censorship, hairy, bikini, sole male, very long hair",31,2026-09-02 06:34:10,2026-09-02 06:34:10,2026-09-05 00:44:05
677659,[Takatsuki Aoi] Chinpo nya! (Yanineko) [Digital],[たかつきあおぃ] チンポにゃ！ (ヤニねこ) [DL版],Chinpo nya!,japanese,,,doujinshi,yanineko,,"futanari, big breasts, nakadashi, mosaic censorship, big penis, catgirl, kemonomimi, tail, full-packaged futanari, dickgirl on female",12,2026-09-02 06:35:10,2026-09-02 06:35:10,2026-09-05 00:44:17
677660,[Kawaiso Nanoha Nukeru (Nukeru)] Kowareta Asuna 2 (Blue Archive)   [Digital],[かわいそうなのは抜ける (ヌケル)] 壊れたアスナ2 (ブルーアーカイブ)  [DL版],Kowareta Asuna 2,japanese,nukeru,kawaiso nanoha nukeru,doujinshi,blue archive,asuna ichinose,"big breasts, group, netorare, multi-work series, sole female, eye-covering bang, halo",34,2026-09-02 06:37:30,2026-09-02 06:37:30,2026-09-05 00:44:28
677661,[Monaka Udon (Monikano)] Stocking-chan no Kousoku Waidan Reviewers (Panty & Stocking with Garterbelt) [Digital],[もなかうどん (モニカノ)] ストッキングちゃんの拘束猥談レビュアーズ  (パンティ&ストッキングwithガーターベルト) [DL版],Stocking-chan no Kousoku Waidan Reviewers,japanese,monikano,monaka udon,doujinshi,panty and stocking with garterbelt,stocking anarchy,"sex toys, bondage, full color, tentacles, nipple stimulation",20,2026-09-02 06:38:59,2026-09-02 06:38:59,2026-09-05 00:44:39
677662,[Hadukitto! (Hadukinton)] Boku no Te no Hirade Korogashite? (Nekomata Okayu) [Digital],[はづきっと! (はづきんとん)] ボクを手のひらで転がして? (猫又おかゆ) [DL版],Boku no Te no Hirade Korogashite?,japanese,hadukinton,hadukitto,doujinshi,hololive,nekomata okayu,"big breasts, nakadashi, catgirl, sole female, sole male, kemonomimi, tail, vtuber",32,2026-09-02 06:41:08,2026-09-02 06:41:08,2026-09-05 00:44:50
677663,[kumasoraya (kumanosora)] Sensei no kotoga daisuki na Rio to onsenkoubi (Blue Archive) [Digital],[くまそら屋 (くまのそら)] 先生のことが大好きなリオと温泉交尾 (ブルーアーカイブ) [DL版],Sensei no kotoga daisuki na Rio to onsenkoubi,japanese,kumanosora,,doujinshi,blue archive,"sensei, rio tsukatsuki","big breasts, impregnation, inverted nipples, sole female, sole male, bald, very long hair, halo",27,2026-09-02 06:42:57,2026-09-02 06:42:57,2026-09-05 00:45:01
677664,[Nonogishiki (Nonogi Ougi)] Kouhai no Miku ni Asobareru Senpai no Miku-san | Senpai Miku-san is Being Toyed Around by Kouhai Miku-chan [VOCALOID] (English) (DeppoTL),[乃々木式 (乃々木扇)] 後輩のミクに遊ばれる先輩のミクさん (VOCALOID) [DL版],Kouhai no Miku ni Asobareru Senpai no Miku-san | Senpai Miku-san is Being Toyed Around by Kouhai Miku-chan,"english, translated","nonongi, nonogi",nonogishiki,doujinshi,vocaloid,"miku hatsune, teto kasane","squirting, futanari, big breasts, swimsuit, unusual pupils, shimapan, nakadashi, moral degeneration, ahegao, sex toys, femdom, bondage, bikini, yuri, x-ray, mind control, full color, stockings, small breasts, fingering, selfcest, sole dickgirl, twintails, drill hair, clone, very long hair, mesuiki, smalldom, nipple stimulation, detached sleeves, dickgirl on female",26,2026-09-02 06:44:53,2026-09-02 06:44:53,2026-09-05 00:45:13
677665,[Fantia] ariamaru bonno (どう考えてもセンター) - [後編]遺伝子授与,,ariamaru bonno (どう考えてもセンター) - [後編]遺伝子授与,japanese,,,doujinshi,original,,"prostate massage, nakadashi, anal, dark skin, yaoi, stockings, lingerie, tomgirl, big penis, bald, small penis, sketch lines, eye-covering bang, anal intercourse",73,2026-09-02 06:49:33,2026-09-02 06:49:33,2026-09-05 00:45:24
677666,[kumasoraya (kumanosora)] Sensei no kotoga daisuki na Rio to onsenkoubi | 和最喜欢老师的莉音一起温泉交尾 (Blue Archive) [Chinese] [小桃汉化组] [Digital],[くまそら屋 (くまのそら)] 先生のことが大好きなリオと温泉交尾 (ブルーアーカイブ) [中国翻訳] [DL版],Sensei no kotoga daisuki na Rio to onsenkoubi | 和最喜欢老师的莉音一起温泉交尾,"translated, chinese",kumanosora,,doujinshi,blue archive,"sensei, rio tsukatsuki","big breasts, big ass, nakadashi, ahegao, x-ray, impregnation, inverted nipples, sole female, sole male, bald, ponytail, very long hair, halo, onsen",25,2026-09-02 06:51:23,2026-09-02 06:51:23,2026-09-05 00:45:35
677667,(Seiinenn Komikku) [Otogirifua] Otona ga oshiete kureta koto Zennpenn 【Chinese】,(成年コミック) [おとぎりふあ] 大人が教えてくれたコト 前編【中文翻译】,Otona ga oshiete kureta koto Zennpenn 【Chinese】,"translated, chinese",otogiri fua,,doujinshi,original,,lolicon,25,2026-09-02 06:56:15,2026-09-02 06:56:15,2026-09-05 00:45:47
677668,[Kofficer] Yuuta Takatsuki 1,高槻 優太 1,Yuuta Takatsuki 1,english,,,doujinshi,original,,multi-work series,25,2026-09-02 06:58:04,2026-09-02 06:58:04,2026-09-05 00:45:58
677669,[KeinV] Takoku Goudou Chousa Team Inazuma | 多国联合调查队·稻妻  (Genshin Impact) [Chinese] [Decensored],[KeinV] 多国联合调查团·稻妻(原神) 1-2 [中国语] [無修正],Takoku Goudou Chousa Team Inazuma | 多国联合调查队·稻妻,chinese,maskwolf,,doujinshi,genshin impact,"aether, keqing, ganyu, raiden shogun, yae miko","big breasts, group, netorare, uncensored, kimono, full color, multiple pairings",20,2026-09-02 06:59:35,2026-09-02 06:59:35,2026-09-05 00:46:09
677670,[Arkqwerty] 星野监禁（R18-G,,星野监禁（R18-G,chinese,,,doujinshi,blue archive,"hoshino takanashi, sensei","femdom, lolicon, footjob, orgasm denial, guro, cbt, halo",32,2026-09-02 07:01:47,2026-09-02 07:01:47,2026-09-05 00:46:20
677671,[サモラメ] 流行！催○メスライド(小羌寶個人漢化),,流行！催○メスライド,"translated, chinese",samorame,,doujinshi,original,,"big breasts, big nipples, mind control, big areolae, shotacon, rough translation, smalldom, fanny packing",19,2026-09-02 07:05:59,2026-09-02 07:05:59,2026-09-05 00:46:32
677672,[Takeda Hiromitsu] Chadou Yamato Nadeshiko NTR(Female Perspective) P01~12,[武田弘光] 茶道大和撫子NTR(女性視点) P01~12,Chadou Yamato Nadeshiko NTR(Female Perspective) P01~12,japanese,takeda hiromitsu,,doujinshi,original,,"squirting, big breasts, netorare, kimono, full color, big penis, incomplete, sole female, sole male",24,2026-09-02 07:07:42,2026-09-02 07:07:42,2026-09-05 00:46:43
677673,催○アプリで！～変態校則でヤりたい放題の学校を作ってみた～【貉耳萌个人汉化】,[久丸一屋 (久丸一)] 催○アプリで！～変態校則でヤりたい放題の学校を作ってみた～  [中国翻訳],催○アプリで！～変態校則でヤりたい放題の学校を作ってみた～【貉耳萌个人汉化】,"translated, chinese",hisamaru hajime,hisamaru hajimeya,doujinshi,original,,"netorare, masturbation, schoolgirl uniform, nakadashi, ahegao, hairy, x-ray, mind control, blowjob, sole male, classroom",21,2026-09-02 07:09:15,2026-09-02 07:09:15,2026-09-05 00:46:54
677674,[Chinese][Male-Side Bamboo Shoot][HUNTER×HUNTER]4 PRINCE × 1 PRINCE No. 417.5 — REMINISCENCE,No.417.5 追憶,4 PRINCE × 1 PRINCE No. 417.5 — REMINISCENCE,"translated, chinese",,,doujinshi,hunter x hunter,,"males only, yaoi",16,2026-09-02 07:10:32,2026-09-02 07:10:32,2026-09-05 00:47:05
677675,[Japanese][Male-Side Bamboo Shoot][HUNTER×HUNTER]4 PRINCE × 1 PRINCE No. 417.5 — REMINISCENCE,No.417.5 追憶,4 PRINCE × 1 PRINCE No. 417.5 — REMINISCENCE,japanese,,,doujinshi,hunter x hunter,,"males only, yaoi",16,2026-09-02 07:11:49,2026-09-02 07:11:49,2026-09-05 00:47:17
677676,[Hijinzou (Waysin)] BAD ENDING [Digital],[非人造 (エイセイ)] BAD ENDING [DL版],BAD ENDING,japanese,waysin,hijinzou,doujinshi,original,,"futanari, transformation, big breasts, double anal, monster girl, group, frottage, anal, femdom, ttm threesome, tall girl, rape, tentacles, dickgirl on male, male on dickgirl, anal intercourse",72,2026-09-02 07:26:33,2026-09-02 07:26:33,2026-09-05 00:47:28
677677,[快活便太郎 (赤塚)] 被害者面の誘惑 (Blue Lock) [Digital],[快活便太郎 (赤塚)] 被害者面の誘惑 (ブルーロック) [DL版],被害者面の誘惑,japanese,,,doujinshi,blue lock,yoichi isagi,"glasses, anal, tracksuit, males only, yaoi, anal intercourse",19,2026-09-02 07:27:57,2026-09-02 07:27:57,2026-09-05 00:47:39
677678,[OrangeMaru (YD)] Seijo no Inori wa Todokanai - The Saint's Prayer Goes Unheard | 圣女的祈祷无法传达 [Chinese] [白杨汉化组] [Digital],[OrangeMaru (YD)] 聖女の祈りは届かない [中国翻訳] [DL版],Seijo no Inori wa Todokanai - The Saint's Prayer Goes Unheard | 圣女的祈祷无法传达,"translated, chinese",yd,orangemaru,doujinshi,original,,"handjob, kissing, leg lock, big breasts, nun, corruption, cunnilingus, group, goblin, nakadashi, anal, monster, mind control, double penetration, mind break, rape, parasite, muscle, deepthroat, crotch tattoo, cockslapping, smalldom, nipple stimulation, gang rape",73,2026-09-02 07:42:32,2026-09-02 07:42:32,2026-09-05 00:47:50
677679,(C107) [Takemura Saketen with Maichan Kikaku (Final)] Idol Ero Shintai Sokutei Sakurai Momoka Hen (THE IDOLM@STER CINDERELLA GIRLS),(C107) [タケムラ酒店 with まいちゃん企画 (Final)] アイドルえろ身体測定 櫻井桃華編 (アイドルマスター シンデレラガールズ),Idol Ero Shintai Sokutei Sakurai Momoka Hen,japanese,final,takemura saketen,doujinshi,the idolmaster,momoka sakurai,"lolicon, full color, out of order",9,2026-09-02 07:44:19,2026-09-02 07:44:19,2026-09-05 00:48:02
677680,[Gyozaya-san (Yunachi)] Umini Tokero Koe - Voices Lost to the Sea (Arknights) [English] [RagsSgar_Translations],[餃子屋さん (ゆなち)] 海に溶ける声 (アークナイツ) [DL版],Umini Tokero Koe - Voices Lost to the Sea,"english, translated",yunachi,,doujinshi,arknights,goldenglow,"cervix penetration, snuff, anal, hairy, monster, x-ray, blood, double penetration, lactation, stockings, rape, impregnation, catgirl, tentacles, eggs, stomach deformation, deepthroat, sole female, sole male, kemonomimi, tail, crying",42,2026-09-02 07:52:12,2026-09-02 07:52:12,2026-09-05 00:48:13
677681,[1102 (Ruka)] 我慢なんてできないの!! (Ensemble Stars!),[1102 (瑠夏)] 我慢なんてできないの!! (あんさんぶるスターズ！),我慢なんてできないの!!,japanese,ruka,1102,doujinshi,ensemble stars,"izumi sena, makoto yuuki","full censorship, glasses, masturbation, anal, males only, yaoi, blowjob, anal intercourse, school gym uniform",30,2026-09-02 07:54:39,2026-09-02 07:54:39,2026-09-05 00:48:24
677682,[パイオハサーム] NTR～不幸は新たな幸せの入り口～  [ai翻译 ai修复 ai嵌字],[パイオハサーム] NTR～不幸は新たな幸せの入り口～,NTR～不幸は新たな幸せの入り口～,"translated, chinese",,paiwohasa-mu,manga,,,"milf, pregnant, mmf threesome, group, netorare, anal, double penetration, mind break, rape, impregnation, blindfold, rough translation",52,2026-09-02 07:58:00,2026-09-02 07:58:00,2026-09-05 00:48:35
677683,[からめる。 (かるめら)] 注いで、溢れて、満たして (Disney: Twisted-Wonderland) [Digital],[からめる。 (かるめら)] 注いで、溢れて、満たして (ディズニー ツイステッドワンダーランド) [DL版],注いで、溢れて、満たして,japanese,,,doujinshi,disney twisted-wonderland,"silver, sebek zigvolt","anal, x-ray, males only, yaoi, anal intercourse",51,2026-09-02 08:01:18,2026-09-02 08:01:18,2026-09-05 00:48:46
677684,[1102 (Ruka)] I Love Yuukun (Ensemble Stars!),[1102 (瑠夏)] あいらぶゆうくん (あんさんぶるスターズ！),I Love Yuukun,japanese,ruka,1102,doujinshi,ensemble stars,"izumi sena, makoto yuuki","kissing, schoolboy uniform, full censorship, glasses, nakadashi, anal, males only, yaoi, blowjob, anal intercourse, nipple stimulation",34,2026-09-02 08:04:07,2026-09-02 08:04:07,2026-09-05 00:48:57
677685,[1102 (Ruka)] Sweet Juice. (Ensemble Stars!),[1102 (瑠夏)] あまいJuice. (あんさんぶるスターズ！),Sweet Juice.,japanese,ruka,1102,doujinshi,ensemble stars,"izumi sena, makoto yuuki","kissing, glasses, nakadashi, anal, males only, yaoi, blowjob, anal intercourse",49,2026-09-02 08:07:36,2026-09-02 08:07:36,2026-09-05 00:49:09
677686,[1102 (Ruka)] 泉さんが修学旅行におしかけて来た話。 (Ensemble Stars!),[1102 (瑠夏)] 泉さんが修学旅行におしかけて来た話。 (あんさんぶるスターズ！),泉さんが修学旅行におしかけて来た話。,japanese,ruka,1102,doujinshi,ensemble stars,"izumi sena, makoto yuuki","full censorship, glasses, nakadashi, anal, kimono, males only, yaoi, sumata, anal intercourse, nipple stimulation, sentou",40,2026-09-02 08:10:31,2026-09-02 08:10:31,2026-09-05 00:49:20
677687,[Hyouuma] Hoshino Kokoro 1-4 [English],,Hoshino Kokoro 1-4,"english, translated",hyouuma,,doujinshi,original,,"big breasts, double anal, netorare, uncensored, enema, schoolgirl uniform, urination, anal, sex toys, x-ray, full color, stockings, gaping, blackmail, blowjob, collar, bbm, piss drinking, sole female, bald, twintails, focus anal, anal intercourse, butt plug",19,2026-09-02 08:11:56,2026-09-02 08:11:56,2026-09-05 00:49:31
677688,[1102 (Ruka)] ママにはないしょ (Ensemble Stars!),[1102 (瑠夏)] ママにはないしょ (あんさんぶるスターズ！),ママにはないしょ,japanese,ruka,1102,doujinshi,ensemble stars,"izumi sena, makoto yuuki","glasses, masturbation, nakadashi, anal, males only, yaoi, anal intercourse",34,2026-09-02 08:14:20,2026-09-02 08:14:20,2026-09-05 00:49:42
677689,[1102 (Ruka)] Yuukun No Bouken (Ensemble Stars!),[1102 (瑠夏)] ゆうくんのぼうけん (あんさんぶるスターズ！),Yuukun No Bouken,japanese,ruka,1102,doujinshi,ensemble stars,"izumi sena, makoto yuuki","schoolboy uniform, nakadashi, anal, males only, yaoi, blowjob, anal intercourse",26,2026-09-02 08:16:22,2026-09-02 08:16:22,2026-09-05 00:49:53
677690,[Mature Goddess's Black Hole] もしカノ現実_REMU (東方Project),[Mature Goddess's Black Hole] もしカノ現実_REMU (東方Project),もしカノ現実_REMU,japanese,jyantaku,,doujinshi,touhou project,reimu hakurei,"kissing, big breasts, miko, nakadashi, x-ray, full color, big areolae, gaping, mosaic censorship, sole female, sole male, painted nails",17,2026-09-02 08:17:39,2026-09-02 08:17:39,2026-09-05 00:50:04
677691,[millisec1.618] オベイ:マルファンクションは想定内,[millisec1.618] オベイ:マルファンクションは想定内,オベイ:マルファンクションは想定内,japanese,nana chikebo,millisec1.618,doujinshi,original,,"sole female, sole male, gloves",17,2026-09-02 08:18:55,2026-09-02 08:18:55,2026-09-05 00:50:16
677692,[Chotto B-sen] Totsuzen Arawareta Ayashii Oba-san ga Boku-tachi no Hajimete no Aite [Full Color-ban] (Chinese),[ちょっとB専]【フルカラー版】突然現れた怪しいおばさんが僕たちの初めての相手 [中国翻訳] [DL版],Totsuzen Arawareta Ayashii Oba-san ga Boku-tachi no Hajimete no Aite,"translated, chinese",,chotto b-sen,doujinshi,original,,"milf, big breasts, mmf threesome, armpit sex, group, glasses, big ass, breast feeding, kimono, full color, mosaic censorship, blowjob, shotacon, sole female, shaved head, rough translation, smalldom",44,2026-09-02 08:21:39,2026-09-02 08:21:39,2026-09-05 00:50:27
677693,[Oekaki Kaki] Teisou Gyakuten Mono Yaoyorozu Hyaku no Baai Sono 2 (Boku no Hero Academia),貞操逆転物  八百万百の場合 その2,Teisou Gyakuten Mono Yaoyorozu Hyaku no Baai Sono 2,japanese,oekaki kaki,,doujinshi,my hero academia,"momo yaoyorozu, mei hatsume","big breasts, nakadashi, ahegao, x-ray, multi-work series, mosaic censorship, blowjob, big penis, sole male",26,2026-09-02 08:23:30,2026-09-02 08:23:30,2026-09-05 00:50:38
677694,[奥野オーク] 海の家アルバイトセックス,[奥野オーク] 海の家アルバイトセックス,海の家アルバイトセックス,japanese,,,doujinshi,original,,"big breasts, group, bald, ponytail",33,2026-09-02 08:38:26,2026-09-02 08:38:26,2026-09-05 00:50:49
677695,Kabetarou_羊ちゃんは襲われたい！~,[かべ太郎] 羊ちゃんは襲われたい！ (コミック エグゼ 73) [中国翻訳] [DL版],Kabetarou_羊ちゃんは襲われたい！~,"translated, chinese",kabe tarou,,manga,,,"full censorship, extraneous ads",37,2026-09-02 08:40:58,2026-09-02 08:40:58,2026-09-05 00:51:01
677696,[Flat River (Amano Miyako)] Fumizuki no Iya Shikata | 文月犒勞的方式 (Kantai Collection -KanColle-) [Chinese] [Digital],[Flat River (天野都)] ふみづきのいやしかた (艦隊これくしょん -艦これ-) [中国翻訳] [DL版],Fumizuki no Iya Shikata | 文月犒勞的方式,"translated, chinese",,flat river,doujinshi,kantai collection,fumizuki,"multi-work series, sole female, sole male, ponytail, extraneous ads",24,2026-09-02 08:42:55,2026-09-02 08:42:55,2026-09-05 00:51:12
677697,[MeichougiJuku (Tokiba)] Tensai Club Onaho-ka Keikaku (Honkai: Star Rail) [Chinese] [Digital],[鳴烏義塾 (ときば)] 天才クラブ征服計画 (崩壊:スターレイル) [中国翻訳] [DL版],Tensai Club Onaho-ka Keikaku,"translated, chinese",toki garasu,meichougijuku,doujinshi,honkai star rail,"ruan mei, the herta","pregnant, witch, group, ffm threesome, impregnation, sole male, extraneous ads",20,2026-09-02 08:44:26,2026-09-02 08:44:26,2026-09-05 00:51:23
677698,(Bokura no Love Live! 48) [Hashigo Shuzou (Kamono Hashigo)] Otomune Kozue no Seijijou | 乙宗梢的性愛故事 (Love Live! Hasunosora Jogakuin School Idol Club) [Chinese],(僕らのラブライブ!48) [ハシゴ酒造 (鴨野ハシゴ)] 乙宗梢の性事情 (ラブライブ!蓮ノ空女学院スクールアイドルクラブ) [中国翻訳],Otomune Kozue no Seijijou | 乙宗梢的性愛故事,"translated, chinese",zuikou kou,,doujinshi,love live hasunosora jogakuin school idol club,kozue otomune,"drunk, dilf, bbm, sole female, sole male, extraneous ads",24,2026-09-02 08:46:09,2026-09-02 08:46:09,2026-09-05 00:51:34
677699,[Ampullaria (ki-51)] Matsuri to Hamakaze to | 和浜風逛祭典 (Kantai Collection -KanColle-) [Chinese] [Digital],[アンプラリア (ki-51)] 祭りと浜風と (艦隊これくしょん-艦これ-) [中国翻訳] [DL版],Matsuri to Hamakaze to | 和浜風逛祭典,"translated, chinese",ki-51,ampullaria,doujinshi,kantai collection,"hamakaze, teitoku","big breasts, kimono, paizuri, sole female, sole male, eye-covering bang, extraneous ads",23,2026-09-02 08:47:47,2026-09-02 08:47:47,2026-09-05 00:51:45
677700,(C107) [Shirotanuki no Sato (Pontanuki)] Haruto ni Motetakute Gym Kayoi Shita Nanjamo ga ShikyuuTra de Risei Houkai Nakadashi Sareru Hanashi | 想讓小春迷上自己去了健身房的奇樹嘗試子宮鍛鍊卻被内射的故事 (Pokémon Scarlet & Violet) [Chinese],(C107) [白たぬきの里 (ポンたぬき)] ハルトにモテたくてジム通いしたナンジャモが子宮トレで理性崩壊中出しされる話 (ポケットモンスター スカーレット・バイオレット) [中国翻訳],Haruto ni Motetakute Gym Kayoi Shita Nanjamo ga ShikyuuTra de Risei Houkai Nakadashi Sareru Hanashi | 想讓小春迷上自己去了健身房的奇樹嘗試子宮鍛鍊卻被内射的故事,"translated, chinese",pontanuki,shirotanuki no sato,doujinshi,pokemon,iono,"unusual teeth, big breasts, sole female, sole male, bald, extraneous ads",23,2026-09-02 08:49:29,2026-09-02 08:49:29,2026-09-05 00:51:56
677701,[Kearu] Kyorikan no Okashii Gibo (Nama) ni Hamaru Shota-kun no Ohanashi,[けある] 距離感のおかしい義母(ママ)にハマるショタくんのお話,Kyorikan no Okashii Gibo (Nama) ni Hamaru Shota-kun no Ohanashi,japanese,,,doujinshi,original,,"inseki, milf, virginity, big breasts, cheating, mother, incest, inverted nipples, shotacon, sole female, sole male",24,2026-09-02 08:54:03,2026-09-02 08:54:03,2026-09-05 00:52:08
677702,[Poison Gray (Matsuriuta)] Bunkasai Soapland C108 Omake Sasshi [Digital],[Poison Gray (松竜太)] 文化祭ソープランド C108おまけ冊子 [DL版],Bunkasai Soapland C108 Omake Sasshi,japanese,matsuriuta,,doujinshi,original,,"prostitution, nakadashi, lolicon, multi-work series, oppai loli, shotacon",15,2026-09-02 08:56:50,2026-09-02 08:56:50,2026-09-05 00:52:19
677703,[唐栗コロッケ] ぼくとママの性教育,[唐栗コロッケ] ぼくとママの性教育,ぼくとママの性教育,japanese,,karakuri korokke,doujinshi,original,,"milf, big breasts, cheating, mother, incest, teacher, impregnation, shotacon",40,2026-09-02 09:04:07,2026-09-02 09:04:07,2026-09-05 00:52:30
677704,(C108) [DGProject (Tokonaru)] Tamashi Shihai - Watashi wa Anata no Geboku ni Naru - (Queen's Blade),(C108) [DGProject (トコナル)] 魂支配 -私はあなたの下僕になる- (クイーンズブレイド),Tamashi Shihai - Watashi wa Anata no Geboku ni Naru -,japanese,tokonaru,dg project,doujinshi,queens blade,"alleyne, werbellia","futanari, elf, big breasts, tentacles, sole dickgirl, ponytail, dickgirl on female",22,2026-09-02 09:05:48,2026-09-02 09:05:48,2026-09-05 00:52:41
677705,(C108) [M.A.D WORKS (Tamu)] Kawaisou na Kujira  - The ill-fated whale (Kantai Collection -KanColle-),(C108) [M.A.D WORKS (たむ)] かわいそうなくじら (艦隊これくしょん -艦これ-),Kawaisou na Kujira  - The ill-fated whale,japanese,tamu,m.a.d works,doujinshi,kantai collection,"shigure, chougei","big breasts, tentacles",21,2026-09-02 09:07:21,2026-09-02 09:07:21,2026-09-05 00:52:52
677706,(C108) [MAG Kan (v-mag)]  Kyushutsu shita Seijo-sama ga Muboubi Sugite Goei  ni Shuuchuu Dekinai Ken  ~Houkokusho ni wa Kakenai Yakutoku darake no Ninmu Shuki~,(C108) [MAG館 (v-mag)] 救出した聖女様が無防備すぎて護衛に集中できない件 ～報告書には書けない役得だらけの任務手記～,Kyushutsu shita Seijo-sama ga Muboubi Sugite Goei  ni Shuuchuu Dekinai Ken  ~Houkokusho ni wa Kakenai Yakutoku darake no Ninmu Shuki~,japanese,v-mag,mag kan,doujinshi,original,,"big breasts, nun, mosaic censorship, tentacles",30,2026-09-02 09:09:21,2026-09-02 09:09:21,2026-09-05 00:53:03
677707,(C108) [Kleitos (Ryunosuke)]  Ransou Yogosare  Ma o Haramu,(C108)  [クレイトス (龍之介)] 卵巣汚サレ魔ヲ孕ム,Ransou Yogosare  Ma o Haramu,japanese,ryunosuke,kleitos,doujinshi,original,,"big breasts, nun, tentacles",24,2026-09-02 09:11:11,2026-09-02 09:11:11,2026-09-05 00:53:15
677708,(C108)  [Sirotaruto (Kamiba Kotaru)] Gensou Ninpu Rinkan  Thief Musume ga Ninshinchuu mo Ippai Ecchi  Shite Nozomanu Katachi de Mama ni  Nacchau Hon,(C108) [しろたると (紙場こたる)] 幻想妊婦臨歓 シーフ娘が妊娠中もいっぱいエッチして望まぬ形でママになっちゃう本,Gensou Ninpu Rinkan  Thief Musume ga Ninshinchuu mo Ippai Ecchi  Shite Nozomanu Katachi de Mama ni  Nacchau Hon,japanese,kotaru,sirotaruto,doujinshi,original,,"pregnant, big nipples, group, multi-work series, big areolae, lactation, blowjob, vaginal birth",64,2026-09-02 09:23:05,2026-09-02 09:23:05,2026-09-05 00:53:26
677709,(C108) [Seza Team (sezan)] Nanayozuki no Shinkirou Ni,(C108)  [せざちーむ (sezan)] 七夜月の蜃気楼 弐,Nanayozuki no Shinkirou Ni,japanese,sezan,seza team,doujinshi,original,,"urethra insertion, group, anal, lolicon, full color, yaoi, dilf, bbm, shotacon, sole female, bisexual, anal intercourse, kodomo doushi",18,2026-09-02 09:26:41,2026-09-02 09:26:41,2026-09-05 00:53:37
677710,[Plus Minus (Misumi Kouji)] Kini no Kneesocks ni Buchikomitai!!,[プラスマイナス (水角貢司)] 君のニーソにぶちこみたい！！,Kini no Kneesocks ni Buchikomitai!!,japanese,misumi kouji,plus minus,doujinshi,original,,"stockings, muscle, sole female, sole male",25,2026-09-02 09:28:27,2026-09-02 09:28:27,2026-09-05 00:53:49
677711,[Nozuru Check Pattern] Suki na Danshi o Otosuni wa,[のずるチェックパターン] 好きな男子を落とすには [DL版],Suki na Danshi o Otosuni wa,japanese,,,doujinshi,original,,"sweating, virginity, big breasts, unusual pupils, glasses, nakadashi, x-ray, stockings, gyaru, blowjob, big penis, sole female, sole male, twintails, multiple orgasms, nipple stimulation",46,2026-09-02 09:31:31,2026-09-02 09:31:31,2026-09-05 00:54:00
677712,[Toshiue Onee-san Tengoku (Kamiya Myon)] Boku wa Ijimekko,[年上おねーさん天国 (紙屋みょーん)] 僕はいじめっ子,Boku wa Ijimekko,japanese,kamiya myon,toshiue onee-san tengoku,doujinshi,original,,"mosaic censorship, shotacon",31,2026-09-02 09:38:06,2026-09-02 09:38:06,2026-09-05 00:54:11
677713,[Kairaku Amnesia (Kinuo)] Niizuma Zecchou,[快楽アムネジア (キヌオ)] 新妻絶頂。,Niizuma Zecchou,japanese,kinuo,kairaku amnesia,doujinshi,original,,"big breasts, swimsuit, netorare, bikini, bald",63,2026-09-02 09:42:11,2026-09-02 09:42:11,2026-09-05 00:54:23
677714,[Mattari Gozen (Mattari Yufi)] Kaa-san ga Mujikaku ni Yuuwaku Shite Kuru [Digital],[まったり御膳 (まったりユフィ)] 母さんが無自覚に誘惑してくる [DL版],Kaa-san ga Mujikaku ni Yuuwaku Shite Kuru,japanese,mattari yufi,mattari gozen,doujinshi,original,,"kissing, big breasts, nakadashi, mother, hairy, x-ray, incest, big areolae, paizuri, mosaic censorship, sole female, sole male",28,2026-09-02 09:47:16,2026-09-02 09:47:16,2026-09-05 00:54:34
677715,[Oreteki18kin] FutaManko Boku to Futago no Wakarase Seisen,[俺的十八禁] ふたマンコ ボクとふたごのわからせ性戦,FutaManko Boku to Futago no Wakarase Seisen,japanese,,oreteki18kin,doujinshi,original,,"twins, inseki, big breasts, group, schoolgirl uniform, pasties, nakadashi, ffm threesome, incest, bukkake, sister, impregnation, big penis, shimaidon",97,2026-09-02 10:06:15,2026-09-02 10:06:15,2026-09-05 00:54:45
677716,(C108) [Molotov Cocktail (Oowada Tomari)] Mujaki no Darakuen EXP3 (Mujaki no Rakuen),(C108) [モロトフカクテル (大輪田泊)] 無邪気の堕楽園EXP3 (無邪気の楽園),Mujaki no Darakuen EXP3,japanese,oowada tomari,molotov cocktail,doujinshi,mujaki no rakuen,,"big breasts, breast expansion, small breasts, tentacles, stomach deformation",34,2026-09-02 10:08:54,2026-09-02 10:08:54,2026-09-05 00:54:56
677717,(C108) [Yamitsuki Honpo (Wise Speak)] SHIORIHAZARD (Shioriha Ruri),(C108) [やみつき本舗 (ワイズスピーク)] SHIORIHAZARD (栞葉るり),SHIORIHAZARD,japanese,wise speak,yamitsuki honpo,doujinshi,"resident evil, nijisanji",shioriha ruri,"zombie, monster, sole female, kemonomimi, tail, vtuber",32,2026-09-02 10:11:22,2026-09-02 10:11:22,2026-09-05 00:55:07
677718,(C108) [Erotic Fantasy Larvaturs (Takaishi Fuu)] Neneki Shyokusyuu Permea no Saishuu,(C108) [らばた工房 (高石ふう)] 粘液触集 ペルメアの雫,Neneki Shyokusyuu Permea no Saishuu,japanese,takaishi fuu,erotic fantasy larvaturs,doujinshi,original,,"big breasts, tentacles",26,2026-09-02 10:13:20,2026-09-02 10:13:20,2026-09-05 00:55:18
677719,(C108) [Nokishita no Nekoya (Alde Hyde)] Dorei o Choukyou shite Harem Tsukuru Dizzy Hen,(C108) [軒下の猫屋 (アルデヒド)] 奴隷を調教してハーレム作る ディジー編,Dorei o Choukyou shite Harem Tsukuru Dizzy Hen,japanese,alde hyde,nokishita no nekoya,doujinshi,original,,"elf, full censorship, sole female, sole male",41,2026-09-02 10:16:10,2026-09-02 10:16:10,2026-09-05 00:55:30
677720,[Sayryu] Dansou jyoseito to kouchyousensei ga idenshi mazemaze honki kozukuri suru hanashi,[性竜] 男装女生徒と校長先生が遺伝子まぜまぜ♡本気子作りする話 -マゾメス自覚で人生終了♡-,Dansou jyoseito to kouchyousensei ga idenshi mazemaze honki kozukuri suru hanashi,japanese,sayryu,,doujinshi,original,,"nakadashi, exhibitionism, multi-work series, tanlines, small breasts, teacher, dilf, impregnation, tomboy, sole female, pixie cut",38,2026-09-02 10:18:45,2026-09-02 10:18:45,2026-09-05 00:55:41
677721,[かもなべ牛 (しろましろ)] ラブプラネットでうちゅー交信中 (Project Sekai) [Digital],[かもなべ牛 (しろましろ)] ラブプラネットでうちゅー交信中 (プロジェクトセカイ) [DL版],ラブプラネットでうちゅー交信中,japanese,,,doujinshi,project sekai,"rui kamishiro, tsukasa tenma","nakadashi, anal, crossdressing, males only, yaoi, tomgirl, kemonomimi, anal intercourse",29,2026-09-02 10:20:55,2026-09-02 10:20:55,2026-09-05 00:55:52
677722,[Bronze Whale (Yamadare)] Erogaki to Kasshoku Seidorei [Digital],[Bronze Whale (Yamadare)] エロガキと褐色性奴隷 [DL版],Erogaki to Kasshoku Seidorei,japanese,yamadare,bronze whale,doujinshi,original,,"kissing, big breasts, big nipples, big ass, nakadashi, dark skin, full color, big areolae, tall girl, blowjob, muscle, big penis, blindfold, shotacon, sole male, crotch tattoo, kemonomimi, smalldom",28,2026-09-02 10:25:53,2026-09-02 10:25:53,2026-09-05 00:56:03
677723,[Aizawa Tetsuo] Angel Panic! (Comic LO 2007-05) [English] [MUTEKI TRANSLATIONS],エンジェルパニック！,Angel Panic!,"english, translated",aizawa tetsuo,,manga,,,"wings, anal, lolicon, angel, sole male, anal intercourse",17,2026-09-02 10:29:27,2026-09-02 10:29:27,2026-09-05 00:56:15
677724,[Same Koubou] Dungeon Boss-Chan Vs Dosukebe Heni Monster,[サメ工房] ダンジョンボスちゃんvsドスケベ変異モンスター！,Dungeon Boss-Chan Vs Dosukebe Heni Monster,japanese,,same koubou,doujinshi,original,,"futanari, handjob, nipple expansion, slime, sweating, big breasts, torture, humiliation, monster girl, group, machine, ahegao, bondage, oil, robot, foot licking, tickling, slime girl, armpit licking, mind break, mosaic censorship, sole female, clothed male nude female, horns, forced exposure, eye-covering bang, multiple orgasms, crying, nipple stimulation, full-packaged futanari, futanarization",34,2026-09-02 10:31:46,2026-09-02 10:31:46,2026-09-05 00:56:26
677725,"A Kind, Slutty Gal Who Lets Even an Otaku Like Me Creampie Her 3",オタクの僕にも中出しさせてくれる優しいヤリマンビッチギャル3,"A Kind, Slutty Gal Who Lets Even an Otaku Like Me Creampie Her 3","english, translated",ricochet,hanekkaeri,doujinshi,original,,"big breasts, glasses, schoolgirl uniform, huge breasts, multi-work series, big areolae, gyaru, inverted nipples, big penis, sole male, rough translation",55,2026-09-02 10:35:30,2026-09-02 10:35:30,2026-09-05 00:56:37
677726,(C108)  [Daifuku (Shouki)] Injyoku no Nikumayu,(C108)  [大福 (しょうき)] 淫辱の肉繭,Injyoku no Nikumayu,japanese,shouki,daifuku,doujinshi,original,,"big breasts, big ass, full color, tentacles",14,2026-09-02 10:36:46,2026-09-02 10:36:46,2026-09-05 00:56:48
677727,(C108) [Danchou Kishi-sama no Tsudoi (Noraneko Kaigi)]  Ochita Ryuu wa Igyou o  Haramite  (Blue Archive),(C108) [団長騎士サマの集い (のらねこかいぎ)]  堕チタ龍ハ異形ヲ孕ミテ (ブルーアーカイブ),Ochita Ryuu wa Igyou o  Haramite,japanese,,,doujinshi,blue archive,kisaki ryuuge,"lolicon, full color, rape, tentacles",16,2026-09-02 10:39:42,2026-09-02 10:39:42,2026-09-05 00:56:59
677728,(C108) [Naminori Navy (ebinavy)] Shokushu Nanka ni Makenai!! side:L - I can't be defeated by tentacles!!,(C108)  [波乗りネイビー (エビネイビー)] 触手なんかに敗北けない!! side:L,Shokushu Nanka ni Makenai!! side:L - I can't be defeated by tentacles!!,japanese,ebinavy,naminori navy,doujinshi,original,,"squirting, big breasts, cervix penetration, sleeping, monster, x-ray, bukkake, tentacles, multiple orgasms, nipple stimulation",28,2026-09-02 10:41:45,2026-09-02 10:41:45,2026-09-05 00:57:10
677729,(C108) [Rurimaru (Rurimaru)] Mahou Shoujo Unicorn no Haiboku,(C108) [瑠璃丸 (るりまる)] 魔法少女ユニコーンの敗北,Mahou Shoujo Unicorn no Haiboku,japanese,rurimaru,,doujinshi,original,,"big breasts, magical girl, nakadashi, bondage, rape, blowjob, tentacles, twintails",55,2026-09-02 10:52:27,2026-09-02 10:52:27,2026-09-05 00:57:22
677730,The Busty Elf Can't Say No,長乳エルフは断れない,The Busty Elf Can't Say No,"english, translated",buchiyama buchio,,doujinshi,original,,"elf, big breasts, bbw, big ass, condom, nakadashi, ahegao, huge breasts, hairy, x-ray, big areolae, blackmail, inverted nipples, big penis, sole female, sole male, rough translation",45,2026-09-02 10:55:35,2026-09-02 10:55:35,2026-09-05 00:57:33
677731,"[Amagami Honpo (Manno)] Nijigen Otaku no Ore ga Tenkou Shite Kita Kyonyuu Idol ni Otosareru made - A 2D Otaku Falls for the Curvy Idol Transfer Student | How I, a 2D-Obsessed Otaku, Fell for the Busty Idol Who Transferred to My School [English] [Digital]",[甘噛本舗 (まんの)] 二次元オタクの俺が転校してきた巨乳アイドルに堕とされるまで [英訳] [DL版],"Nijigen Otaku no Ore ga Tenkou Shite Kita Kyonyuu Idol ni Otosareru made - A 2D Otaku Falls for the Curvy Idol Transfer Student | How I, a 2D-Obsessed Otaku, Fell for the Busty Idol Who Transferred to My School","english, translated",manno,amagami honpo,doujinshi,original,,"kissing, big breasts, cunnilingus, big ass, schoolgirl uniform, facesitting, nakadashi, ahegao, x-ray, big areolae, gyaru, blowjob, sole female, sole male, twintails, very long hair, rough translation, painted nails",59,2026-09-02 10:59:26,2026-09-02 10:59:26,2026-09-05 00:57:45
677732,"My Girlfriend Was Stolen by a Cool Girl Who Dresses Like a Guy, So I Taught Her a Lesson 3",クール系男装女に彼女寝取られたから、わからせてやった3,"My Girlfriend Was Stolen by a Cool Girl Who Dresses Like a Guy, So I Taught Her a Lesson 3","english, translated",kurukuru,,doujinshi,original,,"big breasts, swimsuit, cheating, bikini, multi-work series, big areolae, inverted nipples, pixie cut, rough translation",123,2026-09-02 11:07:02,2026-09-02 11:07:02,2026-09-05 00:57:56
677733,[OrangeMaru (YD)] Seijo no Inori wa Todokanai - The Saint's Prayer Goes Unheard | 圣女的祈祷未能传达 [Chinese] [欶澜汉化组] [Digital],[OrangeMaru (YD)] 聖女の祈りは届かない [中国翻訳] [DL版],Seijo no Inori wa Todokanai - The Saint's Prayer Goes Unheard | 圣女的祈祷未能传达,"translated, chinese",yd,orangemaru,doujinshi,original,,"handjob, kissing, leg lock, big breasts, nun, corruption, cunnilingus, mmf threesome, group, goblin, breast feeding, nakadashi, ahegao, anal, blowjob face, monster, x-ray, mind control, double penetration, paizuri, bukkake, mind break, rape, leotard, parasite, impregnation, blowjob, muscle, big penis, stomach deformation, deepthroat, crotch tattoo, anal intercourse, cockslapping, smalldom, nipple stimulation, high heels, gang rape",72,2026-09-02 11:20:35,2026-09-02 11:20:35,2026-09-05 00:58:08
677734,[むちむち茶房 (20)] ふぁうんどぷれいしんぐっ (Blue Lock) [Digital],[むちむち茶房 (20)] ふぁうんどぷれいしんぐっ (ブルーロック) [DL版],ふぁうんどぷれいしんぐっ,japanese,20,,doujinshi,blue lock,"yoichi isagi, rin itoshi","anal, males only, yaoi, demon, horns, anal intercourse",42,2026-09-02 11:23:22,2026-09-02 11:23:22,2026-09-05 00:58:19
677735,"[MonsterShake (Sayuri Milkshake, ER0POPO)] A Daily Occurrence – Uncensored [English] [Complete]",,A Daily Occurrence – Uncensored,english,,,doujinshi,original,,"kissing, big breasts, unusual pupils, uncensored, big ass, ahegao, femdom, incest, saliva, tall girl, rape, sister, sole male, closed eyes, clothed male nude female, small penis, crying",10,2026-09-02 11:25:30,2026-09-02 11:25:30,2026-09-05 00:58:30
677736,[Kawaraya-Koubou (Kawaraya)] Namashio Tadareta Shuukan | 生盐味的淫靡旬余 (Blue Archive) [Chinese] [欶澜汉化组] [Digital],[瓦屋工房 (瓦爺)] なましお爛れ週間 (ブルーアーカイブ) [中国翻訳] [DL版],Namashio Tadareta Shuukan | 生盐味的淫靡旬余,"translated, chinese",kawaraya,kawaraya-koubou,doujinshi,blue archive,"noa ushio, sensei","big breasts, netorare, cheating, stockings, gokkun, sole female, sole male, ponytail, very long hair, nipple stimulation, halo",32,2026-09-02 11:27:53,2026-09-02 11:27:53,2026-09-05 00:58:42
677737,[Shibire na Memai (Edajima Denki)] Inu Ichidai ni Tanuki Ippiki (Zenless Zone Zero) [Digital],[痺れな目眩 (江田島電気)] 犬一代に狸一匹 (ゼンレスゾーンゼロ) [DL版],Inu Ichidai ni Tanuki Ippiki,japanese,edajima denki,shibire na memai,doujinshi,zenless zone zero,"yuzuha ukinami, manato komano","muscle, sole female, sole male, kemonomimi",29,2026-09-02 11:30:11,2026-09-02 11:30:11,2026-09-05 00:58:53
677738,Seiko x okarun [Nezumihaze x Cham22],,Seiko x okarun,japanese,,,doujinshi,dandadan,seiko ayase,"big breasts, big nipples, big ass, grandmother, huge breasts, big areolae, huge penis, big penis, sole female, sole male, redraw",5,2026-09-02 11:30:42,2026-09-02 11:30:42,2026-09-05 00:59:04
677739,[Kuro Food] Kamigami no Kouen 14,[くろふーど] 神々の公園 14,Kamigami no Kouen 14,japanese,kurofood,kuro food,doujinshi,original,,multi-work series,37,2026-09-02 11:33:06,2026-09-02 11:33:06,2026-09-05 00:59:15
677740,[Dekoponzu (Sasakichi)] Pure (Blue Archive) [Digital],[でこぽんず (ささきち)] Pure (ブルーアーカイブ) [DL版],Pure,japanese,sasakichi,dekoponzu,doujinshi,blue archive,"mari iochi, sensei","swimsuit, bikini, artbook, mosaic censorship, fox girl, sole female, kemonomimi, halo",20,2026-09-02 11:34:41,2026-09-02 11:34:41,2026-09-05 00:59:26
677741,(Umedamanabu) bakemonmenta o mezashite tabi o tsudzuketa ore ga bakunyu bijo ni henbo shi teta shodai aibo ni saikai shita ken,(梅玉奈部)バケモンメンターを目指して旅を続けた俺が爆乳美女に変貌してた初代相棒に再会した件 (単話版),bakemonmenta o mezashite tabi o tsudzuketa ore ga bakunyu bijo ni henbo shi teta shodai aibo ni saikai shita ken,japanese,umedama nabu,,doujinshi,original,,"big breasts, nakadashi, dark skin, sole female, sole male, twintails",34,2026-09-02 11:36:52,2026-09-02 11:36:52,2026-09-05 00:59:38
677742,[Lasagna and Pie] Doing THAT Mid-Gaming Sesh [English] [Sir Stretch],[ラザニアとパイ] ゲームの途中にアレをする。[英訳],Doing THAT Mid-Gaming Sesh,"english, translated",,,doujinshi,original,,"urination, sole female, nudity only, omorashi",6,2026-09-02 11:37:28,2026-09-02 11:37:28,2026-09-05 00:59:49
677743,"[Kazumu] I Got My Sister Pregnant, Now She's My Wife (Haramase Ecstasy) [English] [QuickAndDirty]",[一夢] 孕んだ姉は僕のヨメ！(孕ませエクスタシー) [英訳],"I Got My Sister Pregnant, Now She's My Wife","english, translated",kazumu,,manga,,,"big breasts, pregnant, nakadashi, incest, drunk, paizuri, sister, impregnation, sole female, sole male",24,2026-09-02 11:41:49,2026-09-02 11:41:49,2026-09-05 01:00:00
677744,(C108) [111 Touban (1-gou)] Kuon-chan no Ecchi na Hon 3 (Shadowverse),(C108) [111当番 (1号)] クオンちゃんのえっちな本3 (シャドウバース),Kuon-chan no Ecchi na Hon 3,japanese,1-gou,111 touban,doujinshi,shadowverse,kuon,"full color, multi-work series",26,2026-09-02 11:43:39,2026-09-02 11:43:39,2026-09-05 01:00:11
677745,[Diogenes Club (Haikawa Hemlen)] NobaMei Wakarase | NobaMei Correction (Jujutsu Kaisen) [English] [joobuspaidatr] [Digital],[ディオゲネスクラブ (灰川ヘムレン)] ノバメイワカラセ (呪術廻戦) [英訳] [DL版],NobaMei Wakarase | NobaMei Correction,"english, translated",haikawa hemlen,diogenes club,doujinshi,jujutsu kaisen,"nobara kugisaki, mei mei","kissing, big breasts, ahegao, dark skin, big areolae, dilf, blowjob, big penis, bald, eye-covering bang",37,2026-09-02 11:46:08,2026-09-02 11:46:08,2026-09-05 01:00:22
677746,(Kouki Tourai Go) [Lovely complex (Ninbyo)] ミックス汁ス (Touken Ranbu),(好機刀来 五) [Lovely complex (忍猫)] ミックス汁ス (刀剣乱舞),ミックス汁ス,japanese,ninbyo nin,lovely complex,doujinshi,touken ranbu,"aizen kunitoshi, hotarumaru, akashi kuniyuki","nakadashi, anal, males only, yaoi, shotacon, soushuuhen, anal intercourse, exposed clothing",104,2026-09-02 12:05:45,2026-09-02 12:05:45,2026-09-05 01:00:33
677747,[OrangeMaru (JP06)] Honey Trap | 甜蜜陷阱 [Chinese] [欶澜汉化组] [Digital],[OrangeMaru (JP06)] ハニートラップ [中国翻訳] [DL版],Honey Trap | 甜蜜陷阱,"translated, chinese",jp06,orangemaru,doujinshi,original,,"nakadashi, x-ray, leotard, blowjob, muscle, sole male, kemonomimi, tail",47,2026-09-02 12:08:51,2026-09-02 12:08:51,2026-09-05 01:00:45
677748,[Ra-men] Genkai Sensei to Haruka no Oppai (Blue Archive),[らーめん] 限界先生とハルカのおっぱい (ブルーアーカイブ),Genkai Sensei to Haruka no Oppai,japanese,ra-men,,doujinshi,blue archive,"sensei, haruka igusa","big breasts, lactation, small breasts, sole female, sole male, no penetration, halo",15,2026-09-02 12:09:56,2026-09-02 12:09:56,2026-09-05 01:00:56
677749,[okina] 甘くて苦い華 — 甜蜜而苦涩的花 (コミック Mate legend Vol.16 2017年8月号)[阳头个人汉化],[okina] 甘くて苦い華 — 甜蜜而苦涩的花 (コミック Mate legend Vol.16 2017年8月号)[阳头个人汉化],甘くて苦い華 — 甜蜜而苦涩的花,"translated, chinese",okina,,manga,,,"piercing, glasses, schoolgirl uniform, nakadashi, incest, sumata, mosaic censorship, daughter, sole female, genital piercing, nipple piercing",21,2026-09-02 12:14:55,2026-09-02 12:14:55,2026-09-05 01:01:07
677750,[Nibiirokaden] #Kyou wa Pink - Today's color is PINK! [Digital],[鈍色家電] #今日はピンク [DL版],#Kyou wa Pink - Today's color is PINK!,japanese,nibiirokaden,,manga,,,"big breasts, schoolboy uniform, schoolgirl uniform, nakadashi, tankoubon, blowjob, twintails, classroom",221,2026-09-02 12:28:40,2026-09-02 12:28:40,2026-09-05 01:01:18
677751,[Bifidus] Yugure no Kamitsu [Digital],[ビフィダス] 夕暮れの花蜜 [DL版],Yugure no Kamitsu,japanese,bifidus,,manga,,,"milf, kissing, leg lock, big breasts, cunnilingus, group, glasses, netorare, big ass, masturbation, cheating, condom, nakadashi, ahegao, ffm threesome, tracksuit, dark skin, cousin, x-ray, defloration, incest, tankoubon, gyaru, fingering, impregnation, tomboy, blowjob, ponytail, pixie cut",208,2026-09-02 12:41:56,2026-09-02 12:41:56,2026-09-05 01:01:30
677752,[黒いめろぅ・いえろぉ] カンナっくす -ほしがりやの竜-,[黒いめろぅ・いえろぉ] カンナっくす -ほしがりやの竜-,カンナっくす -ほしがりやの竜-,japanese,,kuroi mello yello,doujinshi,kobayashi-san-chi no maid dragon,kanna kamui,"lolicon, mosaic censorship",10,2026-09-02 12:44:30,2026-09-02 12:44:30,2026-09-05 01:01:41
677753,Fastest Love,,Fastest Love,japanese,asou mitsuaki,,manga,,,"kissing, males only, yaoi, no penetration",35,2026-09-02 12:46:44,2026-09-02 12:46:44,2026-09-05 01:01:52
677754,"[Konton Yueni] Osananajimi wa, Onna ni Natta 3",[Because of CHAOS] 幼馴染は、女になった3,"Osananajimi wa, Onna ni Natta 3",japanese,,,doujinshi,original,,"pregnant, group, full censorship, ffm threesome, multi-work series, sole male, ponytail",25,2026-09-02 12:48:29,2026-09-02 12:48:29,2026-09-05 01:02:04
677755,[ジャンクフードパーティー] ふたなり肉便器シェアハウス,[ジャンクフードパーティー] ふたなり肉便器シェアハウス,ふたなり肉便器シェアハウス,japanese,,,doujinshi,original,,"futanari, big breasts, nakadashi, full color, big areolae, mosaic censorship, rape, blackmail, impregnation, sole dickgirl, full-packaged futanari, dickgirl on female",14,2026-09-02 12:51:24,2026-09-02 12:51:24,2026-09-05 01:02:15
677756,[チバトシロウ] ウエカノデイズ（Chinese）【更新中】,,ウエカノデイズ（Chinese）【更新中】,"translated, chinese",chiba toshirou,,manga,,,"big breasts, ponytail",127,2026-09-02 12:59:33,2026-09-02 12:59:33,2026-09-05 01:02:26
677757,[Don繁] 女熱 じょねつ（Chinese）【更新中】,,女熱 じょねつ（Chinese）【更新中】,"translated, chinese",don shigeru,,manga,,,"strap-on, glasses, yuri",69,2026-09-02 13:04:23,2026-09-02 13:04:23,2026-09-05 01:02:37
677758,[池田又心] とろける妻乳（Chinese）【更新中】,,とろける妻乳（Chinese）【更新中】,"translated, chinese",ikeda matamune,,manga,,,"maid, milf, big breasts, netorare, big areolae, lactation",57,2026-09-02 13:07:58,2026-09-02 13:07:58,2026-09-05 01:02:48
677759,The Sexy Care Facility for Adults: Amaenbou Collaborative Anthology ~Sweet Playtime~,[ホワイトピンク (よろず)] 大人赤ちゃんのためのエッチな保育園 甘園房 合同誌 ～ママ先生たちとラブラブお遊戯タイム～ [中国翻訳] [DL版],The Sexy Care Facility for Adults: Amaenbou Collaborative Anthology ~Sweet Playtime~,"translated, chinese","cool kyou shinja, miyamoto issa, doskoinpo, diisuke, morishima kon, kloah, kakao, mame denkyuu, chin, kanikama, mario, yorozu, hanabi, kibii mocha, mizore, kirome, eo masaka, jakko, oekakizuki, drachef, naru, almondman",whitepink,doujinshi,original,,"futanari, handjob, milf, kissing, wings, big breasts, group, uncensored, big ass, ahegao, anal, blowjob face, ffm threesome, femdom, demon girl, stockings, rimjob, paizuri, tall girl, blowjob, big penis, shotacon, dickgirl on male, horns, gloves, goudoushi, clone, multimouth blowjob, nipple stimulation, lipstick mark",158,2026-09-02 13:38:21,2026-09-02 13:38:21,2026-09-05 01:03:00
677760,[ぞうもつ屋 ] DSKB(ドスケベ)ジムへようこそ！〜メス男子とホモセする話〜,[ぞうもつ屋 ] DSKB(ドスケベ)ジムへようこそ！〜メス男子とホモセする話〜,DSKB(ドスケベ)ジムへようこそ！〜メス男子とホモセする話〜,japanese,,,doujinshi,original,,"onahole, anal, males only, yaoi, tomgirl, anal intercourse",19,2026-09-02 13:39:56,2026-09-02 13:39:56,2026-09-05 01:03:11
677761,[hachicon] Homo de aru koto o mitomenai-kei danshi,[hachicon] ホモであることを認めない系男子,Homo de aru koto o mitomenai-kei danshi,"translated, chinese",hachicon,,doujinshi,original,,"nakadashi, ahegao, anal, anorexic, footjob, males only, yaoi, tomgirl, anal intercourse, rough translation",38,2026-09-02 13:42:41,2026-09-02 13:42:41,2026-09-05 01:03:22
677762,[CHILLED HOUSE (Aoi Kumiko)] LIT TROPICAL VACAY,[CHILLED HOUSE (葵久美子)] LIT TROPICAL VACAY,LIT TROPICAL VACAY,japanese,aoi kumiko,chilled house,doujinshi,original,,"swimsuit, bikini, lolicon",21,2026-09-02 13:46:42,2026-09-02 13:46:42,2026-09-05 01:03:34
677763,(C108) [Ringoya (Alp)] C108 Omakebon (Love Live! Sunshine!!、Gakuen IDOLM@STER),(C108) [リンゴヤ (あるぷ)] C108 おまけ本 (ラブライブ! サンシャイン!!、学園アイドルマスター),C108 Omakebon,japanese,alp,ringoya,doujinshi,"the idolmaster, love live sunshine","you watanabe, rinami himesaki",big breasts,10,2026-09-02 13:47:35,2026-09-02 13:47:35,2026-09-05 01:03:45
677764,[ファンタジー漫画相談所 (菜々瀬ななな)] 人権がなくなった王女殿下 ～入国審査編～,[ファンタジー漫画相談所 (菜々瀬ななな)] 人権がなくなった王女殿下 ～入国審査編～,人権がなくなった王女殿下 ～入国審査編～,japanese,nanase nanana,,doujinshi,original,,"big breasts, full censorship, bondage, defloration, tiara, forced exposure",26,2026-09-02 13:49:29,2026-09-02 13:49:29,2026-09-05 01:03:56
677765,Dress Succubus Feenay's In-clothing Baby Training Diary,ドレスサキュバスフィーネのお洋服赤ちゃん調教日誌,Dress Succubus Feenay's In-clothing Baby Training Diary,"translated, chinese",wap,whitepink,doujinshi,original,,"wings, big breasts, uncensored, huge breasts, femdom, bondage, demon girl, stockings, tall girl, shotacon, sole female, sole male, horns, tail, gloves, fanny packing",24,2026-09-02 13:53:59,2026-09-02 13:53:59,2026-09-05 01:04:07
677766,[CHILLED HOUSE (Aoi Kumiko)] LIT TROPICAL VACAY 1.5,[CHILLED HOUSE (葵久美子)] LIT TROPICAL VACAY 1.5,LIT TROPICAL VACAY 1.5,japanese,aoi kumiko,chilled house,doujinshi,original,,"swimsuit, anal, bikini, lolicon, sole female",11,2026-09-02 13:56:20,2026-09-02 13:56:20,2026-09-05 01:04:18
677767,[Marubatsukuru (Reataka)] Saikyou Ansatsusha ga Saiin sarete Buzama ni Okasareru Hanashi (Re:Zero kara Hajimeru Isekai Seikatsu) | A Story About the Strongest Assassin Being Drugged and Humiliatingly Raped (Re:Zero - Starting Life in Another World) [English MTL],[マルバツクル (れあたか)] 最強暗殺者が催淫されて無様に犯される話 (Re:ゼロから始める異世界生活),Saikyou Ansatsusha ga Saiin sarete Buzama ni Okasareru Hanashi (Re:Zero kara Hajimeru Isekai Seikatsu) | A Story About the Strongest Assassin Being Drugged and Humiliatingly Raped,"english, translated",reataka,,doujinshi,re zero kara hajimeru isekai seikatsu,elsa granhiert,"kissing, big breasts, swimsuit, big nipples, group, huge breasts, blowjob face, bikini, full color, multi-work series, double penetration, big areolae, pantyhose, inverted nipples, blowjob, sole female, beauty mark, ponytail, very long hair, rough translation",20,2026-09-02 13:57:50,2026-09-02 13:57:50,2026-09-05 01:04:29
677768,Succubus Doreika Keikaku ~Goshujin-sama Succubus to Moto Shiro Majutsushi no Onee-san~,サキュバス奴○化計画～ご主人様サキュバスと元白魔術師のお姉さん～,Succubus Doreika Keikaku ~Goshujin-sama Succubus to Moto Shiro Majutsushi no Onee-san~,"translated, chinese",wap,whitepink,doujinshi,original,,"handjob, wings, big breasts, corruption, group, netorare, uncensored, tailjob, ffm threesome, femdom, demon girl, mind control, stockings, rape, sole male, horns, tail, gloves",44,2026-09-02 14:00:45,2026-09-02 14:00:45,2026-09-05 01:04:41
677769,[Gyuuhi Ga Umasugiru (Muteki)] Jitsu no Musume to Kotsukuri Itsukakan. | 和亲女儿一起造小孩的五天。 [Chinese] [紫藤汉化组] [Digital],[求肥がうますぎる (むてき)] 実の娘と子作り五日間。 [中国翻訳] [DL版],Jitsu no Musume to Kotsukuri Itsukakan. | 和亲女儿一起造小孩的五天。,"translated, chinese",muteki,gyuuhi ga umasugiru,doujinshi,original,,"twins, group, nakadashi, ffm threesome, lolicon, x-ray, incest, daughter, school swimsuit, blowjob, sole male, shimaidon, multimouth blowjob, eye-covering bang",40,2026-09-02 14:09:16,2026-09-02 14:09:16,2026-09-05 01:04:52
677770,[Marcia (Higashi Ringo)] Later Talk Encore (Tenki no Ko) [Chinese] [二郎险胜真菌汉化组X樱桃花字幕组],[Marcia (東りんご)] Later Talk Encore (天気の子)[中国翻訳],Later Talk Encore,"translated, chinese",higashi ringo,marcia,doujinshi,tenki no ko,hina amano,soushuuhen,202,2026-09-02 14:22:23,2026-09-02 14:22:23,2026-09-05 01:05:03
677771,[Dragonstorm (Otogi Tetsurou)] Nandakanda Yasashii Kuro Gal Yankee Ryuuko-chan [Chinese] [Digital],[ドラゴンストーム (おとぎてつろう)] なんだかんだ優しい黒ギャルヤンキーリューコちゃん [中国翻訳] [DL版],Nandakanda Yasashii Kuro Gal Yankee Ryuuko-chan,"translated, chinese",otogi tetsurou,dragonstorm,doujinshi,original,,"kissing, big breasts, nakadashi, ahegao, huge breasts, blowjob face, hairy, dark skin, big balls, x-ray, gyaru, paizuri, blowjob, big penis, sole female, rough translation",27,2026-09-02 14:27:49,2026-09-02 14:27:49,2026-09-05 01:05:14
677772,(C108) [MIDDLY (Midorinocha)] Colorful Connect 14th:Dive (Princess Connect! Re:Dive),(C108) [MIDDLY (みどりのちや)] カラフルコネクト 14th:Dive (プリンセスコネクト!Re:Dive),Colorful Connect 14th:Dive,japanese,midorinocha,middly,doujinshi,princess connect,,"harem, full color, sole male",38,2026-09-02 14:30:23,2026-09-02 14:30:23,2026-09-05 01:05:25
677773,[6A Seeds (6A sang)] Inkaku Zecchou Kyoubai Report Hinmei...Jiai no Kaitou (Blue Archive) [Digital],[ロクエク・シーズ (ロクエさん)] 陰核絶頂競売レポート 品名…慈愛の怪盗 (ブルーアーカイブ) [DL版],Inkaku Zecchou Kyoubai Report Hinmei...Jiai no Kaitou,japanese,6a sang,6a seeds,doujinshi,blue archive,akira kiyosumi,"squirting, swimsuit, humiliation, urethra insertion, sex toys, bondage, bikini, kemonomimi, gloves, forced exposure, clit stimulation",68,2026-09-02 14:34:59,2026-09-02 14:34:59,2026-09-05 01:05:37
677774,[Bocyobcyo Gegel（Bocyobocyo）] O gaji kunari ~yu! ! Hokori takaki Kisaki-sama ga aura kusuguri de genkai toppa suru hon,[ボチョボチョ・ゲゲル]おがじくなりゅ!! 誇り高きキサキ様が足裏くすぐりで限界突破する本,O gaji kunari ~yu! ! Hokori takaki Kisaki-sama ga aura kusuguri de genkai toppa suru hon,japanese,bocho bocho,bocho bocho gegel,doujinshi,blue archive,kisaki ryuuge,"sweating, gag, torture, humiliation, group, females only, machine, urination, ahegao, sex toys, bondage, oil, tickling, mind break, crying",16,2026-09-02 14:38:28,2026-09-02 14:38:28,2026-09-05 01:05:48
677775,[Nishimaa (masinia)] Kei to Arisu no kusugurikuesuto V Tendou no kusuguri,[西マア (マシニア)] ケイとアリスのクスグリクエストV 天童の擽り (ブルーアーカイブ),Kei to Arisu no kusugurikuesuto V Tendou no kusuguri,japanese,mashinia,nishimaa,doujinshi,blue archive,"alice tendou, kei tendou","tickling, lolicon, tentacles",30,2026-09-02 14:40:39,2026-09-02 14:40:39,2026-09-05 01:05:59
677776,[MM/neko]  子ラギ君の1日(Disney: Twisted-Wonderland) [Digital],[MM/neko]  子ラギ君の1日(Disney: Twisted-Wonderland) [Digital],子ラギ君の1日,"translated, chinese",mm,,doujinshi,disney twisted-wonderland,"leona kingscholar, ruggie bucchi","catboy, males only, kemonomimi, hyena boy",28,2026-09-02 14:42:38,2026-09-02 14:42:38,2026-09-05 01:06:10
677777,"[Hy-dou (Hyji)] Kinjo Yuuwaku Shiro Soubi Oba-san no Himeta,,, 4 - Honshou Hen [Chinese]",[灰同 (灰司)] 白薔薇伯母さんの秘めた、、、4話 本性 編 [中国翻訳],"Kinjo Yuuwaku Shiro Soubi Oba-san no Himeta,,, 4 - Honshou Hen","translated, chinese",hyji,,doujinshi,original,,"squirting, inseki, milf, big breasts, bbw, big ass, cheating, condom, hairy, multi-work series, incest, aunt, paizuri, blowjob, sole female, sole male",42,2026-09-02 14:50:48,2026-09-02 14:50:48,2026-09-05 01:06:22
677778,(Leone ni Yasuragi o 3) [Kabutomushi no Taruto (FUNA)] Leona-san no Otawamure II (Disney: Twisted-Wonderland),(Leone ni Yasuragi o 3) [Kabutomushi no Taruto (FUNA)] Leona-san no Otawamure II (Disney: Twisted-Wonderland),Leona-san no Otawamure II,"translated, chinese",funa,kabutomushi no taruto,doujinshi,disney twisted-wonderland,"leona kingscholar, ruggie bucchi","catboy, schoolgirl uniform, sex toys, gender bender, sole female, sole male, kemonomimi, rough translation, hyena girl",34,2026-09-02 14:53:11,2026-09-02 14:53:11,2026-09-05 01:06:33
677779,[Maniac Love Kenkyuukai (Various)] Zero kara Hajimeru SM Manual Kawaii Dorei Shiikujutsu [Digital][EN] (Google Translate),[マニアックラブ研究会 (よろず)] ゼロから始めるSMマニュアル かわいい奴隷飼育術 [DL版],Zero kara Hajimeru SM Manual Kawaii Dorei Shiikujutsu,"english, translated",,,manga,,,"bdsm, chastity belt, piercing, spanking, full censorship, sex toys, bondage, whip, artbook, slave, how to, rough translation",129,2026-09-02 15:00:48,2026-09-02 15:00:48,2026-09-05 01:06:44
677780,[イカめし] 坎德吉尔-蜡固化地狱的陷阱  (光翼戦姫エクスティア Marina 特典小冊子「Immoral Fortune M」)  [Chinese] [端音乱希の单推人x阿由由宫 个人汉化] [Digital],[イカめし] 坎德吉尔-蜡固化地狱的陷阱 (光翼戦姫エクスティア Marina 特典小冊子「Immoral Fortune M」) [中国翻訳] [DL版],坎德吉尔-蜡固化地狱的陷阱,"translated, chinese",ikameshi,lusterise,manga,kouyoku senki exs-tia,,"futanari, big breasts, magical girl, thigh high boots, petrification, dickgirl on female",9,2026-09-02 15:01:41,2026-09-02 15:01:41,2026-09-05 01:06:56
677781,[2vs (Shiina Tai)] Iinari Sister [Digital],[2vs (椎名鯛)] いいなりシスター [DL版],Iinari Sister,japanese,siina tai,2vs,doujinshi,original,,"big breasts, nakadashi, full color, mosaic censorship, blowjob, sole female, sole male",16,2026-09-02 15:02:50,2026-09-02 15:02:50,2026-09-05 01:07:07
677782,[YoRoZ] 熱源反応を処理します,[YoRoZ] 熱源反応を処理します,熱源反応を処理します,japanese,yoroz,,doujinshi,original,,"big breasts, group, ffm threesome, x-ray, full color, mosaic censorship, dilf, blowjob, sole male",8,2026-09-02 15:06:05,2026-09-02 15:06:05,2026-09-05 01:07:18
677783,[樹蛙孤逃]維茲與達克妮絲10個月盲盒2-產篇,,維茲與達克妮絲10個月盲盒2-產篇,chinese,a lonely tree frog runs away,,doujinshi,kono subarashii sekai ni syukufuku o,"darkness, wiz","pregnant, bestiality, multi-work series, vaginal birth",14,2026-09-02 15:07:12,2026-09-02 15:07:12,2026-09-05 01:07:29
677784,[Hiromitsu Takeda] Tea Ceremony Yamato Nadeshiko NTR (Female Perspective) P01~012 [English],[武田弘光] 茶道大和撫子NTR(女性視点) P01~012,Tea Ceremony Yamato Nadeshiko NTR (Female Perspective) P01~012,"english, translated",takeda hiromitsu,,doujinshi,original,,"big breasts, swimsuit, farting, netorare, cheating, nakadashi, moral degeneration, ahegao, huge breasts, tall man, hairy, bikini, full color, big areolae, stockings, cheerleader, gokkun, fingering, filming, hairy armpits, big penis, incomplete, sole female, hidden sex, burping, exposed clothing",12,2026-09-02 15:08:15,2026-09-02 15:08:15,2026-09-05 01:07:41
677785,[Mentsukidou (Various)] Shiranui Kaya Seiheki Goudou (Blue Archive) [Digital],[眼ん月堂 (よろず)] 不知火カヤ性癖合同 (ブルーアーカイブ) [DL版],Shiranui Kaya Seiheki Goudou,japanese,"momonosuke, kumada, shimuro itaru, dekosuke 18gou, uno ryoku, mameojitan, okuva, arurumo, natsume uraraka, hurure, strong reitaro",mentsukidou,doujinshi,blue archive,kaya shiranui,"unusual pupils, gloves, goudoushi, halo",98,2026-09-02 15:14:43,2026-09-02 15:14:43,2026-09-05 01:07:52
677786,[Edenparadox (Towatowa)] Suimu Tour de Inferno (Zenless Zone Zero) [Digital],[Edenparadox (十輪towa)] 酔夢 ツール・ド・淫フェルノ (ゼンレスゾーンゼロ) [DL版],Suimu Tour de Inferno,japanese,towatowa,edenparadox,doujinshi,zenless zone zero,"luciana auxesis theodoro de montefio, burnice white","group, ffm threesome, sole male, twintails",30,2026-09-02 15:16:51,2026-09-02 15:16:51,2026-09-05 01:08:03
677787,(C108) [K+W (sasachinn)] Kei-chan Seikyouiku | 凯伊的性教育♥ (Blue Archive) [Chinese] [欶澜汉化组],(C108) [K+W (ささちん)] ケイちゃん性教育 (ブルーアーカイブ) [中国翻訳],Kei-chan Seikyouiku | 凯伊的性教育♥,"translated, chinese",sasachinn,k plus w,doujinshi,blue archive,"sensei, kei tendou","stockings, sole female, sole male, very long hair, halo",19,2026-09-02 15:18:22,2026-09-02 15:18:22,2026-09-05 01:08:15
677788,[Mimonel] 初代虚狩与连续高潮战斗♥ (Zenless Zone Zero) [Chinese] [欶澜汉化组],[ミモネル] 初代虚狩りと連続絶頂バトル♥ (ゼンレスゾーンゼロ) [中国翻訳],初代虚狩与连续高潮战斗♥,"translated, chinese",mimonel,,doujinshi,zenless zone zero,"wise, remielle dan","big breasts, ahegao, full color, stockings, blowjob, sole female",9,2026-09-02 15:19:13,2026-09-02 15:19:13,2026-09-05 01:08:26
677789,[2vs (Shiina Tai)] Kanraku Biyori (Kantai Collection -KanColle-) [Digital],[2vs (椎名鯛)] 艦楽日和 (艦隊これくしょん -艦これ-) [DL版],Kanraku Biyori,japanese,siina tai,2vs,doujinshi,kantai collection,"yamato, musashi, teitoku","group, glasses, ffm threesome, dark skin, full color, mosaic censorship, collar, sole male, ponytail",16,2026-09-02 15:20:24,2026-09-02 15:20:24,2026-09-05 01:08:38
677790,[Garden (Amaryllis)] Tegome no Horusu (Blue Archive) [Digital],[ガーデン (あまりりす)] 手籠めのホルス (ブルーアーカイブ) [DL版],Tegome no Horusu,japanese,,,doujinshi,blue archive,"hina sorasaki, hoshino takanashi","females only, netorare, yuri, horns, halo",38,2026-09-02 15:23:07,2026-09-02 15:23:07,2026-09-05 01:08:49
677791,[Gin Gin Power (Katou Shinya)] Promeia no Atsui Yoru (Zenless Zone Zero) [Digital],[ギンギンパワー (加藤シンヤ)] プロメイアの熱い夜 (ゼンレスゾーンゼロ) [DL版],Promeia no Atsui Yoru,japanese,katou shinya,gin gin power,doujinshi,zenless zone zero,"wise, promeia","sole female, sole male, ponytail, eye-covering bang",20,2026-09-02 15:24:40,2026-09-02 15:24:40,2026-09-05 01:09:00
677792,[Banana Senbei (Zawashi)] Nonomilk Hanbaiin no Bonyuu Eigyou (Blue Archive) [Digital],[ばななせんべい (ざわし)] ノノミルク販売員の母乳営業 (ブルーアーカイブ) [DL版],Nonomilk Hanbaiin no Bonyuu Eigyou,japanese,zawashi,banana senbei,doujinshi,blue archive,nonomi izayoi,"big breasts, humiliation, netorare, milking, prostitution, ahegao, huge breasts, sex toys, dark skin, lactation, stockings, cowgirl, dilf, impregnation, sole female, bald, halo",24,2026-09-02 15:26:25,2026-09-02 15:26:25,2026-09-05 01:09:11
677793,[Tokyo Ereki Studio (Azuma Ryo)] A shy girl makes her debut as a gal... and ends up being an unfaithful sex partner in the end | 阴暗宅女辣妹出道★…的结果，沦为炮友狼狈地高潮 [江之下流个人AI润色] [Chinese],[東京電気スタジオ (あずま涼)] 陰キャ女、ギャルデビュー★ …の結果セフレで無様にイグッ [DL版] [江之下流个人AI润色] [中国翻訳],A shy girl makes her debut as a gal... and ends up being an unfaithful sex partner in the end | 阴暗宅女辣妹出道★…的结果，沦为炮友狼狈地高潮,"translated, chinese",azuma ryo,tokyo ereki studio,doujinshi,original,,"big breasts, farting, bbw, glasses, netorare, big ass, ahegao, hairy, multi-work series, big areolae, filming, hairy armpits, sole female, beauty mark, rough translation",38,2026-09-02 15:29:10,2026-09-02 15:29:10,2026-09-05 01:09:23
677794,[AERODOG (inu)] Juniku Shita Kei-chan no OnaSuppo Suru no ga Watashi no Shimei (Blue Archive) [Digital],[AERODOG (inu)] 受肉したケイちゃんのオナサポするのが私の使命(ブルーアーカイブ) [DL版],Juniku Shita Kei-chan no OnaSuppo Suru no ga Watashi no Shimei,japanese,inu,aerodog,doujinshi,blue archive,"sensei, kei tendou","garter belt, schoolgirl uniform, anal, sex toys, stockings, small breasts, catgirl, sole female, sole male, tail plug, kemonomimi, very long hair, exposed clothing, halo",26,2026-09-02 15:31:11,2026-09-02 15:31:11,2026-09-05 01:09:34
677795,[Mogudan] Tatsumaki-ppoi Tsuma | 長得像龍卷的妻子 (One Punch Man) [Chinese] [天帝哥個人漢化],[モグダン] タツマキっぽい妻 (ワンパンマン) [中国翻訳],Tatsumaki-ppoi Tsuma | 長得像龍卷的妻子,"translated, chinese",mogudan,,doujinshi,one punch man,senritsu no tatsumaki,"sweating, kissing, big breasts, glasses, netorare, big ass, masturbation, cheating, ahegao, tall man, sex toys, dark skin, stockings, gokkun, dilf, muscle, big penis, bbm, stomach deformation, sole female, hidden sex",112,2026-09-02 15:38:24,2026-09-02 15:38:24,2026-09-05 01:09:46
677796,[Tengusa (tokorot)] Inshuumura no Anemiko-chan wa Anteiki [Digital],[テングサ (tokorot)] 因習村の姉巫女ちゃんは安定期 [DL版],Inshuumura no Anemiko-chan wa Anteiki,japanese,tokorot,tengusa,doujinshi,original,,"pregnant, group, lolicon, multi-work series, incest, daughter, blowjob, vaginal birth",42,2026-09-02 15:46:20,2026-09-02 15:46:20,2026-09-05 01:09:57
677797,[Radical Tenshi (Dynamite Tomokazu)] Kinpatsu bishoujo moderu to raburabu mitchaku homban satsuei ~ furinri joutou jousiki muyou no shoujo tannou kairaku shuzai ~ [Digital],[ラジカル天使 (ダイナマイト☆トモカズ)] 金髪美少女モデルとラブラブ密着本番撮影～不倫理上等常識無用の少女堪能快楽取材～ [DL版],Kinpatsu bishoujo moderu to raburabu mitchaku homban satsuei ~ furinri joutou jousiki muyou no shoujo tannou kairaku shuzai ~,japanese,eternal tomokazu,radical tenshi,doujinshi,original,,"dark skin, lolicon, big penis, kemonomimi",63,2026-09-02 15:58:25,2026-09-02 15:58:25,2026-09-05 01:10:08
677798,[Tumeato (Kurayami Cheese)] Limited 24 hours (Disney Twisted-Wonderland),[Tumeato (Kurayami Cheese)] Limited 24 hours (Disney Twisted-Wonderland),Limited 24 hours,"translated, chinese",,tsumeato,doujinshi,disney twisted-wonderland,"leona kingscholar, ruggie bucchi","catboy, dark skin, males only, yaoi, kemonomimi, tail, hyena boy",21,2026-09-02 16:00:10,2026-09-02 16:00:10,2026-09-05 01:10:19
677799,(C107) [Nejime no Inugoya (Nejime)] Uragiri Armor Bihin Touroku (THE IDOLM@STER MILLION LIVE!),(C107) [ねじめの犬小屋 (ねじめ)] ウラギリアーマービヒントウロク (アイドルマスター ミリオンライブ!),Uragiri Armor Bihin Touroku,japanese,nejime,nejime no inugoya,doujinshi,the idolmaster,tsubasa ibuki,"big breasts, group, rape, leotard, out of order, gang rape",13,2026-09-02 16:01:13,2026-09-02 16:01:13,2026-09-05 01:10:30
677800,[Zenoside (Zeno)] Lyrica-chan to Uwaki Ecchi | 與莉莉卡的偷情艷遇 (Touhou Project) [Chinese] [明稿昨拖漢化組] [Digital],[ぜのさいど (是乃)] リリカちゃんと浮気えっち (東方Project) [中国翻訳] [DL版],Lyrica-chan to Uwaki Ecchi | 與莉莉卡的偷情艷遇,"translated, chinese",zeno,zenoside,doujinshi,touhou project,lyrica prismriver,"sole female, sole male, bald",19,2026-09-02 16:02:38,2026-09-02 16:02:38,2026-09-05 01:10:42
677801,[Shinohara Heavy Industry (Various)] Hatsunex (Vocaloid) [Digital] [Chinese] [GrimmAean个人汉化],[篠原重工営業部 (よろず)] ハツネックス (VOCALOID) [DL版][GrimmAean个人汉化],Hatsunex,"translated, chinese","musahiya, haruna mao, musasiya chogenbo, ukyochu, akatsuki",shinohara heavy industry,doujinshi,vocaloid,"len kagamine, miku hatsune, rin kagamine","kissing, nakadashi, stockings, blowjob, twintails, goudoushi, rough translation",44,2026-09-02 16:05:29,2026-09-02 16:05:29,2026-09-05 01:10:53
677802,[Otochichi] Fella Mask Fujin [Chinese],[おとちち] フェラマスク夫人 [中国翻訳],Fella Mask Fujin,"translated, chinese",otochichi,,manga,,,"milf, big breasts, chastity belt, humiliation, mmf threesome, group, glasses, netorare, story arc, condom, moral degeneration, anal, blowjob face, ffm threesome, masked face, double penetration, tankoubon, stockings, orgasm denial, dilf, blowjob, big penis, collar, bbm, deepthroat, beauty mark, ponytail, leash, mouth mask, anal intercourse, exposed clothing, netorase",173,2026-09-02 16:16:02,2026-09-02 16:16:02,2026-09-05 01:11:04
677803,(C105) [Takemura Saketen with Maichan Kikaku (Final)] Chie no Kounai Roshutsu Biyori (THE IDOLM@STER CINDERELLA GIRLS),(C105) [タケムラ酒店 with まいちゃん企画 (Final)] 千枝の校内露出日和 (アイドルマスター シンデレラガールズ),Chie no Kounai Roshutsu Biyori,japanese,final,takemura saketen,doujinshi,the idolmaster,chie sasaki,"lolicon, exhibitionism, full color, out of order, sole female, no penetration",11,2026-09-02 16:18:27,2026-09-02 16:18:27,2026-09-05 01:11:15
677804,[Hatogoya (Hatoharu)] Shinsei Borderline (Blue Archive) [Digital],[鳩小屋 (鳩春)] 沁星ボーダーライン (ブルーアーカイブ) [DL版],Shinsei Borderline,japanese,suruga rinu,hatogoya,doujinshi,blue archive,"sensei, eri shirao","big breasts, witch, invisible, halo",53,2026-09-02 16:28:25,2026-09-02 16:28:25,2026-09-05 01:11:26
677805,"[Kurumiya (Kaminomiya Yuuri, Doroshii)] Henshin TS Mesugaki Oji-san to P-katsu Ecchi [MTL]",[くるみ屋 (来宮悠里、どろしぃ)] 変身TSメ○ガキおじさんとP活えっち,Henshin TS Mesugaki Oji-san to P-katsu Ecchi,"english, translated",dorothy,kurumiya,doujinshi,original,,"prostitution, nakadashi, hairy, lolicon, pantyhose, gender bender, sole female, sole male, rough translation",27,2026-09-02 16:33:36,2026-09-02 16:33:36,2026-09-05 01:11:38
677806,[listless time (ment)] Aiko ni Dosukebe Massage suru Hon (THE IDOLM@STER CINDERELLA GIRLS) [Digital] [MTL],[listless time (ment)] 藍子にドスケベマッサージする本 (アイドルマスターシンデレラガールズ) [DL版],Aiko ni Dosukebe Massage suru Hon,"english, translated",ment,listless time,doujinshi,the idolmaster,"producer, aiko takamori","swimsuit, oil, bikini, sole female, sole male, hair buns, rough translation, nipple stimulation",31,2026-09-02 16:35:53,2026-09-02 16:35:53,2026-09-05 01:11:49
677807,(IDOL STAR FESTIV@L 12) [Applemikan (Akagirinko)] Devil trap (THE IDOLM@STER MILLION LIVE!) [English] [MTL],(IDOL STAR FESTIV@L 12) [あっぷるみかん (赤樹りんこ)] Devil trap (アイドルマスター ミリオンライブ!) [英訳],Devil trap,"english, translated",,,doujinshi,the idolmaster,"producer, tsubasa ibuki","sole female, sole male, rough translation",15,2026-09-02 16:37:07,2026-09-02 16:37:07,2026-09-05 01:12:00
677808,(C85) [Atelier Maruwa (Maruwa Tarou)] Okusama wa iDOL -Iori to Shoya Hen- (THE IDOLM@STER) [English] [MTL],(C85) [アトリエ丸和 (丸和太郎)] 奥さまはiDOL -伊織と初夜編- (アイドルマスター) [英訳],Okusama wa iDOL -Iori to Shoya Hen-,"english, translated",maruwa tarou,atelier maruwa,doujinshi,the idolmaster,"producer, iori minase","defloration, full color, stockings, impregnation, sole female, sole male, rough translation",19,2026-09-02 16:38:32,2026-09-02 16:38:32,2026-09-05 01:12:11
677809,パイズリ我慢できるかな,,パイズリ我慢できるかな,"english, translated",saitou dareka,dareka no circle,doujinshi,original,,"big breasts, full censorship, scanmark, paizuri, shotacon, ponytail, focus paizuri, rough translation",33,2026-09-02 16:45:07,2026-09-02 16:45:07,2026-09-05 01:12:22
677810,[Horn_wood] プリマスの検査！,,プリマスの検査！,japanese,horn-wood,,doujinshi,azur lane,plymouth,"big breasts, nurse, gloves",6,2026-09-02 16:45:45,2026-09-02 16:45:45,2026-09-05 01:12:34
677811,地味子のパイズリ無双,,地味子のパイズリ無双,"english, translated",saitou dareka,,doujinshi,original,,"big breasts, glasses, scanmark, paizuri, mosaic censorship, focus paizuri, rough translation",36,2026-09-02 16:48:07,2026-09-02 16:48:07,2026-09-05 01:12:45
677812,[Murasakiiro no Yoru (Murasaki*)] Ecchi Na Onee-san Kanojo to Yarisugi Onsen Ryokou - WE FOLLOW THE RAIN. THE WORLD BECOMES QUIET. [Chinese] [山嵐个人汉化] [Digital],[むらさきいろのよる (むらさき*)] えっちなお姉さんカノジョとヤリすぎ温泉旅行 [中国翻訳] [DL版],Ecchi Na Onee-san Kanojo to Yarisugi Onsen Ryokou - WE FOLLOW THE RAIN. THE WORLD BECOMES QUIET.,"translated, chinese",murasaki,murasakiiro no yoru,doujinshi,original,,"nakadashi, kimono, x-ray, multi-work series, blowjob, sole female, sole male",26,2026-09-02 16:50:00,2026-09-02 16:50:00,2026-09-05 01:12:57
677813,[mononobe] Experiment Report from the Demon King’s Army R&D Lab — Hero Leona: Spherical Compression Experiment —,[もののべ] 魔王軍 技術開発室の実験報告 ─勇者レオナ 球体圧縮実験─,Experiment Report from the Demon King’s Army R&D Lab — Hero Leona: Spherical Compression Experiment —,japanese,mononobe,,doujinshi,original,,"forniphilia, full color, mind break, tentacles",94,2026-09-02 16:55:52,2026-09-02 16:55:52,2026-09-05 01:13:08
677814,おっぱいで挟まれる幸せを指揮官様に♡,,おっぱいで挟まれる幸せを指揮官様に♡,"english, translated",,,doujinshi,azur lane,"taihou, shikikan","big breasts, scanmark, paizuri, twintails, focus paizuri, multiple orgasms, rough translation",28,2026-09-02 16:57:59,2026-09-02 16:57:59,2026-09-05 01:13:19
677815,[Zetsu Red Zone(Zetsu Red)] Minase Rinka no Hi Nichijou [Chinese] [BLUE氪个人翻译] [Digital],[ゼツレッドゾーン(ゼツレッド)] 水瀬鈴華の非日常 [中国翻訳] [DL版],Minase Rinka no Hi Nichijou,"translated, chinese",zetu red,,doujinshi,original,,"bdsm, big breasts, gag, humiliation, coach, sex toys, bondage, rape, teacher, blindfold, collar, slave, sole female, leash, petplay, forced exposure",32,2026-09-02 17:04:21,2026-09-02 17:04:21,2026-09-05 01:13:30
677816,[Sako Toru (Toru Sako)] It was someone else's problem [Digital],[佐古とーる (佐古透)] 俺には関係のない話だった [DL版],It was someone else's problem,japanese,sakotoru,,doujinshi,original,,"males only, yaoi, collar",163,2026-09-02 17:15:47,2026-09-02 17:15:47,2026-09-05 01:13:42
677817,[Sako Toru (Toru Sako)] It was someone else's problem | 曾经与我无关之事 [Chinese] [Digital],[佐古とーる (佐古透)] 俺には関係のない話だった [中国翻訳] [DL版],It was someone else's problem | 曾经与我无关之事,"translated, chinese",sakotoru,,doujinshi,original,,"males only, yaoi, collar",163,2026-09-02 17:26:27,2026-09-02 17:26:27,2026-09-05 01:13:53
677818,[Kirameki Sanmyaku (Geki-Sum)] Paizuri Glück (Azur Lane) [English]  [Digital],[きらめき山脈 (ゲキサム)] 乳交グリュック (アズールレーン) [英訳] [DL版],Paizuri Glück,"english, translated",,,doujinshi,azur lane,"prinz eugen, shikikan","big breasts, full censorship, scanmark, paizuri, focus paizuri, rough translation",22,2026-09-02 17:28:07,2026-09-02 17:28:07,2026-09-05 01:14:04
677819,VS乳魔なパイズリ本 エナノ編,,VS乳魔なパイズリ本 エナノ編,"english, translated",,,doujinshi,original,,"big breasts, huge breasts, scanmark, demon girl, breast expansion, big areolae, paizuri, focus paizuri, rough translation",25,2026-09-02 17:29:53,2026-09-02 17:29:53,2026-09-05 01:14:16
677820,[Kokusan JK (Velzhe)] Kagi Catch Challenge!! | 露出抓钥匙挑战!! [Chinese] [至倾礼个人汉化] [Digital],[国産JK (ベルゼ)] 鍵キャッチチャレンジ!! [中国翻訳]  [DL版],Kagi Catch Challenge!! | 露出抓钥匙挑战!!,"translated, chinese",velzhe,kokusan jk,doujinshi,original,,"squirting, big breasts, masturbation, schoolgirl uniform, hairy, solo action, exhibitionism, filming, blackmail, blowjob, sole female, mesuiki",53,2026-09-02 17:33:05,2026-09-02 17:33:05,2026-09-05 01:14:28
677821,[ババロア三原色] 酒カスお姉さんを一晩泊めて！,[ババロア三原色] 酒カスお姉さんを一晩泊めて！,酒カスお姉さんを一晩泊めて！,japanese,,,doujinshi,original,,"unusual teeth, big breasts, glasses, sole female, sole male",18,2026-09-02 17:34:37,2026-09-02 17:34:37,2026-09-05 01:14:39
677822,[ババロア三原色] 銀鏡イオリと先生の漫画  (ブルーアーカイブ),[ババロア三原色] 銀鏡イオリと先生の漫画  (ブルーアーカイブ),銀鏡イオリと先生の漫画,japanese,,,doujinshi,blue archive,iori shiromi,"sole female, sole male, twintails, eye-covering bang, halo",7,2026-09-02 17:35:34,2026-09-02 17:35:34,2026-09-05 01:14:52
677823,[English] [Nigiri Usagi] Atsumare! Tontoko Farmers 1-4,[にぎりうさぎ] あつまれ！とんとこファーマーズ 1-4,Atsumare! Tontoko Farmers 1-4,"english, translated",nigiri usagi,,doujinshi,original,,"sweating, kissing, big breasts, old man, glasses, nakadashi, multi-work series, dilf, impregnation, big penis, sole female, sole male, bald",36,2026-09-02 17:37:59,2026-09-02 17:37:59,2026-09-05 01:15:03
677824,[沖葉] 【ショート2p】ジャージ型水着甘奈,[沖葉] 【ショート2p】ジャージ型水着甘奈,【ショート2p】ジャージ型水着甘奈,japanese,okiha,,doujinshi,the idolmaster,"producer, amana osaki","swimsuit, mosaic censorship, sole female, sole male, ponytail",3,2026-09-02 17:38:28,2026-09-02 17:38:28,2026-09-05 01:15:14
677825,[キツネコパンダヌキ] 寄生怪人誕生～悪堕魔法少女～,[キツネコパンダヌキ] 寄生怪人誕生～悪堕魔法少女～,寄生怪人誕生～悪堕魔法少女～,japanese,pandanuki,kitsunekopandanuki,doujinshi,original,,"futanari, big breasts, corruption, pregnant, magical girl, big ass, snuff, x-ray, breast expansion, guro, mosaic censorship, parasite, cumflation, cockphagia, dickgirl on female, navel birth",87,2026-09-02 17:54:58,2026-09-02 17:54:58,2026-09-05 01:15:25
677826,[Pettaroya (Kanae P Taro)] Shinjin Magical Boy Katsudou Kiroku [Chinese] [Digital],[ぺったろ屋 (金江P太郎)] 新人マジカルボーイ活動記録 [中国翻訳] [DL版],Shinjin Magical Boy Katsudou Kiroku,"translated, chinese",kanae p taro,pettaroya,doujinshi,original,,"magical girl, anal, crossdressing, males only, yaoi, tomgirl, anal intercourse, rough translation",49,2026-09-02 17:58:21,2026-09-02 17:58:21,2026-09-05 01:15:37
677827,[Hakugyoku Aquarea (Hakugi)] kanau hazu ga nai | 無法實現 (Touhou Project) [Chinese] [明稿昨拖漢化組] [Digital],[白玉アクエリア (白義)] かなうはずがない (東方project) [中国翻訳] [DL版],kanau hazu ga nai | 無法實現,"translated, chinese",hakugi,hakugyoku aquarea,doujinshi,touhou project,"nazrin, shou toramaru","females only, mouse girl, yuri, fingering, tribadism, catgirl, kemonomimi, tail",23,2026-09-02 18:00:18,2026-09-02 18:00:18,2026-09-05 01:15:48
677828,[Hakugyoku Aquarea (Hakugi)] kanau hazu ga nai (Touhou Project) [Digital],[白玉アクエリア (白義)] かなうはずがない (東方project) [DL版],kanau hazu ga nai,japanese,hakugi,hakugyoku aquarea,doujinshi,touhou project,"nazrin, shou toramaru","females only, mouse girl, yuri, tribadism, catgirl, kemonomimi, tail",22,2026-09-02 18:01:56,2026-09-02 18:01:56,2026-09-05 01:16:00
677829,[Sensei Prison Club (LIJ)] The Angels' Delusional Care  (FF47)(DLsite) [Chinese] [Traditional],[牢師聚集所 (老農李澤)] 天使們的妄想照護 (ゼンレスゾーンゼロ) [中国語] [DL版],The Angels' Delusional Care,chinese,,,doujinshi,zenless zone zero,"aria, wise, sunna, nangong yu","group, harem, lolicon, sole male",36,2026-09-02 18:08:58,2026-09-02 18:08:58,2026-09-05 01:16:11
677830,[Kuzumotu] Kusuguri Taisei 0 dakedo Kocho Kocho Yokkyuu MAX na Tensai Muteki no Kunoichi-chan [Chinese] [wattson个人汉化],[くずもつ] くすぐり耐性０だけどこちょこちょ欲求MAXな天才無敵のくノ一ちゃん [中国翻訳],Kusuguri Taisei 0 dakedo Kocho Kocho Yokkyuu MAX na Tensai Muteki no Kunoichi-chan,"translated, chinese",kuzumotu,,doujinshi,original,,"sweating, group, females only, glasses, masturbation, schoolgirl uniform, urination, ahegao, sex toys, femdom, bondage, demon girl, tickling, yuri, multi-work series, armpit licking, saliva, mind break, kunoichi, no penetration, forced exposure, mesuiki, crying, nipple stimulation",46,2026-09-02 18:12:02,2026-09-02 18:12:02,2026-09-05 01:16:22
677831,[ムル@@] 八尺マ〇のおまけ（モノクロ２P漫画）,[ムル@@] 八尺マ〇のおまけ（モノクロ２P漫画）,八尺マ〇のおまけ（モノクロ２P漫画）,japanese,,muru no honbako,doujinshi,original,,"big breasts, shotacon, sole female, sole male",4,2026-09-02 18:12:34,2026-09-02 18:12:34,2026-09-05 01:16:33
677832,[Echizen Bugyousho (Aramaki Echizen)] nagisa no invitation | 来自渚的invitation (Blue Archive) [Chinese] [欶澜汉化组] [Digital],[越前奉行所 (荒巻越前)] ナギサのinvitation (ブルーアーカイブ) [中国翻訳] [DL版],nagisa no invitation | 来自渚的invitation,"translated, chinese",aramaki echizen,echizen bugyousho,doujinshi,blue archive,"nagisa kirifuji, sensei","wings, swimsuit, nakadashi, paizuri, sole female, sole male, ponytail, halo",31,2026-09-02 18:15:12,2026-09-02 18:15:12,2026-09-05 01:16:45
677833,[Blitzkrieg (Niwatori Gunsou)] Murabito VS Saikyou Succubus Gundan [Chinese],[ブリッツクリーク (にわとり軍曹)] 村人VS最強サキュバス軍団 [中国翻訳],Murabito VS Saikyou Succubus Gundan,"translated, chinese",niwatori gunsou,blitzkrieg,doujinshi,original,,"futanari, group, demon girl, gloves, rough translation",43,2026-09-02 18:18:11,2026-09-02 18:18:11,2026-09-05 01:16:56
677834,[Egyptsobaya (Taikou)] Nama Cream Totsugeki Sakusen (Girls und Panzer) [Chinese] [小梦个人汉化],(C96) [エジプトそば屋 (タイコウ)] 生クリーム突撃作戦 (ガールズ＆パンツァー),Nama Cream Totsugeki Sakusen,"translated, chinese",taikou,egyptsobaya,doujinshi,girls und panzer,,"group, glasses, anal, lolicon, bukkake, blowjob, deepthroat, anal intercourse",8,2026-09-02 18:19:46,2026-09-02 18:19:46,2026-09-05 01:17:08
677835,[御劔シュガー] 友達以上恋人超過のアルキャスさんの漫画 (Fate/Grand Order),[御劔シュガー] 友達以上恋人超過のアルキャスさんの漫画 (Fate/Grand Order),友達以上恋人超過のアルキャスさんの漫画,japanese,,,doujinshi,fate grand order,"gudao, artoria caster","sole female, sole male, very long hair",6,2026-09-02 18:20:26,2026-09-02 18:20:26,2026-09-05 01:17:19
677836,[Egyptsobaya (Taikou)] Sodoko no Fuuki ga Midareru! (Girls und Panzer) [Chinese] [小梦个人汉化],(サンクリ2018 Spring) [エジプトそば屋 (タイコウ)] そど子の風紀が乱れる! (ガールズ&パンツァー),Sodoko no Fuuki ga Midareru!,"translated, chinese",taikou,egyptsobaya,doujinshi,girls und panzer,midoriko sono,"futanari, group, schoolgirl uniform, nakadashi, anal, lolicon, double penetration, bukkake, blowjob",8,2026-09-02 18:22:05,2026-09-02 18:22:05,2026-09-05 01:17:30
677837,[Egyptsobaya (Taikou)] Child-kan Series Dokan to Ippatsu! Doronbou (Yoru no Yatterman) [Chinese] [小梦个人汉化] [Digital],[エジプトそば屋 (タイコウ)] チャイルド姦シリーズ・ド姦と一発!ドロン棒 (夜ノヤッターマン) [中国翻訳] [DL版],Child-kan Series Dokan to Ippatsu! Doronbou,"translated, chinese",taikou,egyptsobaya,doujinshi,yoru no yatterman,leopard doronjo,"group, lolicon, full color, mosaic censorship",15,2026-09-02 18:25:17,2026-09-02 18:25:17,2026-09-05 01:17:41
677838,[Egyptsobaya (Taikou)] Tsuchinoko no Chitsu (Kemono Friends) [Chinese] [小梦个人汉化] [Digital],[エジプトそば屋 (タイコウ)] ツチノコノチツ (けものフレンズ) [中国翻訳] [DL版],Tsuchinoko no Chitsu,"translated, chinese",taikou,egyptsobaya,doujinshi,kemono friends,tsuchinoko,"group, anal, lolicon, full color, double penetration, mosaic censorship, stomach deformation, sole female",19,2026-09-02 18:29:06,2026-09-02 18:29:06,2026-09-05 01:17:53
677839,[Egyptsobaya (Taikou)] Brouni Fuuzoku!! ~Aeolis Ooichi Shucchouten~ (Etrian Odyssey V) [Chinese] [小梦个人汉化] [Digital],[エジプトそば屋 (タイコウ)] ブラニー風俗!! ～アイオリス大市出張店～ (世界樹の迷宮V) [中国翻訳] [DL版],Brouni Fuuzoku!! ~Aeolis Ooichi Shucchouten~,"translated, chinese",taikou,egyptsobaya,doujinshi,etrian odyssey,,"anal, dark skin, lolicon, full color, mosaic censorship, low shotacon, shotacon",20,2026-09-02 18:33:32,2026-09-02 18:33:32,2026-09-05 01:18:04
677840,[Egyptsobaya (Taikou)] Ro Ana-Plu Hakuchi (Kantai Collection -KanColle-) [Chinese] [小梦个人汉化] [Digital],[エジプトそば屋 (タイコウ)] 呂穴ぷら泊地 (艦隊これくしょん -艦これ-) [中国翻訳] [DL版],Ro Ana-Plu Hakuchi,"translated, chinese",taikou,,doujinshi,kantai collection,ro-500,"group, anal, lolicon, full color, double penetration, tanlines, mosaic censorship, rape, blowjob, stomach deformation, gang rape",21,2026-09-02 18:37:50,2026-09-02 18:37:50,2026-09-05 01:18:15
677841,"[Mori no Hito (Mokuyama Hito)] Hisashiburi ni Kisei Shitara Osananajimi ga Chichi ni Dakareteta | When I Returned Home After a Long Time, My Childhood Friend Was Being Taken by My Father [English] [Digital]",[森の人 (木山ヒト)] 久しぶりに帰省したら幼馴染が父に抱かれてた [英訳] [DL版],"Hisashiburi ni Kisei Shitara Osananajimi ga Chichi ni Dakareteta | When I Returned Home After a Long Time, My Childhood Friend Was Being Taken by My Father","english, translated",mokuyama hito,mori no hito,doujinshi,original,,"big breasts, netorare, big areolae, rough translation",32,2026-09-02 18:40:07,2026-09-02 18:40:07,2026-09-05 01:18:27
677842,[Imomuya Honpo - Singleton (Azuma Yuki)] Ayamachi wa Himegoto no Hajimari 4 [English] [Digital],[いもむや本舗 - Singleton (あずまゆき)] 過ちは秘事のはじまり4 [英訳] [DL版],Ayamachi wa Himegoto no Hajimari 4,"english, translated",azuma yuki,imomuya honpo,doujinshi,original,,"nakadashi, lolicon, footjob, multi-work series, teacher, sole female, sole male",29,2026-09-02 18:46:14,2026-09-02 18:46:14,2026-09-05 01:18:38
677843,[Mr.way] Taiyou no Oujo Gwynevere ni Dakaretai!!!! (DARK SOULS) | 太阳公主的宠爱[Chinese][ADA个人机翻],[Mr.way] 太陽の王女グウィネヴィアに抱かれたい!!!! (ダークソウル)[中国翻訳][ADA个人机翻],Taiyou no Oujo Gwynevere ni Dakaretai!!!! (DARK SOULS) | 太阳公主的宠爱,"translated, chinese",mr.way,,doujinshi,"demons souls, black souls",gwynevere,"big breasts, pregnant, dark skin, tall girl, giantess, impregnation, muscle, sole female, sole male, rough translation",9,2026-09-02 18:47:05,2026-09-02 18:47:05,2026-09-05 01:18:49
677844,[Sayuumigi] Drunken Primrose,[さゆうみぎ] 酔いどれサクラソウ,Drunken Primrose,japanese,,sayuumigi,doujinshi,original,,"sleeping, hairy, drunk, lingerie, rape, sole male",39,2026-09-02 18:54:37,2026-09-02 18:54:37,2026-09-05 01:19:00
677845,[Ichigo Crepe Oomorigumi (Yoko Juusuke)] An Adult At My Mercy: My Friend's Mommy Used To Be In AV [English] [Sonarin迫] [Digital],[いちごクレープ大盛組 (横十輔)] オトナがいいなりっ【昔ＡＶに出てた友達のママ】,An Adult At My Mercy: My Friend's Mommy Used To Be In AV,"english, translated",yoko juusuke,ichigo crepe oomorigumi,doujinshi,original,,"milf, big breasts, blackmail, blowjob, shotacon, sole female, sole male, smalldom",45,2026-09-02 19:02:43,2026-09-02 19:02:43,2026-09-05 01:19:11
677846,[うずら土瓶] suはなんでも知ってるもん エロ漫画 (ホロライブ),[うずら土瓶] suはなんでも知ってるもん エロ漫画 (ホロライブ),suはなんでも知ってるもん エロ漫画,japanese,uzura dobin,,doujinshi,hololive,mizumiya su,"lolicon, sole female, sole male, vtuber",6,2026-09-02 19:04:01,2026-09-02 19:04:01,2026-09-05 01:19:23
677847,[Buchiyama Melon Peach (Buchiyama Buchio)] Nagachichi Elf wa Kotowarenai [Chinese] [COW个人汉化] [Digital],[ぶちやまメロンピーチ (ぶちやまぶちお)] 長乳エルフは断れない [中国翻訳] [DL版],Nagachichi Elf wa Kotowarenai,"translated, chinese",buchiyama buchio,buchiyama melon peach,doujinshi,original,,"elf, big breasts, bbw, big ass, condom, nakadashi, ahegao, huge breasts, hairy, x-ray, big areolae, blackmail, inverted nipples, big penis, sole female, sole male",45,2026-09-02 19:06:56,2026-09-02 19:06:56,2026-09-05 01:19:34
677848,[Tanuking Sleep (Drachef)] Yuusha no Mama wa Hamerarete Shimatta! | The Hero’s Mother Got Fucked! [English]  [Digital],[たぬきんぐすりーぷ (ドラチェフ)] 勇者のママはハメられてしまった! [英訳]  [DL版],Yuusha no Mama wa Hamerarete Shimatta! | The Hero’s Mother Got Fucked!,"english, translated",drachef,tanuking sleep,doujinshi,original,,"big breasts, netorare, ahegao, huge breasts, incest, widow, bbm, shotacon, rough translation, low incest, smalldom",35,2026-09-02 19:13:48,2026-09-02 19:13:48,2026-09-05 01:19:45
677849,[honnoshiromi] Kyoshiri Hasshaku Shounen Kitan -Kasane- [Digital],[ほんのしろみ] 巨尻八尺少年奇譚-重- [DL版],Kyoshiri Hasshaku Shounen Kitan -Kasane-,japanese,honno shiromi,,doujinshi,,hasshaku-sama,"big breasts, big lips, bbw, big ass, nakadashi, huge breasts, blowjob face, femdom, ghost, x-ray, multi-work series, stockings, tall girl, blowjob, shotacon, sole female, sole male, small penis, very long hair, eye-covering bang",48,2026-09-02 19:21:54,2026-09-02 19:21:54,2026-09-05 01:19:57
677850,Tomo chan Is  a Pred2,小智是捕食者2,Tomo chan Is  a Pred2,"translated, chinese",,,doujinshi,original,,"schoolgirl uniform, vore, pixie cut",24,2026-09-02 19:24:05,2026-09-02 19:24:05,2026-09-05 01:20:08
677851,My Busty Girlfriend Project,,My Busty Girlfriend Project,english,mn,,doujinshi,original,,"big breasts, schoolboy uniform, glasses, netorare, cheating, schoolgirl uniform, nakadashi, huge breasts, exhibitionism, full color, bunny girl, big areolae, cowgirl, filming, sole female, no penetration, mesuiki",20,2026-09-02 19:25:32,2026-09-02 19:25:32,2026-09-05 01:20:19
677852,Tomo chan Is  a Pred 1,小智是捕食者1,Tomo chan Is  a Pred 1,"translated, chinese",,,doujinshi,tomo-chan wa onnanoko,tomo aizawa,"schoolgirl uniform, vore, pixie cut",20,2026-09-02 19:26:59,2026-09-02 19:26:59,2026-09-05 01:20:31
677853,[hellaP] 도미나의 일탈 (Overwatch) (小羌寶個人漢化),,도미나의 일탈,"translated, chinese",hellap,,doujinshi,overwatch,domina,"big breasts, dark nipples, dark skin, rough translation",30,2026-09-02 19:29:01,2026-09-02 19:29:01,2026-09-05 01:20:42
677854,(C108) [Water Drop (MA-SA)] Asuna ni Furimawasarete (Blue Archive) [Chinese],(C108) [うぉーたーどろっぷ (MA-SA)] アスナに振り回されて (ブルーアーカイブ) [中国翻訳],Asuna ni Furimawasarete,"translated, chinese",ma-sa,water drop,doujinshi,blue archive,"asuna ichinose, sensei","big breasts, humiliation, big ass, schoolgirl uniform, nakadashi, ahegao, exhibitionism, big areolae, stockings, paizuri, collar, sole female, sole male, leash, very long hair, eye-covering bang, extraneous ads, halo",33,2026-09-02 19:31:27,2026-09-02 19:31:27,2026-09-05 01:20:54
677855,[Henreader] Anaru de Gomenma! [English],,Anaru de Gomenma!,english,henreader,,doujinshi,ano hi mita hana no namae wo bokutachi wa mada shiranai,"chiriko tsurumi, naruko anjou, meiko honma","glasses, anal, lolicon, mosaic censorship",12,2026-09-02 19:34:17,2026-09-02 19:34:17,2026-09-05 01:21:05
677856,[へんりいだ] あなるでごめんま！,[へんりいだ] あなるでごめんま！,あなるでごめんま！,japanese,henreader,,doujinshi,ano hi mita hana no namae wo bokutachi wa mada shiranai,"chiriko tsurumi, naruko anjou, meiko honma","glasses, anal, lolicon, mosaic censorship",12,2026-09-02 19:36:26,2026-09-02 19:36:26,2026-09-05 01:21:16
677857,[laliberte] SPIRAL [English],,SPIRAL,english,laliberte,,doujinshi,original,,"maid, big breasts, swimsuit, humiliation, netorare, cheating, dark skin, bikini, x-ray, gyaru-oh, stockings, cowgirl, apron, mosaic censorship, voyeurism, impregnation, muscle, collar, sole female, kemonomimi, ponytail, horns, gloves, very long hair, exposed clothing",98,2026-09-02 19:42:20,2026-09-02 19:42:20,2026-09-05 01:21:27
677858,[laliberte] SPIRAL,,SPIRAL,japanese,laliberte,,doujinshi,original,,"maid, big breasts, swimsuit, humiliation, netorare, uncensored, cheating, dark skin, bikini, x-ray, gyaru-oh, stockings, cowgirl, mosaic censorship, voyeurism, impregnation, muscle, big penis, collar, sole female, kemonomimi, ponytail, horns, gloves, very long hair, exposed clothing",98,2026-09-02 19:48:42,2026-09-02 19:48:42,2026-09-05 01:21:39
677859,[Tanaka no Miso] Nyuugyuu no Kaikata Mika Maruwakari Soushuuhen [小雪機翻潤色] [Chinese],[田中の味噌] 乳牛のカイカタ 美夏まるわかり総集編 [小雪機翻潤色] [中文翻譯],Nyuugyuu no Kaikata Mika Maruwakari Soushuuhen,"translated, chinese",,tanaka no miso,doujinshi,original,,"milf, big breasts, huge breasts, nipple fuck, lactation, gigantic breasts, soushuuhen, rough translation",203,2026-09-02 20:01:09,2026-09-02 20:01:09,2026-09-05 01:21:50
677860,[laliberte] SPIRAL,,SPIRAL,japanese,laliberte,,doujinshi,original,,"maid, kissing, big breasts, swimsuit, humiliation, unusual pupils, netorare, uncensored, cheating, dark skin, bikini, gyaru-oh, full color, stockings, rimjob, cowgirl, filming, mosaic censorship, voyeurism, impregnation, muscle, big penis, collar, sole female, kemonomimi, ponytail, horns, gloves, very long hair",98,2026-09-02 20:07:41,2026-09-02 20:07:41,2026-09-05 01:22:01
677861,[Takurowo-dou (Takurowo)] Namaiki Gal o Succubus ni Shite Oshioki Shitatta Ken Final [Chinese] [Digital],[タクロヲ堂 (タクロヲ)] 生意気ギャルをサキュバスにしてお仕置きしたった件Final [中国翻訳] [DL版],Namaiki Gal o Succubus ni Shite Oshioki Shitatta Ken Final,"translated, chinese",takurowo,takurowo-dou,doujinshi,original,,"big breasts, chastity belt, pregnant, group, glasses, netorare, nakadashi, ahegao, ffm threesome, harem, demon girl, multi-work series, lactation, bbm, oyakodon, crotch tattoo, extraneous ads",70,2026-09-02 20:12:21,2026-09-02 20:12:21,2026-09-05 01:22:13
677862,[laliberte] SPIRAL [English],,SPIRAL,english,laliberte,,doujinshi,original,,"maid, sweating, kissing, leg lock, big breasts, chastity belt, humiliation, unusual pupils, netorare, uncensored, story arc, masturbation, cheating, nakadashi, ahegao, femdom, dark skin, bikini, x-ray, gyaru-oh, full color, masked face, multi-work series, stockings, rimjob, cowgirl, paizuri, filming, mosaic censorship, ball sucking, voyeurism, impregnation, muscle, big penis, collar, sole female, kemonomimi, ponytail, horns, gloves, very long hair, exposed clothing, lipstick mark, netorase",98,2026-09-02 20:18:45,2026-09-02 20:18:45,2026-09-05 01:22:24
677863,"[EASY MODE HEROS (Anakuro)] Sensei, Fuuki ni Motto Sekuhara Shite | 老师，请对我做更多色色 (Blue Archive) [Chinese] [基沃托斯雷德王个人汉化] [Digital]",[EASY MODE HEROS (あなくろ)] 先生、私にもっとセクハラして (ブルーアーカイブ) [中国翻訳] [DL版],"Sensei, Fuuki ni Motto Sekuhara Shite | 老师，请对我做更多色色","translated, chinese",anakuro,easy mode heros,doujinshi,blue archive,"hina sorasaki, sensei","anal, sex toys, lolicon, exhibitionism, collar, catgirl, sole female, sole male, tail plug, kemonomimi, horns, leash, gloves, petplay, very long hair, halo",38,2026-09-02 20:26:11,2026-09-02 20:26:11,2026-09-05 01:22:36
677864,[ONEONE (彩月ユリィ)] 朝から夜まで愛が重い〜心霊系配信者はNTR(ねとられ)る前に溺愛したい〜[中国翻訳],(ONEONE (彩月ユリィ)] 朝から夜まで愛が重い〜心霊系配信者はNTR(ねとられ)る前に溺愛したい〜,朝から夜まで愛が重い〜心霊系配信者はNTR(ねとられ)る前に溺愛したい〜,"translated, chinese",,,doujinshi,original,,"yaoi, extraneous ads",40,2026-09-02 20:28:57,2026-09-02 20:28:57,2026-09-05 01:22:47
677865,[しつー] 仲良し３人組なのに、２人だけHな関係になってしまう話♡,[しつー] 仲良し３人組なのに、２人だけHな関係になってしまう話♡,仲良し３人組なのに、２人だけHな関係になってしまう話♡,japanese,stew,,doujinshi,original,,"big breasts, netorare, fingering, webtoon, shaved head, twintails, school gym uniform, nipple stimulation",35,2026-09-02 20:31:28,2026-09-02 20:31:28,2026-09-05 01:22:58
677866,[M-HIRO] Tooriame | Passing Rain (Comic LO 2002-10) [English] [MUTEKI TRANSLATIONS],とおり雨,Tooriame | Passing Rain,"english, translated",m-hiro,,manga,,,"uncensored, lolicon, rape, sole male",9,2026-09-02 20:33:09,2026-09-02 20:33:09,2026-09-05 01:23:09
677868,[Nonoya (Nonomura Hideki)] Phantom Rei 03 (生化少年) [Chinese],,Phantom Rei 03,"translated, chinese",nonomura hideki,,manga,,,"story arc, multi-work series, tankoubon",192,2026-09-02 20:55:03,2026-09-02 20:55:03,2026-09-05 01:23:31
677869,[Tempest (Various)] BlueArch U149 Haramase Goudou 2nd ~Ura Petit Archive 2nd~ (Blue Archive) [Chinese] [Jumppmuj個人漢化] [Digital],[Tempest (よろず)] ブルアカU149孕ませ合同2nd ～Ura Petit Archive 2nd～ (ブルーアーカイブ) [中国翻訳] [DL版],BlueArch U149 Haramase Goudou 2nd ~Ura Petit Archive 2nd~,"translated, chinese","shiki, harigane shinshi, uno ryoku, matetsu, netarou, shieko, nekotewi, rumiya isasa, asaka, nanasumi, ishimari yuuya, muchimo, djheycha, mamiyahara hitoshige, choco dice, mannen junyuuki, erory, gairou, hadukinton, epi, siroi sio, chiizu ore, dusu, harubaru haruto, aki hirame, usagi tosame, hakeashi, so-ryu, hurure, shachou, hayanye r, ajisawa aji, simejitake, parapara, yuchiberu, nagumo naruse",tempest,doujinshi,blue archive,sensei,"pregnant, netorare, cheating, prostitution, lolicon, stockings, impregnation, goudoushi, very long hair, halo, netorase",189,2026-09-02 21:31:21,2026-09-02 21:31:21,2026-09-05 01:23:43
677870,[Rettou Bishounen (Yukihiro)] 長谷川くんは父親とセックスしている,[列島美少年 (ユキヒロ)] 長谷川くんは父親とセックスしている,長谷川くんは父親とセックスしている,japanese,yukihiro,rettou bishounen,doujinshi,original,,"schoolboy uniform, group, glasses, masturbation, nakadashi, anal, males only, tanlines, yaoi, filming, voyeurism, blowjob, shotacon, shaved head, mmm threesome, anal intercourse, kodomo doushi",64,2026-09-02 21:35:42,2026-09-02 21:35:42,2026-09-05 01:23:54
677871,(C106) [Happy Mayonnaise (Asla)] Sensei Kore wa Watashi no Handan desu Douzo Goriyou Kudasai (Blue Archive) [English],(C106) [ハッピーマヨネーズ (アスラ)] 先生これは私の判断ですどうぞご利用ください (ブルーアーカイブ) [英訳],Sensei Kore wa Watashi no Handan desu Douzo Goriyou Kudasai,"english, translated",asla,happy mayonnaise,doujinshi,blue archive,"sensei, rio tsukatsuki","big breasts, urination, nakadashi, asphyxiation, defloration, multi-work series, pantyhose, blowjob, big penis, deepthroat, sole female, sole male, very long hair, exposed clothing, halo",38,2026-09-02 21:38:13,2026-09-02 21:38:13,2026-09-05 01:24:05
677872,[NikomiC Ramen (Nichijou)] Kei-chan kuchi Ecchi Hon | 凯伊酱的口交色色本 (Blue Archive) [Chinese] [Digital],[NikomiC Ramen (日常)] ケイちゃんお口えっち本 (ブルーアーカイブ) [中国翻訳] [DL版],Kei-chan kuchi Ecchi Hon | 凯伊酱的口交色色本,"translated, chinese",nichijou,nikomic ramen,doujinshi,blue archive,"sensei, kei tendou","blowjob, sole female, clothed female nude male, no penetration, focus blowjob, halo",7,2026-09-02 21:39:05,2026-09-02 21:39:05,2026-09-05 01:24:16
677873,[斑気 (織杜)] 苛苛する！！  (Hoozuki no Reitetsu) [Digital],[斑気 (織杜)] 苛苛する！！  (鬼灯の冷徹) [DL版],苛苛する！！,japanese,,,doujinshi,hoozuki no reitetsu,"hakutaku, hoozuki","oni, solo action, males only, horns",24,2026-09-02 21:40:49,2026-09-02 21:40:49,2026-09-05 01:24:27
677874,[Nekohachi Eigyoubu (Neko Samurai)] Bokura no Megami-sama wa... 2,[猫八営業部 (猫サム雷)] 僕らの女神さまは…2,Bokura no Megami-sama wa... 2,"english, translated",neko samurai,nekohachi eigyoubu,doujinshi,original,,"kissing, big breasts, bbw, mmf threesome, group, netorare, big ass, condom, coach, nakadashi, ahegao, huge breasts, anal, sex toys, blowjob face, dark skin, x-ray, gyaru-oh, full color, multi-work series, double penetration, big areolae, paizuri, blowjob, muscle, big penis, beauty mark, gloves, stirrup legwear, anal intercourse, smalldom, nipple piercing, multiple pairings",89,2026-09-02 21:46:45,2026-09-02 21:46:45,2026-09-05 01:24:39
677875,(C108) [Muchi Pani DAYS (Maki Ikazuya)]  Sokubaku no  Yukari Zone (Pokémon LEGENDS Z-A),(C108) [むちパニDAYS (まきいかずや)]  束縛のユカリゾーン  (ポケモンレジェンズゼットエー),Sokubaku no  Yukari Zone,japanese,maki ikazuya,muchi pani days,doujinshi,pokemon,"paxton, jacinthe, lebanne","maid, pregnant, group, nakadashi, ffm threesome, dark skin, x-ray, lactation, impregnation, sole male, drill hair, very long hair",37,2026-09-02 21:49:12,2026-09-02 21:49:12,2026-09-05 01:24:50
677876,(C108) [AERODOG (inu)] Chicchaku Natte mo Ecchi na Koto wa Rinami Onee-chan ni Makasenasai! (Gakuen IDOLM@STER),(C108) [AERODOG (inu)] ちっちゃくなってもエッチなことは莉波お姉ちゃんに任せなさい! (学園アイドルマスター),Chicchaku Natte mo Ecchi na Koto wa Rinami Onee-chan ni Makasenasai!,japanese,inu,aerodog,doujinshi,the idolmaster,"producer, rinami himesaki","big breasts, glasses, age regression, shotacon, sole female, sole male",34,2026-09-02 21:55:43,2026-09-02 21:55:43,2026-09-05 01:25:02
677877,[remora field (remora)] Kei-chan to Ichaicha Suru Hon | 与凯伊酱卿卿我我甜甜蜜蜜的本子 (Blue Archive) [Chinese] [欶澜汉化组] [Digital],[remora field (remora)] ケイちゃんといちゃいちゃする本 (ブルーアーカイブ) [中国翻訳] [DL版],Kei-chan to Ichaicha Suru Hon | 与凯伊酱卿卿我我甜甜蜜蜜的本子,"translated, chinese",remora,remora field,doujinshi,blue archive,"sensei, kei tendou","swimsuit, bikini, stockings, sole female, sole male, halo",26,2026-09-02 21:57:41,2026-09-02 21:57:41,2026-09-05 01:25:13
677878,[斑気 (織杜)] 只今、鬼風邪前線停滞中 (Hoozuki no Reitetsu) [Digital],[斑気 (織杜)] 只今、鬼風邪前線停滞中 (鬼灯の冷徹) [DL版],只今、鬼風邪前線停滞中,japanese,,,doujinshi,hoozuki no reitetsu,"hakutaku, hoozuki","oni, kimono, males only, yaoi, horns",25,2026-09-02 21:59:17,2026-09-02 21:59:17,2026-09-05 01:25:24
677879,[斑気 (織杜)] 甘やかし一夜 (Hoozuki no Reitetsu) [Digital],[斑気 (織杜)] 甘やかし一夜 (鬼灯の冷徹) [DL版],甘やかし一夜,japanese,,,doujinshi,hoozuki no reitetsu,"hakutaku, hoozuki","oni, males only, yaoi, horns",20,2026-09-02 22:01:07,2026-09-02 22:01:07,2026-09-05 01:25:35
677880,[Butachang] In Which a Slave Is Ravaged by a Shota [Colorized] [Full] [GodokinTranslation],,In Which a Slave Is Ravaged by a Shota,"translated, chinese",butachang,kireinabuta,doujinshi,original,,"big breasts, collar, shotacon, slave, sole female, smalldom",30,2026-09-02 22:07:00,2026-09-02 22:07:00,2026-09-05 01:25:47
677881,[NNL (Mary-san)] Ayane to Zenra Pool Biraki | 与绫音的全裸泳池开放日 (Blue Archive) [Chinese] [欶澜汉化组] [Digital],[NNL (メリサン)] アヤネと全裸プールびらき (ブルーアーカイブ) [中国翻訳] [DL版],Ayane to Zenra Pool Biraki | 与绫音的全裸泳池开放日,"translated, chinese",mary-san,nnl,doujinshi,blue archive,"ayane okusora, sensei","handjob, kissing, big breasts, swimsuit, glasses, big ass, nakadashi, x-ray, blowjob, sole female, sole male, nipple stimulation, halo, swimming pool",38,2026-09-02 22:09:34,2026-09-02 22:09:34,2026-09-05 01:25:58
677882,[窓際の蜂蜜 (冬紅葉)] キミと一緒ならいつだって (Uta no☆Prince-sama♪) [Digital],[窓際の蜂蜜 (冬紅葉)] キミと一緒ならいつだって (うたの☆プリンスさまっ♪) [DL版],キミと一緒ならいつだって,japanese,,,doujinshi,uta no prince-sama,"syo kurusu, ren jinguji","males only, yaoi",51,2026-09-02 22:12:43,2026-09-02 22:12:43,2026-09-05 01:26:09
677883,[White Lolita (Chatsune)] Succubus Ibuki no Hoshoku Time | 小魅魔伊吹的捕食时间 (Blue Archive) [Chinese] [欶澜汉化组] [Digital],[White Lolita (ちゃつね)] サキュバスイブキの捕食タイム (ブルーアーカイブ) [中国翻訳] [DL版],Succubus Ibuki no Hoshoku Time | 小魅魔伊吹的捕食时间,"translated, chinese",chatsune,,doujinshi,blue archive,"sensei, ibuki tanga","wings, nakadashi, demon girl, lolicon, x-ray, sole female, sole male, horns, tail, halo",24,2026-09-02 22:17:28,2026-09-02 22:17:28,2026-09-05 01:26:21
677884,[Momoiro-netsuduki (Kisaki Nana)] 【Muryō haifu hon】 Kahō 17 mu haihon (Osomatsu-San),【無料配布本】家宝17 無配本,【Muryō haifu hon】 Kahō 17 mu haihon,japanese,,,doujinshi,osomatsu-san,"ichimatsu matsuno, karamatsu matsuno","twins, cuntboy, brother, males only, incest, yaoi",8,2026-09-02 22:18:23,2026-09-02 22:18:23,2026-09-05 01:26:32
677885,[Seishi ni modoritai (Rohō Sakuya)] Zuppori ♂ Domannaka! (Osomatsu-San),ズッポリ♂どまんなか!,Zuppori ♂ Domannaka!,japanese,,,doujinshi,osomatsu-san,"choromatsu matsuno, ichimatsu matsuno","twins, anal, brother, males only, incest, double penetration, yaoi, rape, blowjob, anal intercourse",37,2026-09-02 22:21:08,2026-09-02 22:21:08,2026-09-05 01:26:43
677886,[かわさき] 明明对色色的事感兴趣，却因为性格太正经而完全不肯发生关系的巨乳马尾剑道部主将女友，被施下催眠而变得坦率 [三城个人汉化],[かわさき] えっちなことに興味はあるけど硬派な性格なので全然セックスさせてくれない剣道部主将デカ乳ポニテ彼女に、素直になるおまじない,明明对色色的事感兴趣，却因为性格太正经而完全不肯发生关系的巨乳马尾剑道部主将女友，被施下催眠而变得坦率,"translated, chinese",kawasaki,,doujinshi,original,,"big breasts, nakadashi, x-ray, mind control, big areolae, blowjob, sole female, sole male, ponytail",16,2026-09-02 22:22:18,2026-09-02 22:22:18,2026-09-05 01:26:54
677887,[窓際の蜂蜜 (冬紅葉)] Love Drinker (Ensemble Stars！) [Digital],[窓際の蜂蜜 (冬紅葉)] Love Drinker (あんさんぶるスターズ！) [DL版],Love Drinker,japanese,,,doujinshi,ensemble stars,"rei sakuma, kaoru hakaze","males only, yaoi",34,2026-09-02 22:24:34,2026-09-02 22:24:34,2026-09-05 01:27:05
677888,[オスワーニ] リクエストいただいたものです,[オスワーニ] リクエストいただいたものです,リクエストいただいたものです,japanese,osuwaani,,doujinshi,"blue dragon, dragon quest",,"collar, sole female, sole male, twintails",3,2026-09-02 22:25:05,2026-09-02 22:25:05,2026-09-05 01:27:17
677889,[ごくとくん] [全4P]御坂常識改変ひょっとこフェラ漫画 (とある魔術の禁書目録),[ごくとくん] [全4P]御坂常識改変ひょっとこフェラ漫画 (とある魔術の禁書目録),御坂常識改変ひょっとこフェラ漫画,japanese,kageusu gokuto,,doujinshi,toaru project,mikoto misaka,"blowjob face, full color, stockings, blowjob, sole female, sole male, no penetration, focus blowjob",4,2026-09-02 22:25:30,2026-09-02 22:25:30,2026-09-05 01:27:32
677890,[ぬ！ (nuu)] SummerTime (Fugou Keiji Balance: UNLIMITED) [Digital],[ぬ！ (nuu)] SummerTime (富豪刑事 Balance:UNLIMITED) [DL版],SummerTime,japanese,nuu,nu,doujinshi,original,,"swimsuit, anal, males only, yaoi, anal intercourse",47,2026-09-02 22:28:18,2026-09-02 22:28:18,2026-09-05 01:27:44
677891,[Taikuyamori (Tamahiro)] Anta no ananara | 只要你的穴就行 [Chinese] [桃紫の汉化] [Decensored][Digital],[対空ヤモリ (たまひろ)] あんたの穴なら [中国翻訳] [桃紫の汉化][無修正][DL版],Anta no ananara | 只要你的穴就行,"translated, chinese",tamahiro,taiku yamori,doujinshi,original,,"uncensored, males only, yaoi, small penis",26,2026-09-02 22:30:09,2026-09-02 22:30:09,2026-09-05 01:27:55
677892,(C107) [Newton's Apple (Inuzumi Masaki)] Nekomimi Yuuka to Ichaicha Shiawase Seikatsu | 和猫耳优香一起恩恩爱爱的幸福生活 (Blue Archive) [Chinese] [小桃汉化组],(C107) [ニュートンの林檎 (戌角柾)] ネコミミユウカとイチャイチャ幸せ生活 (ブルーアーカイブ) [中国翻訳],Nekomimi Yuuka to Ichaicha Shiawase Seikatsu | 和猫耳优香一起恩恩爱爱的幸福生活,"translated, chinese",inuzumi masaki,newton no ringo,doujinshi,blue archive,"yuuka hayase, sensei","swimsuit, full color, catgirl, sole female, sole male, kemonomimi, halo",17,2026-09-02 22:31:32,2026-09-02 22:31:32,2026-09-05 01:28:06
677893,[Area14 (Kasei)] 巨乳修道女リアーナの奉仕 [Chinese] [豬豬寶貝] [Digital],[エリア14 (かせい)] 巨乳修道女リアーナの奉仕 [中国翻訳] [DL版],巨乳修道女リアーナの奉仕,"translated, chinese",kasei,area14,doujinshi,original,,"handjob, big breasts, nun, milking, breast feeding, nakadashi, ahegao, anal, sex toys, bondage, lactation, bukkake, mosaic censorship, sole female, anal intercourse, crying, nipple stimulation",45,2026-09-02 22:34:39,2026-09-02 22:34:39,2026-09-05 01:28:18
677894,[Penny Tengu] Shuuaku na Mamono ni Kegasareta Miko Elf no Junketsu | 精灵巫女的纯洁被丑陋的魔物给玷污了 [Chinese] [紫藤汉化组],[ペニー天狗] 醜悪な魔物に穢された巫女エルフの純潔 [中国翻訳],Shuuaku na Mamono ni Kegasareta Miko Elf no Junketsu | 精灵巫女的纯洁被丑陋的魔物给玷污了,"translated, chinese",,,doujinshi,original,,"elf, group, goblin, netorare, pig man, nakadashi, anal, monster, x-ray, defloration, mind control, double penetration, stockings, gokkun, fingering, bukkake, mind break, rape, blowjob, bbm, stomach deformation, sole female, anal intercourse, nipple stimulation, gang rape",76,2026-09-02 22:48:57,2026-09-02 22:48:57,2026-09-05 01:28:29
677895,[Tiger 212 (Wittmann)] Yousetsu Soushun | The Sun and Snow Vying for Spring (Blue Archive) [English] [Necrofantasia Scans] [Digital],[タイガー212 (Wittmann)] 陽雪争春 (ブルーアーカイブ) [英訳] [DL版],Yousetsu Soushun | The Sun and Snow Vying for Spring,"english, translated",,,doujinshi,blue archive,"hina sorasaki, sensei","handjob, glasses, lolicon, blowjob, sole female, sole male, horns, very long hair, halo, onsen",67,2026-09-02 23:00:55,2026-09-02 23:00:55,2026-09-05 01:28:40
677896,[たた] 一人で,[たた] 一人で,一人で,japanese,,,doujinshi,original,,"masturbation, solo action, sole female",20,2026-09-02 23:02:27,2026-09-02 23:02:27,2026-09-05 01:28:51
677897,[Ringo no Naru Ki (Kise Itsuki)] Sugar Moment [Digital],[林檎のなる木 (木瀬樹)] シュガーモーメント [DL版],Sugar Moment,japanese,kise itsuki,ringo no naru ki,doujinshi,original,,"bdsm, gag, glasses, masturbation, sex toys, bondage, stockings, shibari, sole female, sole male",70,2026-09-02 23:06:45,2026-09-02 23:06:45,2026-09-05 01:29:02
677898,[まぐろ (メバチ)] scar (Fugou Keiji Balance: UNLIMITED) [Digital],[まぐろ (メバチ)] scar (富豪刑事 Balance:UNLIMITED) [DL版],scar,japanese,,,doujinshi,original,,"nakadashi, anal, x-ray, males only, yaoi, muscle, anal intercourse",25,2026-09-02 23:08:35,2026-09-02 23:08:35,2026-09-05 01:29:13
677899,[まぐろ (メバチ)] 言い値で薄い本を買おう (Fugou Keiji Balance: UNLIMITED) [Digital],[まぐろ (メバチ)] 言い値で薄い本を買おう (富豪刑事 Balance:UNLIMITED) [DL版],言い値で薄い本を買おう,japanese,,,doujinshi,original,,"nakadashi, ahegao, anal, males only, yaoi, anal intercourse",35,2026-09-02 23:10:48,2026-09-02 23:10:48,2026-09-05 01:29:24
677900,[SSB (Maririn)] Kouhai Joshi x Hatsu Cos - Sakuhin no Koto 1 Miri mo Shiranai Onnanoko ga shite kureru Uiuishii Cosplay karashika torenai Eiyouso tte aru yo ne - (Blue Archive) [Digital],[SSB (まりりん)] 後輩女子×初コス 〜作品のこと1ミリも知らないおんなのこがしてくれる初々しいコスプレからしか摂れない栄養素ってあるよね〜 (ブルーアーカイブ) [DL版],Kouhai Joshi x Hatsu Cos - Sakuhin no Koto 1 Miri mo Shiranai Onnanoko ga shite kureru Uiuishii Cosplay karashika torenai Eiyouso tte aru yo ne -,japanese,ssa,ssb,doujinshi,blue archive,"asuna ichinose, izuna kuda","cosplaying, bunny girl, fox girl, kemonomimi",46,2026-09-02 23:13:55,2026-09-02 23:13:55,2026-09-05 01:29:36
677901,[Ringo no Naru Ki (Kise Itsuki)] Sugar Moment [Digital],[林檎のなる木 (木瀬樹)] シュガーモーメント [DL版],Sugar Moment,japanese,kise itsuki,ringo no naru ki,doujinshi,original,,"bdsm, gag, glasses, masturbation, sex toys, bondage, solo action, stockings, shibari, sole female, sole male",70,2026-09-02 23:18:21,2026-09-02 23:18:21,2026-09-05 01:29:47
677902,[Alfre-Tori] Chaos-Rewriter Episode 4: Breast Milk Server 01 [ILY渣修机翻],[あるふれっ鳥] カオスリライタ 第四話 母乳サーバー01,Chaos-Rewriter Episode 4: Breast Milk Server 01,"translated, chinese",alfre-tori,,doujinshi,original,,"corruption, machine, mind control, breast expansion, lactation, mind break, gender bender, crotch tattoo, rough translation",81,2026-09-02 23:23:28,2026-09-02 23:23:28,2026-09-05 01:29:58
677903,[Blue Mage (Aoi Manabu)] Gehenna Hypnosis (Blue Archive) [English] [Digital],[Blue Mage (あおいまなぶ)] ゲヘナヒュプノシス (ブルーアーカイブ) [英訳] [DL版],Gehenna Hypnosis,"english, translated",aoi manabu,bluemage,doujinshi,blue archive,"sensei, makoto hanuma, satsuki kyougoku","big breasts, group, nakadashi, huge breasts, ffm threesome, mind control, paizuri, blowjob, sole male, horns, gloves, eye-covering bang, exposed clothing, halo",18,2026-09-02 23:24:46,2026-09-02 23:24:46,2026-09-05 01:30:10
677904,[Jukai Shoko (Fujimi)] Mesugaki Monster Yuuki -EXTRA- (Yu-Gi-Oh! OCG)  [Digital],[樹海書庫 (ふじみ)] メスガキモンスター幽鬼 -EXTRA-  (遊☆戯☆王OCG) [DL版],Mesugaki Monster Yuuki -EXTRA-,japanese,fujimiya misuzu,jukai shoko,doujinshi,yu-gi-oh,ghost ogre and snow rabbit,"lolicon, stockings, small breasts, twintails, horns, very long hair",58,2026-09-02 23:35:48,2026-09-02 23:35:48,2026-09-05 01:30:21
677905,[Grand Chario (Arobiro)] Terms of Surrender,[グランシャリオ (あろびろ)] タームズ オブ サレンダー,Terms of Surrender,japanese,arobiro,,doujinshi,strike witches,"charlotte e. yeager, gertrud barkhorn","futanari, kissing, big breasts, big ass, nakadashi, ahegao, x-ray, big areolae, lactation, dickgirl on dickgirl, dickgirls only, futanarization",28,2026-09-02 23:38:01,2026-09-02 23:38:01,2026-09-05 01:30:32
677906,[オロボーイ] 没出息的哥哥和妈妈做爱了的故事  [ai翻译 ai修复 ai嵌字],[オロボーイ] 出来の悪い兄と母さんがセックスしてた話,没出息的哥哥和妈妈做爱了的故事,"translated, chinese",,oroboy,doujinshi,original,,"milf, pregnant, netorare, mother, hairy, full color, incest, widow, mosaic censorship, hairy armpits, voyeurism, impregnation, sole female, rough translation",25,2026-09-02 23:42:13,2026-09-02 23:42:13,2026-09-05 01:30:43
677907,"[Historika] Uwasa No Obasan, The Rumoredy Old Lady 1+2 [English]",[Historika] 噂のオバさん 1+2,"Uwasa No Obasan, The Rumoredy Old Lady 1+2","english, translated",,,doujinshi,original,,"milf, kissing, big breasts, bbw, schoolboy uniform, group, full censorship, netorare, cheating, nakadashi, mother, apron, widow, blowjob, old lady",82,2026-09-02 23:47:24,2026-09-02 23:47:24,2026-09-05 01:30:54
677908,[オロボーイ] 没出息的哥哥和妈妈做爱了的故事 1.5 [ai翻译 ai修复 ai嵌字],[オロボーイ] 出来の悪い兄と母さんがセックスしてた話 1.5,没出息的哥哥和妈妈做爱了的故事 1.5,"translated, chinese",,oroboy,doujinshi,original,,"milf, pregnant, netorare, mother, hairy, full color, incest, widow, mosaic censorship, hairy armpits, voyeurism, impregnation, sole female, exposed clothing, rough translation",15,2026-09-02 23:50:33,2026-09-02 23:50:33,2026-09-05 01:31:05
677909,[Urahara Doll (Viali)] Kanojo Shimai ni Shiboritorareru Saikou no Tanjoubi,[うらはらドール (びあり)] 彼女姉妹に搾り取られる最高の誕生日,Kanojo Shimai ni Shiboritorareru Saikou no Tanjoubi,japanese,viali,urahara doll,doujinshi,original,,"kissing, big breasts, cunnilingus, group, big ass, pasties, nakadashi, ffm threesome, multiple paizuri, multi-work series, bunny girl, stockings, paizuri, blowjob, sole male, bisexual, twintails, shimaidon, multimouth blowjob",40,2026-09-02 23:53:12,2026-09-02 23:53:12,2026-09-05 01:31:17
677910,"[ナマス天国・ほかほか屋 (膾, おいと)] くんくんくらり (Boku no Hero Academia) [Digital]","[ナマス天国・ほかほか屋 (膾, おいと)] くんくんくらり (僕のヒーローアカデミア) [DL版]",くんくんくらり,japanese,,,doujinshi,my hero academia,"katsuki bakugou, eijirou kirishima","unusual teeth, kissing, anal, x-ray, males only, yaoi, muscle, anal intercourse",25,2026-09-02 23:54:56,2026-09-02 23:54:56,2026-09-05 01:31:28
677911,(C80) [ましみん工房 (ましみゆき)] AdalterY  [ai翻译 ai修复 ai嵌字],(C80) [ましみん工房 (ましみゆき)] AdalterY,AdalterY,"translated, chinese",kurumiya mashimin | mashi miyuki,mashimin koubou,doujinshi,original,,"milf, virginity, big breasts, netorare, cheating, mother, incest, blackmail, big penis, shotacon, rough translation",34,2026-09-03 00:01:36,2026-09-03 00:01:36,2026-09-05 01:31:40
677912,(FF47) [晴靄] 法厄同淫樂錄～妄想天使篇～ (Zenless Zone Zero) [Chinese] [Decensored],(FF47) [晴靄] 法厄同淫樂錄～妄想天使篇～ (絕區零) [中国語] [無修正],法厄同淫樂錄～妄想天使篇～,chinese,,,doujinshi,zenless zone zero,"aria, wise, sunna, nangong yu","group, uncensored, harem, lolicon, full color, lingerie, sole male",18,2026-09-03 00:05:10,2026-09-03 00:05:10,2026-09-05 01:31:51
677913,[オムライス] 妈妈和弟弟在我面前做了  [ai翻译 ai修复 ai嵌字],[オムライス] お母さんと弟が目の前でセックス,妈妈和弟弟在我面前做了,"translated, chinese",omurice,,doujinshi,original,,"milf, big breasts, piercing, netorare, nakadashi, ahegao, mother, hairy, exhibitionism, full color, incest, lingerie, mosaic censorship, sole female, rough translation, nipple piercing",21,2026-09-03 00:09:22,2026-09-03 00:09:22,2026-09-05 01:32:03
677914,[褌] 我和儿子的性事  [ai翻译 ai修复 ai嵌字],[褌] 私と息子の性事情,我和儿子的性事,"translated, chinese",fundoshi,,doujinshi,original,,"milf, big breasts, netorare, cheating, nakadashi, ahegao, mother, full color, incest, lingerie, mosaic censorship, big penis, shotacon, rough translation",24,2026-09-03 00:14:10,2026-09-03 00:14:10,2026-09-05 01:32:14
677915,(C108) [Oniyamanchi (Oniyama)] Tropical-sama ~ (Tropical-Rouge! Pretty Cure),(C108) [おにやまんち(おにやま)] とろぴかるさま～ (トロピカル～ジュ！プリキュア),Tropical-sama ~,japanese,oniyama,oniyamanchi,doujinshi,tropical-rouge precure,"cure coral | sango suzumura, cure summer | manatsu natsuumi, cure la mer | laura la mer, cure flamingo | asuka takizawa, cure papaya | minori ichinose","group, schoolgirl uniform, nakadashi, ffm threesome, small breasts, blowjob, very long hair",30,2026-09-03 00:16:23,2026-09-03 00:16:23,2026-09-05 01:32:25
677916,(C88) [Abara ga Itai (Harekawa Shinta)] ABARAGAITAI 再録04 (Yowamushi Pedal),(C88) [あばらが痛い (晴川シンタ)] ABARAGAITAI 再録04 (弱虫ペダル),ABARAGAITAI 再録04,japanese,"shinta, harekawa shinta",abara ga itai,doujinshi,yowamushi pedal,"shunsuke imaizumi, shoukichi naruko","males only, yaoi, soushuuhen",200,2026-09-03 00:28:56,2026-09-03 00:28:56,2026-09-05 01:32:37
677917,[Semakute Kurai (Kyouan)] Buzama Joushiki Kaihen ~Okorase Kyousei Hatsujou~ | 丢人常识改变～激怒强○发情～ [Chinese] [space6ar] [Digital],[狭くて暗い (狭暗)] 無様常識改変～怒らせ強制発情～ [中国翻訳] [DL版],Buzama Joushiki Kaihen ~Okorase Kyousei Hatsujou~ | 丢人常识改变～激怒强○发情～,"translated, chinese",kyouan,semakute kurai,doujinshi,original,,"schoolboy uniform, schoolgirl uniform, nakadashi, ahegao, phimosis, x-ray, mind control, full color, smell, fingering, tall girl, mosaic censorship, smegma, bbm, sole female, sole male, ponytail",29,2026-09-03 00:30:58,2026-09-03 00:30:58,2026-09-05 01:32:48
677918,[やみなべ同好会 (かに)] ワンモアmofmof [Digital],[やみなべ同好会 (かに)] ワンモアmofmof [DL版],ワンモアmofmof,japanese,kani,,doujinshi,original,,"dog boy, males only, yaoi, kemonomimi",31,2026-09-03 00:33:08,2026-09-03 00:33:08,2026-09-05 01:32:59
677919,[A-icu]铃也想去逛同人展,(FF45) [A-icu 龍の巣 (AZ嗓)] 铃也想去逛同人展!! [中国語] [無修正],铃也想去逛同人展,chinese,az-san,a-icu,doujinshi,original,,"group, uncensored, nakadashi, lolicon, double penetration, stockings, filming, rape, sole female, mouth mask",52,2026-09-03 00:43:35,2026-09-03 00:43:35,2026-09-05 01:33:11
677920,[煙ハク] 人妻ショートちゃん前編,[煙ハク] 人妻ショートちゃん前編,人妻ショートちゃん前編,japanese,kemuri haku,,doujinshi,original,,"milf, big breasts, netorare, cheating, shotacon, sole female, no penetration, smalldom",11,2026-09-03 00:45:49,2026-09-03 00:45:49,2026-09-05 01:33:22
677921,[國崎] airi,[國崎] airi,airi,japanese,,,doujinshi,project sekai,airi momoi,"x-ray, sole female, sole male",9,2026-09-03 00:46:33,2026-09-03 00:46:33,2026-09-05 01:33:33
677922,[Nessie Tomato] NFF Eirei Onahoka Keikaku (Fate/Grand Order) [Digital],[ネッシートマト] NFF英霊オナホ化計画 (Fate/Grand Order) [DL版],NFF Eirei Onahoka Keikaku,japanese,nessie tomato,,doujinshi,fate grand order,koyanskaya,"big breasts, piercing, group, glasses, machine, nakadashi, ahegao, huge breasts, blowjob face, bondage, mind control, blowjob, deepthroat",38,2026-09-03 00:48:55,2026-09-03 00:48:55,2026-09-05 01:33:44
677923,(C85) [aicalot (Amahal)] MAD HONEY (Tales of Destiny 2) [English] [head empty],(C85) [aicalot (天春)] MAD HONEY (テイルズ オブ デスティニー2) [英訳],MAD HONEY,"english, translated",amahal,aicalot,doujinshi,"tales of, tales of destiny 2",nanaly fletch,"kissing, ahegao, sex toys, bondage, speculum, yuri, twintails",23,2026-09-03 00:50:42,2026-09-03 00:50:42,2026-09-05 01:33:56
677924,[PURPLE HAZE (Lime)] Marrying a Beautiful Princess: Flexible Conception Focused Sex (Bleach) [Chinese] [阿南個人漢化],[PURPLE HAZE (Lime)] 美姫娶り 妊活軟体性交篇 (Bleach) [中国翻訳],Marrying a Beautiful Princess: Flexible Conception Focused Sex,"translated, chinese",lime,purple haze,doujinshi,bleach,tia halibel,"kissing, big breasts, corset, big ass, nakadashi, ahegao, dark skin, paizuri, fingering, mosaic censorship, blowjob, sole female, sole male",30,2026-09-03 00:52:49,2026-09-03 00:52:49,2026-09-05 01:34:07
677925,[Super Ichigo-chan (Misaoka)] Sotsugyou made no Sankagetsu [Chinese] [mangayaku] [Digital],[スーパーイチゴチャン (みさおか)] 卒業までの三ヶ月 [中国翻訳] [DL版],Sotsugyou made no Sankagetsu,"translated, chinese",misaoka,super ichigo-chan,doujinshi,original,,"squirting, sweating, kissing, big breasts, unusual pupils, cunnilingus, big ass, schoolgirl uniform, breast feeding, nakadashi, ahegao, blowjob face, hairy, x-ray, defloration, stockings, gokkun, fingering, filming, rape, dilf, blackmail, inverted nipples, blowjob, big penis, bbm, deepthroat, sole male, bald, pixie cut, multiple orgasms, nipple stimulation",69,2026-09-03 01:05:45,2026-09-03 01:05:45,2026-09-05 01:34:18
677926,[PURPLE HAZE (Lime)] Marrying a Beautiful Princess: Swimsuit Sex Play (Bleach) [Chinese] [阿南個人漢化],[PURPLE HAZE (Lime)] 美姫娶り 水着性交遊戯篇 (Bleach) [中国翻訳],Marrying a Beautiful Princess: Swimsuit Sex Play,"translated, chinese",lime,purple haze,doujinshi,bleach,tia halibel,"kissing, big breasts, swimsuit, big ass, nakadashi, ahegao, dark skin, x-ray, assjob, sole female, sole male, nipple stimulation",35,2026-09-03 01:08:21,2026-09-03 01:08:21,2026-09-05 01:34:29
677927,[PURPLE HAZE (Lime)] Buck-Chichi! (Bleach) [Chinese] [阿南個人漢化],[PURPLE HAZE (Lime)] ばくちち! (Bleach) [中国翻訳],Buck-Chichi!,"translated, chinese",lime,purple haze,doujinshi,bleach,rangiku matsumoto,"leg lock, big breasts, big ass, schoolgirl uniform, nakadashi, ahegao, stockings, paizuri, gokkun, mosaic censorship, blowjob, sole female, sole male",34,2026-09-03 01:10:34,2026-09-03 01:10:34,2026-09-05 01:34:40
677928,[PURPLE HAZE (Lime)] Buck-Chichi! Volume 2 (Bleach) [Chinese] [阿南個人漢化],[PURPLE HAZE (Lime)] ばくちち!巻ノ二 (Bleach) [中国翻訳],Buck-Chichi! Volume 2,"translated, chinese",lime,purple haze,doujinshi,bleach,rangiku matsumoto,"kissing, big breasts, swimsuit, big ass, schoolgirl uniform, nakadashi, exhibitionism, x-ray, fingering, filming, mosaic censorship, sole female, sole male, beauty mark, forced exposure, haigure, nipple stimulation, high heels",31,2026-09-03 01:12:47,2026-09-03 01:12:47,2026-09-05 01:34:52
677929,[A&Y (Ayrn)] Hikari Saimin 丨魔光♡催眠 (Blue Archive) [Chinese] [小桃汉化组],[A&Y (Ayrn)] 魔光♡催眠  (ブルーアーカイブ) [中国翻訳],Hikari Saimin 丨魔光♡催眠,"translated, chinese",ayrn,a and y,doujinshi,blue archive,"sensei, hikari tachibana","maid, swimsuit, bikini, lolicon, mind control, collar, sole female, sole male, tail, gloves, halo",21,2026-09-03 01:16:45,2026-09-03 01:16:45,2026-09-05 01:35:03
677930,[Kazumiya (Arisu Kazumi)] Hifumi to Himitsu no Kankei ni Natteshimatta Hanashi - A story about getting into a secret relationship with Hifumi. |  和日富美发展成秘密关系的小故事 (Blue Archive) [Chinese] [下江小春汉化组] [Digital],[かずみ屋 (有栖かずみ)] ヒフミと秘密の関係になってしまった話 (ブルーアーカイブ) [中国翻訳] [DL版],Hifumi to Himitsu no Kankei ni Natteshimatta Hanashi - A story about getting into a secret relationship with Hifumi. |  和日富美发展成秘密关系的小故事,"translated, chinese",arisu kazumi,kazumiya,doujinshi,blue archive,"hifumi ajitani, sensei","handjob, schoolgirl uniform, sex toys, sole female, sole male, halo",49,2026-09-03 01:20:02,2026-09-03 01:20:02,2026-09-05 01:35:14
677931,[Fujinoe Honpo (Fujinoe13B)] Kuro Gal JK de Shasei Shitai [Digital],[フジノエ本舗 (フジノエ13B)] 黒ギャルJKで射精したい [DL版],Kuro Gal JK de Shasei Shitai,japanese,fujinoe13b,fujinoe honpo,doujinshi,original,,"business suit, big breasts, cunnilingus, emotionless sex, big ass, schoolgirl uniform, prostitution, condom, facesitting, sex toys, dark skin, sumata, gyaru, smell, blowjob, sole female, sole male, bald, beauty mark, multiple orgasms, nipple stimulation",45,2026-09-03 01:23:05,2026-09-03 01:23:05,2026-09-05 01:35:26
677932,"[Akireru Shoujo (Akire)] Hosoi-kun no Kanojo, Netorase OK datte yo 3",[アキレルショウジョ (アキレ)] 細井くんの彼女、寝取らせOKだってよ3,"Hosoi-kun no Kanojo, Netorase OK datte yo 3",japanese,akire,akirerushoujo,doujinshi,original,,"big breasts, netorare, schoolgirl uniform, bikini, multi-work series, collar, sole female, netorase, beach",51,2026-09-03 01:26:23,2026-09-03 01:26:23,2026-09-05 01:35:37
677933,"[聖華快楽書店 (こみちぽた, 月見ハク)] 許嫁になったダウナーギャルが小旅行で種付けされる話",[聖華快楽書店 (こみちぽた)] 許嫁になったダウナーギャルが小旅行で種付けされる話 [DL版],許嫁になったダウナーギャルが小旅行で種付けされる話,japanese,comichi pota,seika kairaku shoten,doujinshi,original,,"kissing, leg lock, big breasts, schoolgirl uniform, nakadashi, kimono, x-ray, multi-work series, mosaic censorship, blowjob, sole female, sole male, multiple orgasms, onsen, underwater sex",101,2026-09-03 01:32:53,2026-09-03 01:32:53,2026-09-05 01:35:48
677934,[Gomuhachi (Gomu)] Nee-san no Tomodachi no Gal ni Nouhakai (NTR)  Sareru Shota 1 [Digital],[ごむはち (ゴム)] 姉の友達のギャルに脳破壊(NTR)されるショタ1 [DL版],Nee-san no Tomodachi no Gal ni Nouhakai (NTR)  Sareru Shota 1,japanese,gomu,gomuhachi,doujinshi,original,,"big breasts, netorare, schoolgirl uniform, nakadashi, dark skin, x-ray, multi-work series, gyaru, filming, blowjob, shotacon, sole female, sole male, multiple orgasms",27,2026-09-03 01:37:59,2026-09-03 01:37:59,2026-09-05 01:35:59
677935,[mura] Takamiya Kasumi-chan to Jikan Teishi (Witch Craft Works) [Chinese][Temp個人翻譯],[mura] 多華宮霞ちゃんと時間停止 (ウィッチクラフトワークス)[中国翻訳],Takamiya Kasumi-chan to Jikan Teishi,"translated, chinese",mura,,doujinshi,witch craft works,kasumi takamiya,"nipple expansion, time stop, nakadashi, ahegao, dark skin, rape, bald, shaved head",18,2026-09-03 01:41:33,2026-09-03 01:41:33,2026-09-05 01:36:11
677936,[雨楽] ユウカと我慢の練習5p (ブルーアーカイブ),[雨楽] ユウカと我慢の練習5p (ブルーアーカイブ),ユウカと我慢の練習5p,japanese,ameraku,,doujinshi,blue archive,yuuka hayase,"handjob, sole female, sole male, halo",5,2026-09-03 01:42:19,2026-09-03 01:42:19,2026-09-05 01:36:22
677937,[雨楽] カズサに早漏すぎて引かれたい (ブルーアーカイブ),[雨楽] カズサに早漏すぎて引かれたい (ブルーアーカイブ),カズサに早漏すぎて引かれたい,japanese,ameraku,,doujinshi,blue archive,kazusa kyouyama,"handjob, x-ray, pantyhose, dilf, collar, catgirl, sole female, sole male, kemonomimi, halo",3,2026-09-03 01:42:38,2026-09-03 01:42:38,2026-09-05 01:36:34
677938,[Nanda Sono Pantsu wa... (out type)] DakeKano. -Boku dake no Kanojo- [Digital],[なんだそのパンツは...] だけかの。－僕だけの彼女－ [DL版],DakeKano. -Boku dake no Kanojo-,japanese,out type,nanda sono pantsu wa...,doujinshi,original,,"sweating, kissing, big breasts, swimsuit, schoolboy uniform, netorare, story arc, schoolgirl uniform, x-ray, multi-work series, fingering, bloomers",78,2026-09-03 01:47:29,2026-09-03 01:47:29,2026-09-05 01:36:45
677939,[雨楽] 煽りすぎたインナーカラーちゃん+3p,[雨楽] 煽りすぎたインナーカラーちゃん+3p,煽りすぎたインナーカラーちゃん+3p,japanese,ameraku,,doujinshi,original,,"big breasts, dilf, sole female, sole male, twintails",5,2026-09-03 01:48:06,2026-09-03 01:48:06,2026-09-05 01:36:57
677940,[雨楽] ノゾミとヒカリが現れた！全7p (ブルーアーカイブ),[雨楽] ノゾミとヒカリが現れた！全7p (ブルーアーカイブ),ノゾミとヒカリが現れた！全7p,japanese,ameraku,,doujinshi,blue archive,"hikari tachibana, nozomi tachibana","twins, group, ffm threesome, lolicon, blowjob, sole male, twintails, shimaidon, halo",7,2026-09-03 01:49:40,2026-09-03 01:49:40,2026-09-05 01:37:08
677941,[タツノコノコノリ] 安藤幸日記 #2 + 学校編 [MAHO个人汉化] [Tatsunoko no Konori] Andou Sachi Nikki #2 + Gakko-hen (Chinese),[タツノコノコノリ] 安藤幸日記 #2 + 学校編 [中国翻訳],安藤幸日記 #2 + 学校編 [MAHO个人汉化] [Tatsunoko no Konori] Andou Sachi Nikki #2 + Gakko-hen,"translated, chinese","tatsunoko no konori, noritako",,doujinshi,original,,"big breasts, humiliation, piercing, anal, sex toys, bondage, exhibitionism, rape, forced exposure, rough translation",12,2026-09-03 01:52:16,2026-09-03 01:52:16,2026-09-05 01:37:20
677942,[雨楽] ケイに情けなくお漏らしさせられる漫画+2p (ブルーアーカイブ),[雨楽] ケイに情けなくお漏らしさせられる漫画+2p (ブルーアーカイブ),ケイに情けなくお漏らしさせられる漫画+2p,japanese,ameraku,,doujinshi,blue archive,kei tendou,"anorexic, lolicon, sole female, sole male, very long hair, halo",3,2026-09-03 01:53:00,2026-09-03 01:53:00,2026-09-05 01:37:31
677943,[雨楽] トキのざこ先生へこへこ特訓 (ブルーアーカイブ),[雨楽] トキのざこ先生へこへこ特訓 (ブルーアーカイブ),トキのざこ先生へこへこ特訓,japanese,ameraku,,doujinshi,blue archive,toki asuma,"x-ray, sole female, sole male, very long hair, halo",4,2026-09-03 01:53:25,2026-09-03 01:53:25,2026-09-05 01:37:42
677944,(C11) [Black Mary's Rainbow (Marie Kyōmu / Marii Aimu)] UNCLE JOHN VOL.2 (1979),(C11) [Black Mary's Rainbow (京夢 麻里衣)] UNCLE JOHN VOL.2 (1979) 昭和 54年,UNCLE JOHN VOL.2,japanese,,,doujinshi,original,,"prostitution, anal, males only, yaoi, artbook, rape, tomgirl, blowjob, anal intercourse",52,2026-09-03 01:56:48,2026-09-03 01:56:48,2026-09-05 01:37:54
677945,[GODNASK (YO RIN)] Fallen Grand Order (Fate/Grand Order) [Chinese] [Digital],[GODNASK (幽零)] フォールングランドオーダー (Fate/Grand Order) [中国語] [DL版],Fallen Grand Order,chinese,yuurei,,doujinshi,fate grand order,jeanne alter,"handjob, big breasts, swimsuit, mmf threesome, group, prostitution, nakadashi, anal, bikini, x-ray, double penetration, cum bath, paizuri, gokkun, bukkake, mosaic censorship, blowjob, deepthroat, sole female, very long hair, anal intercourse, nipple stimulation, gang rape",25,2026-09-03 01:58:31,2026-09-03 01:58:31,2026-09-05 01:38:05
677946,[草野郎] 暗殺教室MC ― 茅野＆速水＆矢田：快楽触手細胞侵食,[草野郎] 暗殺教室MC ― 茅野＆速水＆矢田：快楽触手細胞侵食,暗殺教室MC ― 茅野＆速水＆矢田：快楽触手細胞侵食,japanese,kusayarou,,doujinshi,ansatsu kyoushitsu,,"females only, mind control, mind break, tentacles",8,2026-09-03 01:59:15,2026-09-03 01:59:15,2026-09-05 01:38:16
677947,[草野郎] ス♥イブボールMC オカルトマニア＆ルザミーネ編  オマケ漫画 (ポケットモンスター サン・ムーン),[草野郎] ス♥イブボールMC オカルトマニア＆ルザミーネ編  オマケ漫画 (ポケットモンスター サン・ムーン),ス♥イブボールMC オカルトマニア＆ルザミーネ編  オマケ漫画,japanese,kusayarou,,doujinshi,pokemon | pocket monsters,lusamine,"milf, big breasts, mind control, multi-work series, sole female, sole male, very long hair",4,2026-09-03 01:59:43,2026-09-03 01:59:43,2026-09-05 01:38:27
677948,[Sutahiro BOX (Sutahiro)]Dame nanoni Oji-san no Berochuu ni Kusshite Subete Yurushichau Miho no Hanashi 3 ~Seifuku Yagai Ecchi Hen~ (Girls und Panzer) [Digital],[すたひろBOX (すたひろ)] ダメなのにおじさんのベロチューに屈してすべて許しちゃうみほのはなし3〜ラブラブえっち編〜  (ガールズ&パンツァー) [DL版],Dame nanoni Oji-san no Berochuu ni Kusshite Subete Yurushichau Miho no Hanashi 3 ~Seifuku Yagai Ecchi Hen~,japanese,sutahiro,sutahiro box,doujinshi,girls und panzer,miho nishizumi,"pregnant, multi-work series, dilf, impregnation, bbm, sole female, sole male, bald",54,2026-09-03 02:03:05,2026-09-03 02:03:05,2026-09-05 01:38:38
677949,[Mitarashi Kousei] Otona e no Kaidan (COMIC Saija 2015-09 Vol. 2) [English] [biribiri],,Otona e no Kaidan,"english, translated",mitarashi kousei,,manga,,,"virginity, big breasts, hairy, lingerie, blowjob, sole female, sole male, pixie cut",24,2026-09-03 02:05:02,2026-09-03 02:05:02,2026-09-05 01:38:50
677950,[大嶋亮] 黒ギャルママさん孕ませっくす 第8話 [流木个人汉化],[大嶋亮] 黒ギャルママさん孕ませっくす 第8話 [流木个人汉化],黒ギャルママさん孕ませっくす 第8話,"translated, chinese",ooshima ryou,,manga,,,"big breasts, swimsuit, group, full censorship, netorare, cheating, ffm threesome, dark skin, bikini, gyaru, sole male, oyakodon",23,2026-09-03 02:06:47,2026-09-03 02:06:47,2026-09-05 01:39:01
677951,[オスワーニ] skebご依頼未発表 ご依頼主オリジナルキャラ 計3P,[オスワーニ] skebご依頼未発表 ご依頼主オリジナルキャラ 計3P,skebご依頼未発表 ご依頼主オリジナルキャラ 計3P,japanese,osuwaani,,doujinshi,original,,"big breasts, stockings, blowjob, sole female, sole male, gloves",3,2026-09-03 02:07:25,2026-09-03 02:07:25,2026-09-05 01:39:13
677952,"[LOLI Seiyouken (PANBAI)] Her hiccups wouldn't stop, so I had to resort to anal sex (They say you die after hiccuping a hundred times—saving my little sister using science).",[LOLI西洋剣 (PANBAI)] 打嗝不停只好肛交了( 打嗝一百次就會死 用科學的方法拯救妹妹),"Her hiccups wouldn't stop, so I had to resort to anal sex (They say you die after hiccuping a hundred times—saving my little sister using science).",chinese,panbai,loli seiyouken,doujinshi,original,,"uncensored, anal, lolicon, incest, sister, sole female, sole male, focus anal, anal intercourse",22,2026-09-03 02:11:49,2026-09-03 02:11:49,2026-09-05 01:39:24
677953,[Sakaito] Jishou Psychopath no Kowashikata (COMIC Kuriberon DUMA 2026-08 Vol.87) [Chinese] [Digital],[逆糸] 自称サイコパスの壊し方 (COMIC クリベロン DUMA 2026年8月号 Vol.87) [中国翻訳] [DL版],Jishou Psychopath no Kowashikata,"translated, chinese",sakaito,,doujinshi,original,,"schoolgirl uniform, extraneous ads",39,2026-09-03 02:14:29,2026-09-03 02:14:29,2026-09-05 01:39:36
677954,[Anemia] Jakusha Dansei wa Hanzaisha Yobigun! Gyaku Raper ni Omakase o!! (Comic Unreal Plus Vol. 9) [Chinese] [Digital],[あねみあ] 弱者男性は犯罪者予備軍！逆レイパーにお任せを！！ (コミックアンリアルぷらす Vol.9) [中国翻訳] [DL版],Jakusha Dansei wa Hanzaisha Yobigun! Gyaku Raper ni Omakase o!!,"translated, chinese",anemia,anemiya,manga,,,"big breasts, collar, extraneous ads",28,2026-09-03 02:16:38,2026-09-03 02:16:38,2026-09-05 01:39:48
677955,[Flat River (Amano Miyako)] Fumizuki no Iya Shikata 2 | 文月犒勞的方式2 (Kantai Collection -KanColle-) [Chinese] [Digital],[Flat River (天野都)] ふみづきのいやしかた2 (艦隊これくしょん -艦これ-) [中国翻訳] [DL版],Fumizuki no Iya Shikata 2 | 文月犒勞的方式2,"translated, chinese",,flat river,doujinshi,kantai collection,fumizuki,"multi-work series, extraneous ads",23,2026-09-03 02:18:24,2026-09-03 02:18:24,2026-09-05 01:40:00
677956,[さくらま]爆乳AV女優と目指す種付けライフ,[さくらま] 爆乳AV女優と目指す種付けライフ (コミックアンリアルぷらす Vol.9) [中国翻訳],爆乳AV女優と目指す種付けライフ,"translated, chinese",sakurama,,manga,,,"big breasts, huge breasts, stockings, extraneous ads",27,2026-09-03 02:20:30,2026-09-03 02:20:30,2026-09-05 01:40:11
677957,[nukemichi]デカおね！～弟はデカいお姉ちゃんに犯されたい～,[nukemichi] デカおね！～弟はデカいお姉ちゃんに犯されたい～ (COMIC 真激 2026年9月号) [中国翻訳] [DL版],デカおね！～弟はデカいお姉ちゃんに犯されたい～,"translated, chinese",uradoori nukemichi,,manga,,,"big breasts, full censorship, huge breasts, tall girl, sole female, sole male, very long hair, extraneous ads",31,2026-09-03 02:22:42,2026-09-03 02:22:42,2026-09-05 01:40:22
677958,[Suzugami] Joushi yo... Ore no Heion o Kaeshitekure...... (COMIC Shingeki 2026-09) [Chinese] [Digital],[スズガミ] 上司よ…俺の平穏を返してくれ…… (COMIC 真激 2026年9月号 [中国翻訳] [DL版],Joushi yo... Ore no Heion o Kaeshitekure......,"translated, chinese",suzugami,,manga,,,"big breasts, stockings, sole female, sole male, extraneous ads",29,2026-09-03 02:24:42,2026-09-03 02:24:42,2026-09-05 01:40:35
677959,[1102 (Ruka)] CONGRATULATIONS! (Ensemble Stars!),[1102 (瑠夏)] CONGRATULATIONS! (あんさんぶるスターズ！),CONGRATULATIONS!,japanese,ruka,1102,doujinshi,ensemble stars,"izumi sena, makoto yuuki","kissing, schoolboy uniform, glasses, nakadashi, anal, males only, yaoi, blowjob, anal intercourse, nipple stimulation",170,2026-09-03 02:36:21,2026-09-03 02:36:21,2026-09-05 01:40:46
677960,"[Ichiokumangenjaya (Sukoyaka Gyuunyuu)] InCha no Boku ga Pure na YouGal to Koibito ni natte Icha Love Hatsu Ecchi suru Hanashi | The Story of How I, a Shy Guy, Became the Boyfriend of a Pure, Outgoing Girl and Had Our First Intimate Moment [English]",[一億万軒茶屋 (健やか牛乳)] 陰キャの僕がピュアな陽ギャルと恋人になってイチャラブ初エッチする話 [英訳],"InCha no Boku ga Pure na YouGal to Koibito ni natte Icha Love Hatsu Ecchi suru Hanashi | The Story of How I, a Shy Guy, Became the Boyfriend of a Pure, Outgoing Girl and Had Our First Intimate Moment","english, translated",sukoyaka gyuunyuu,ichiokumangenjaya,doujinshi,original,,"virginity, big breasts, glasses, big ass, condom, nakadashi, ahegao, defloration, gyaru, collar, sole female, sole male, rough translation, painted nails",31,2026-09-03 02:38:45,2026-09-03 02:38:45,2026-09-05 01:40:58
677961,"[Hoshikage Lab (Ayane)] Ningyou Yakata Mesu toshite Choukyou Sareta Otokonoko Ichiya | Doll Mansion ~Ichiya, the Disciplined Femboy~ [English]",[ホシカゲラボ (アヤネ)] 人形館―メスとして調教された男の娘イチヤ― [英訳],"Ningyou Yakata Mesu toshite Choukyou Sareta Otokonoko Ichiya | Doll Mansion ~Ichiya, the Disciplined Femboy~","english, translated",ayane,hoshikage lab,doujinshi,original,,"maid, chastity belt, anal, sex toys, crossdressing, full color, males only, yaoi, stockings, lingerie, mosaic censorship, tomgirl, transparent clothing",28,2026-09-03 02:40:43,2026-09-03 02:40:43,2026-09-05 01:41:09
677962,[Dokutoku no M (Denchi)] Stepmother's ATM [English],[独特のM (よろず)] 僕は継母のATM,Stepmother's ATM,"english, translated",denchi,dokutoku no m,doujinshi,original,,"handjob, bdsm, milf, big breasts, gag, torture, corruption, huge breasts, femdom, bondage, harem, tickling, latex, footjob, drugs, pantyhose, orgasm denial, mind break, cbt, blowjob, blindfold, gloves, no penetration, rough translation, nipple stimulation",48,2026-09-03 02:44:06,2026-09-03 02:44:06,2026-09-05 01:41:20
677963,(C93) [Nukarumi (Toyama Jigoku)] Their Magic (Gundam X) [English],(C93) [泥濘 (外山じごく)] フタリのマホウ (ガンダムX),Their Magic,"english, translated",toyama jigoku,nukarumi,doujinshi,gundam x,"tiffa adill, garrod ran","nakadashi, small breasts, blowjob, sole female, sole male, ponytail",24,2026-09-03 02:45:52,2026-09-03 02:45:52,2026-09-05 01:41:31
677964,[フシギ堂] 被洗脑堕落的皇女大人——用高亢尖锐的“哦齁”淫叫声浪，深深沉迷于纯真正太勇者——不伦中毒的第一皇女莉泽塔篇  [ai翻译 ai修复 ai嵌字],[フシギ堂] 洗脳堕ちした皇女様キツめのオホ声轟かせピュアショタ勇者にのめり込む-不倫中毒第一皇女リゼッタ篇-,被洗脑堕落的皇女大人——用高亢尖锐的“哦齁”淫叫声浪，深深沉迷于纯真正太勇者——不伦中毒的第一皇女莉泽塔篇,"translated, chinese",,fushigi dou,doujinshi,original,,"milf, big breasts, corruption, big ass, huge breasts, blowjob face, hairy, mind control, multi-work series, stockings, mosaic censorship, impregnation, blowjob, twintails, gloves, drill hair, burping, rough translation",159,2026-09-03 02:55:12,2026-09-03 02:55:12,2026-09-05 01:41:43
677965,[ゼア・ラーク] ふたなりケイちゃんと無自覚ドスケベ爆乳女先生 (ブルーアーカイブ),[ゼア・ラーク] ふたなりケイちゃんと無自覚ドスケベ爆乳女先生 (ブルーアーカイブ),ふたなりケイちゃんと無自覚ドスケベ爆乳女先生,japanese,zea lark,,doujinshi,blue archive,kei tendou,"futanari, big breasts, sole female, sole dickgirl, dickgirl on female",3,2026-09-03 02:55:48,2026-09-03 02:55:48,2026-09-05 01:41:54
677966,[KS] Love EDUCATE! Collection [Digital],,Love EDUCATE! Collection,japanese,ks,,doujinshi,original,,"maid, sweating, big breasts, swimsuit, gymshorts, group, full censorship, big ass, masturbation, schoolgirl uniform, nakadashi, ffm threesome, bondage, kimono, bikini, full color, bunny girl, stockings, pantyhose, apron, paizuri, bukkake, sister, teacher, bloomers, school swimsuit, blowjob, blindfold, collar, wet clothes, ponytail, shimaidon, apparel bukkake, school gym uniform",166,2026-09-03 03:06:24,2026-09-03 03:06:24,2026-09-05 01:42:05
677967,[Banana Senbei (Zawashi)] Nonomilk Hanbaiin no Bonyuu Eigyou | 野宫推销员的母乳推销 (Blue Archive) [Chinese] [小黄个人汉化] [Digital],[ばななせんべい (ざわし)] ノノミルク販売員の母乳営業 (ブルーアーカイブ) [中国翻訳] [DL版],Nonomilk Hanbaiin no Bonyuu Eigyou | 野宫推销员的母乳推销,"translated, chinese",zawashi,banana senbei,doujinshi,blue archive,nonomi izayoi,"big breasts, humiliation, pregnant, netorare, milking, breast feeding, prostitution, ahegao, huge breasts, sex toys, lactation, dilf, impregnation, sole female, halo",24,2026-09-03 03:08:14,2026-09-03 03:08:14,2026-09-05 01:42:17
677968,[Yajirushi Key (Meito)] Kasou Douwa wa Kiken ga Ippai!? Yumemi Gachi na Shoujo Hen 1 [English] [Digital],[矢印キー (Meito)] 仮想童話は危険がいっぱい!?夢見がちな少女編1 [英訳] [DL版],Kasou Douwa wa Kiken ga Ippai!? Yumemi Gachi na Shoujo Hen 1,"english, translated","meito, hoshina meito",yajirushi key,doujinshi,alice in wonderland,alice liddell,"multi-work series, stockings, rape, sole female",45,2026-09-03 03:16:42,2026-09-03 03:16:42,2026-09-05 01:42:28
677969,[Yajirushi Key (Meito)] Kasou Douwa wa Kiken ga Ippai!? Fukou na Ohime-sama Hen 1 [English] [Digital],[矢印キー (Meito)] 仮想童話は危険がいっぱい!? 不幸なお姫様編1 [英訳] [DL版],Kasou Douwa wa Kiken ga Ippai!? Fukou na Ohime-sama Hen 1,"english, translated","meito, hoshina meito",yajirushi key,doujinshi,original,,"group, anal, bondage, multi-work series, rape, blowjob, collar, sole female, leash",37,2026-09-03 03:23:53,2026-09-03 03:23:53,2026-09-05 01:42:39
677970,[Shironegiya (miya9)] Boku no Kanojo wa Cafe Tenin 3 ~Haramaserarete~ [Chinese] [Morgan@clovers studio] [Digital],[白ネギ屋 (miya9)] ボクの彼女はカフェ店員3〜孕ませられて〜 [中国翻訳] [DL版],Boku no Kanojo wa Cafe Tenin 3 ~Haramaserarete~,"translated, chinese",miya9,shironegiya,doujinshi,original,,"pregnant, netorare, cheating, multi-work series, lactation, sole female",50,2026-09-03 03:27:09,2026-09-03 03:27:09,2026-09-05 01:42:50
677971,[Tsuyu no Torikago (Shimetsuki Tanki)] Monoshizu kana Osananajimi ga Hentai ni naru Hanashi [Chinese] [Digital],[梅雨の鳥籠 (湿月タンキ)] 物静かな幼馴染が変態になる話 [中国翻訳] [DL版],Monoshizu kana Osananajimi ga Hentai ni naru Hanashi,"translated, chinese",shimetsuki tanki,tsuyu no torikago,doujinshi,original,,"big breasts, urination, condom, nakadashi, diaper, mosaic censorship, blowjob, sole female, sole male, beauty mark, omorashi",45,2026-09-03 03:30:09,2026-09-03 03:30:09,2026-09-05 01:43:02
677972,[KAMINENDO.CORP (Akazawa RED)] Oneechan [Chinese] [Digital],[KAMINENDO.CORP (あかざわRED)] おねえちゃん [中国翻訳] [DL版],Oneechan,"translated, chinese",akazawa red,kaminendo.corporation,doujinshi,original,,"big breasts, pegging, strap-on, netorare, anal, femdom",26,2026-09-03 03:32:02,2026-09-03 03:32:02,2026-09-05 01:43:13
677973,[成瀬川あおば]ふたりの変態女子がオジサンの大便器になる話前編,,ふたりの変態女子がオジサンの大便器になる話前編,"translated, chinese",kandanchi,mousou kai no juunin wa ikiteiru.,doujinshi,original,,"scat, group, urination, ffm threesome, coprophagia, multi-work series, rimjob, mosaic censorship, piss drinking, rough translation",76,2026-09-03 03:36:50,2026-09-03 03:36:50,2026-09-05 01:43:24
677974,[BAVAROIS-BASS] Oneechan to Semetari Semeraretari suru Hon [Chinese] [Digital],[ババロアバス] おねえちゃんと せめたりせめられたりする本  [中国翻訳] [DL版],Oneechan to Semetari Semeraretari suru Hon,"translated, chinese",,bavarois-bass,doujinshi,original,,"handjob, garter belt, nakadashi, sex toys, stockings, lingerie, fingering, blowjob, shotacon, sole female, sole male, gloves, nipple stimulation",32,2026-09-03 03:38:57,2026-09-03 03:38:57,2026-09-05 01:43:35
677975,[Chinmina Satou] Onii-san Orei ni xxshite Agemasu [English] [duaduapertujuh],,Onii-san Orei ni xxshite Agemasu,"english, translated",,chinmina satou,doujinshi,original,,"big breasts, big ass, masturbation, fingering, blowjob, sole female, sole male, rough translation",50,2026-09-03 03:42:07,2026-09-03 03:42:07,2026-09-05 01:43:47
677976,[tete-a-tete (Yuunagi Show)] Himitsu no Tomodachi ~Chamomile Sensei to Ecchi na Aroma Oil-ya-sa~ - The Secret Friend Ms. Chamomile and the Naughty Aromatherapy Shop EX Series Ex1  [Chinese] [这样很好=汉化组合] [Digital],[tete-a-tete (夕凪ショウ)] ひみつのともだち～カモミール先生とえっちなアロマオイル屋さん～ [中国翻訳] [DL版],Himitsu no Tomodachi ~Chamomile Sensei to Ecchi na Aroma Oil-ya-sa~ - The Secret Friend Ms. Chamomile and the Naughty Aromatherapy Shop EX Series Ex1,"translated, chinese",yuunagi show,tete-a-tete,doujinshi,original,,"squirting, elf, leg lock, big breasts, nakadashi, x-ray, fingering, collar, sole female, nipple stimulation",30,2026-09-03 03:44:15,2026-09-03 03:44:15,2026-09-05 01:43:58
677977,[VACHI=VOCO] Mendo Mi no i Onna Tomodachi no Naka ni Dashite mita [Chinese] [Digital],[VACHI=VOCO] 面倒見のいい女友達の中に出してみた [中国翻訳] [DL版],Mendo Mi no i Onna Tomodachi no Naka ni Dashite mita,"translated, chinese",,,doujinshi,original,,"handjob, big breasts, nakadashi, paizuri, impregnation, blowjob, sole female, sole male",62,2026-09-03 03:48:41,2026-09-03 03:48:41,2026-09-05 01:44:09
677978,[VACHI=VOCO] Otaku na Onna Tomodachi no Naka ni dashitemita [Chinese] [Digital],[VACHI=VOCO] オタクな女友達の中に出してみた [中国翻訳] [DL版],Otaku na Onna Tomodachi no Naka ni dashitemita,"translated, chinese",,,doujinshi,original,,"big breasts, glasses, nakadashi, sex toys, x-ray, sole female, sole male, hidden toy",62,2026-09-03 03:52:28,2026-09-03 03:52:28,2026-09-05 01:44:21
677979,[んぴゅ ゔぃむぞ] セミロンちゃん,[んぴゅ ゔぃむぞ] セミロンちゃん,セミロンちゃん,japanese,npyu vimuzo,,doujinshi,original,,"business suit, leg lock, unusual pupils, cervix penetration, schoolgirl uniform, nakadashi, ahegao, x-ray, mind control, inflation, lactation, fingering, bukkake, impregnation, blowjob, stomach deformation, chikan, sole female, sole male, bald, cumflation, forced exposure, multiple orgasms, fanny packing",87,2026-09-03 03:57:58,2026-09-03 03:57:58,2026-09-05 01:44:32
677980,[Npyu Vimuzo] Tainai Shinnyuu Muramusume-chan,[んぴゅ ゔぃむぞ] 体内侵入村娘ちゃん,Tainai Shinnyuu Muramusume-chan,japanese,npyu vimuzo,,doujinshi,original,,"big breasts, dark skin, x-ray, guro, large insertions, parasite, tentacles, stomach deformation, ponytail",15,2026-09-03 03:59:09,2026-09-03 03:59:09,2026-09-05 01:44:43
677981,[GABUGABU (GABURI)] I Fell in Love With My Gender Bent Big Brother and Made Him a Woman for Good by Knocking Him Up! [English] [GTF] [Digital],,I Fell in Love With My Gender Bent Big Brother and Made Him a Woman for Good by Knocking Him Up!,"english, translated",gaburi,gabugabu,doujinshi,original,,"kissing, big breasts, pregnant, glasses, nakadashi, ahegao, defloration, incest, rape, sister, impregnation, sole female, sole male, gender change",43,2026-09-03 04:07:23,2026-09-03 04:07:23,2026-09-05 01:44:55
677982,[Fusuma] Mahou Shoujo to Succubus-san,[ふすま] 魔法少女とサキュバスさん,Mahou Shoujo to Succubus-san,japanese,fusuma,,doujinshi,original,,"futanari, cunnilingus, magical girl, females only, masturbation, demon girl, yuri, stockings, small breasts, leotard, tribadism, horns, tail, gloves, dickgirl on female",22,2026-09-03 04:09:01,2026-09-03 04:09:01,2026-09-05 01:45:06
677983,"[Kobayashi Tetsuya] Mesubuta, Buchiokasu!! [English] [MTL]",[コバヤシテツヤ] 牝豚、ぶち犯す!! [英語の翻訳],"Mesubuta, Buchiokasu!!","english, translated",kobayashi tetsuya,,manga,,,"maid, milf, big breasts, piercing, pregnant, miko, double vaginal, ahegao, anal, hairy, double penetration, tankoubon, mind break, nose hook, impregnation, blowjob, incomplete, anal intercourse, rough translation",165,2026-09-03 04:18:53,2026-09-03 04:18:53,2026-09-05 01:45:17
677984,[Arisane] Alien Abduction 2,,Alien Abduction 2,english,arisane,,doujinshi,original,,"big breasts, swimsuit, uncensored, tall man, bikini, multi-work series, tomboy, muscle, sole female, sole male, eye-covering bang, gender change, beach",81,2026-09-03 04:24:13,2026-09-03 04:24:13,2026-09-05 01:45:28
677985,[Nishi] GoGe Log (Jujutsu Kaisen),,GoGe Log,"english, translated",,,doujinshi,jujutsu kaisen,"satoru gojo, suguru geto","males only, non-h",36,2026-09-03 04:26:30,2026-09-03 04:26:30,2026-09-05 01:45:40
677986,(C105) [Inochishirazu (Inoshira)] Watashi-tachi wa Taeraremasu (Girls und Panzer),(C105) [いのちしらず (イノシラ)] 私達は堪えられます (ガールズ&パンツァー),Watashi-tachi wa Taeraremasu,japanese,inosira,,doujinshi,girls und panzer,"nonna, klara","big breasts, group, paizuri, bald",20,2026-09-03 04:28:06,2026-09-03 04:28:06,2026-09-05 01:45:51
677987,"[Shiroganean (Mitsuhime Moka)] Kono Onii-chan, Nani ka Okashii...! | My Big Brother is Kind of Weird! [English] {Doujins.com}",[白金庵 (蜜姫モカ)] このお兄ちゃん、なにかおかしい…っ！  [英訳],"Kono Onii-chan, Nani ka Okashii...! | My Big Brother is Kind of Weird!","english, translated",goya | mitsuhime moka,shiroganean,doujinshi,original,,"leg lock, big breasts, unusual pupils, schoolboy uniform, schoolgirl uniform, nakadashi, ahegao, sex toys, incest, paizuri, fingering, mosaic censorship, rape, sister, impregnation, blowjob, sole female, sole male",74,2026-09-03 04:42:52,2026-09-03 04:42:52,2026-09-05 01:46:02
677988,[Meshi Shinja] Futanari-Boshi Hito Ga Shihai Shita Sekai de Ningen Uragitte Hataraku Hanashi,【飯信者】フタナリ星人が支配した世界で人間裏切って働く話,Futanari-Boshi Hito Ga Shihai Shita Sekai de Ningen Uragitte Hataraku Hanashi,japanese,,meshi shinja,doujinshi,original,,"futanari, handjob, big breasts, big ass, huge breasts, bondage, no penetration",16,2026-09-03 04:44:08,2026-09-03 04:44:08,2026-09-05 01:46:14
677989,[Omiyamairi (Onomiya)] Momiji-chan to no Game wa Kibishime deshita  |  The Game I Played With Momiji Was Tougher Than Expected (Touhou Project) [English] {Doujins.com}  [Digital],[お宮まいり (おのみや)] 椛ちゃんとのゲームは厳しめでした (東方Project) [英訳] [DL版],Momiji-chan to no Game wa Kibishime deshita  |  The Game I Played With Momiji Was Tougher Than Expected,"english, translated",,,doujinshi,touhou project,momiji inubashiri,"big breasts, wolf girl, x-ray, blowjob, sole female, sole male, kemonomimi, tail",18,2026-09-03 04:45:32,2026-09-03 04:45:32,2026-09-05 01:46:25
677990,[Ika9] Soukaku (Zenless Zone Zero),[イカ9] 蒼角 (ゼンレスゾーンゼロ),Soukaku,"japanese, textless narrative",ika9,,doujinshi,zenless zone zero,soukaku,"anal, x-ray, collar, sole female, sole male, horns, leash, tail",2,2026-09-03 04:45:55,2026-09-03 04:45:55,2026-09-05 01:46:36
677991,[Oyster] Ochibure | Downfall Ch. 5 (COMIC Mate Legend Vol. 70 2026-08)  [English] [menospeaknihongo]  [Digital],[オイスター] 落魄れ 第五話 (コミック Mate legend Vol.70 2026年8月号) [英訳]  [DL版],Ochibure | Downfall Ch. 5,"english, translated",oyster,,manga,,,"scar, big breasts, torture, humiliation, piercing, group, electric shocks, body modification, prostitution, condom, nakadashi, ahegao, ryona, anal, drugs, blood, huge penis, small breasts, guro, mind break, mosaic censorship, rape, blowjob, big penis, body writing, fisting, anal intercourse, exposed clothing, rough translation, crying, genital piercing, nipple piercing, gang rape",21,2026-09-03 04:50:06,2026-09-03 04:50:06,2026-09-05 01:46:47
677992,[なわけな] 昔の友達と出会った女,[なわけな] 昔の友達と出会った女,昔の友達と出会った女,japanese,nawakena,,doujinshi,original,,"sweating, x-ray, full color, low shotacon, voyeurism, shotacon, sole female",4,2026-09-03 04:50:41,2026-09-03 04:50:41,2026-09-05 01:46:58
677993,[KAMU C] Bakunyuu Bunny Obasan - Chapter 1 (ENGLISH),[かむＣ] 爆乳バニーおばさん,Bakunyuu Bunny Obasan - Chapter 1,"english, translated",kamushi,,manga,,,"milf, big breasts, huge breasts, multi-work series, bunny girl, beauty mark, no penetration, eye-covering bang",21,2026-09-03 04:52:08,2026-09-03 04:52:08,2026-09-05 01:47:10
677994,"[Marushamo] Shukushou Spray no Aru Sekai de Shukushou Shitara Onna no Ko Kara Nigerarenakunatta | After Shrinking Myself in a World Where Shrinking Spray Exists, I Became Unable to Run Away From Girls [English] {Doujins.com}",[まるしゃも] 縮小スプレーのある世界で縮小したら女の子から逃げられなくなった [英訳],"Shukushou Spray no Aru Sekai de Shukushou Shitara Onna no Ko Kara Nigerarenakunatta | After Shrinking Myself in a World Where Shrinking Spray Exists, I Became Unable to Run Away From Girls","english, translated",marushamo,,doujinshi,original,,"shrinking, big breasts, farting, big ass, facesitting, giantess, miniguy",25,2026-09-03 04:54:04,2026-09-03 04:54:04,2026-09-05 01:47:21
677995,[Izumi] Junyuu Gal Taima Miko Karen | Milking Gyaru Exorcist Miko Karen [English] [EHCOVE],[いずみ] 授乳ギャル退魔巫女カレン [英訳],Junyuu Gal Taima Miko Karen | Milking Gyaru Exorcist Miko Karen,"english, translated",izumi,,doujinshi,original,,"big breasts, miko, group, breast feeding, dark skin, full color, lactation, stockings, gyaru, sole female, ponytail",26,2026-09-03 04:55:55,2026-09-03 04:55:55,2026-09-05 01:47:32
677996,[Monimonimo] SEX Shite Kureru imouto | The Little Sister Who Lets You Have Sex [English] {Doujins.com},[もにもにも] SEXしてくれる妹  [英訳],SEX Shite Kureru imouto | The Little Sister Who Lets You Have Sex,"english, translated",,monimonimo,doujinshi,original,,"sweating, big breasts, nakadashi, scanmark, incest, mosaic censorship, sister, blowjob, muscle, sole female, sole male, bald, beauty mark",21,2026-09-03 04:59:48,2026-09-03 04:59:48,2026-09-05 01:47:43
677997,"[Leaz Koubou (Oujano Kaze)] Jimi de megane na Ausu-chan jitsu ha chō kyonyū / The Plain, Glasses-Clad Aussa-chan Is Actually Super Busty (Yu-Gi-Oh!) [Digital]  [English] {Doujins.com}",[りーず工房 (王者之風)] 地味でメガネなアウスちゃん実は超巨乳 (遊☆戯☆王) [DL版]  [英訳],"Jimi de megane na Ausu-chan jitsu ha chō kyonyū / The Plain, Glasses-Clad Aussa-chan Is Actually Super Busty","english, translated",oujano kaze,leaz koubou,doujinshi,yu-gi-oh,aussa the earth charmer,"kissing, big breasts, glasses, sole female, sole male",22,2026-09-03 05:01:31,2026-09-03 05:01:31,2026-09-05 01:47:55
677998,"[Kousuke] Sukinara Sukidashi Sukinadake Ch.1 | If You Like Me, Then Get it, as Much as You Want Ch.1 [English] {Doujins.com} [Digital]",[交介] スキならスキだしスキなだけ [英訳] [DL版],"Sukinara Sukidashi Sukinadake Ch.1 | If You Like Me, Then Get it, as Much as You Want Ch.1","english, translated",kousuke,,manga,,,"handjob, kissing, big breasts, nakadashi, ahegao, femdom, cosplaying, x-ray, big areolae, stockings, paizuri, tiara, sole female, sole male, horns, stirrup legwear, eye-covering bang",30,2026-09-03 05:03:31,2026-09-03 05:03:31,2026-09-05 01:48:06
677999,[Kurumi no Atelier (Futaba Kurumi)] Sakurai Miyo no Kanzen Hanzai | Sakurai Miyo's Perfect Crime (Blue Archive) [English] {Doujins.com} [Digital],[くるみのアトリエ (双葉くるみ)] 桜井ミヨの完全犯罪 (ブルーアーカイブ) [[英訳] DL版],Sakurai Miyo no Kanzen Hanzai | Sakurai Miyo's Perfect Crime,"english, translated",futaba kurumi,kurumi no atelier,doujinshi,blue archive,"sensei, miyo sakurai","masturbation, nakadashi, sex toys, femdom, scanmark, defloration, drugs, sole female, sole male, halo",26,2026-09-03 05:05:20,2026-09-03 05:05:20,2026-09-05 01:48:17
678000,《[どろん] ミノホド学园 ～那个比男人还强势的她，在一群人渣男的“指导”下，变成了任人摆布的女人～》,[どろん] ミノホド学園〜男勝りなあの人が最低男達の指導で都合のいい女になりました〜,《[どろん] ミノホド学园 ～那个比男人还强势的她，在一群人渣男的“指导”下，变成了任人摆布的女人～》,"translated, chinese",,doron,doujinshi,original,,big breasts,54,2026-09-03 05:08:39,2026-09-03 05:08:39,2026-09-05 01:48:28
678001,[Basoba] Yattemiro yo Koibito Doushi ga Yaru Love Love H tte Yatsu o Yoo | Let's Try it Out! The Thing that They Call Lovey-Dovey Sex Between Lovers [English] {Doujins.com} [Digital],[ばそば] ヤってみろよ恋人同士がやるラブラブHってやつをよぉっ [英訳] [DL版],Yattemiro yo Koibito Doushi ga Yaru Love Love H tte Yatsu o Yoo | Let's Try it Out! The Thing that They Call Lovey-Dovey Sex Between Lovers,"english, translated",basoba,,doujinshi,original,,"kissing, leg lock, big breasts, condom, nakadashi, ahegao, x-ray, gyaru, muscle, stomach deformation, sole female, sole male, pixie cut, multiple orgasms, nipple stimulation, wholesome",49,2026-09-03 05:12:01,2026-09-03 05:12:01,2026-09-05 01:48:40
678002,[Furyuu Wajirushi] Asa mezametara hadaka no haha ga yoko ni ita [Digital],[風流ワ印] 朝目覚めたら裸の母が横にいた [DL版],Asa mezametara hadaka no haha ga yoko ni ita,japanese,,,doujinshi,original,,"milf, mother",52,2026-09-03 05:15:30,2026-09-03 05:15:30,2026-09-05 01:48:51
678003,"[Furyuu Wajirushi] Sono chikan, musuko ni tsuki [Digital]",[風流ワ印] その痴漢、息子につき [DL版],"Sono chikan, musuko ni tsuki",japanese,,,doujinshi,original,,"milf, ahegao, mother, hairy, exhibitionism, rape, blowjob, chikan, sole female, sole male",35,2026-09-03 05:17:55,2026-09-03 05:17:55,2026-09-05 01:49:02
678004,[Furyuu Wajirushi] Hinnyuu jukubo ga erosugiru [Digital],[風流ワ印] 貧乳熟母がエロすぎる [DL版],Hinnyuu jukubo ga erosugiru,japanese,,,doujinshi,original,,"milf, mother, small breasts",51,2026-09-03 05:21:21,2026-09-03 05:21:21,2026-09-05 01:49:13
678005,[Furyuu Wajirushi] Tsuma no kawari ni gibo to yaru [Digital],[風流ワ印] 妻の代わりに義母とヤる [DL版],Tsuma no kawari ni gibo to yaru,japanese,,,doujinshi,original,,"inseki, milf, mother",43,2026-09-03 05:24:25,2026-09-03 05:24:25,2026-09-05 01:49:24
678006,[Furyuu Wajirushi] Kono haha o dou okasu ka? 2 [Digital],[風流ワ印] この母をどう犯すか？ 2 [DL版],Kono haha o dou okasu ka? 2,japanese,,,doujinshi,original,,"milf, big breasts",43,2026-09-03 05:27:32,2026-09-03 05:27:32,2026-09-05 01:49:35
678007,"[Chelchel Park (Rachel)] Landmine Girl, Love Overload 2 | Jiraikei, Ai Mashimashi 2 [English] [XO Manga]",[ちぇるちぇるぱーく (れいちぇる)] 地雷系、愛マシマシ2 [英訳],"Landmine Girl, Love Overload 2 | Jiraikei, Ai Mashimashi 2","english, translated",rachel,,doujinshi,original,,"big breasts, glasses, nakadashi, x-ray, defloration, multi-work series, small breasts, paizuri, yandere, sole male, twintails, rough translation",100,2026-09-03 05:34:05,2026-09-03 05:34:05,2026-09-05 01:49:47
678008,[Hayaaruki] Itsumo kuuru na Andou-sensei ga ore ni dake darashinai sugata de echi na koto shite kureru riyuu [Digital],[ハヤアルキ] いつもクールな安藤先生が俺にだけだらしない姿でHなことしてくれる理由 [DL版],Itsumo kuuru na Andou-sensei ga ore ni dake darashinai sugata de echi na koto shite kureru riyuu,japanese,,hayaaruki,doujinshi,original,,"big breasts, multi-work series, teacher, incomplete, sole female",68,2026-09-03 05:38:18,2026-09-03 05:38:18,2026-09-05 01:49:58
678009,"[Hayaaruki] ""Cool na Andou Sensei2 NTR-hen"" Itsumo kuuru na Andou-sensei ga ore o mamoru tame yarichin joukyuusei ni odosare mesugoe de aeide netorareteru nante... [Digital]",[ハヤアルキ] 【クールな安藤先生2 NTR編】いつもクールな安藤先生が俺を守るためヤリチン上級生に脅されメス声で喘いで寝取られてるなんて… [DL版],"""Cool na Andou Sensei2 NTR-hen"" Itsumo kuuru na Andou-sensei ga ore o mamoru tame yarichin joukyuusei ni odosare mesugoe de aeide netorareteru nante...",japanese,,hayaaruki,doujinshi,original,,"big breasts, full censorship, netorare, multi-work series, teacher, blackmail",67,2026-09-03 05:42:34,2026-09-03 05:42:34,2026-09-05 01:50:09
678010,"[Hayaaruki] ""Cool na Andou Sensei3 Netorare kairaku ochi hen"" Wasurerarenai no wa... koibito to no ai no aru sekkusu ja nakute, aitsu to no 'midara de, gehin na, seiyoku dake no sekkusu' [Digital]",[ハヤアルキ] 【クールな安藤先生3 寝取られ快楽堕ち編】忘れられないのは…恋人との愛のあるセックスじゃなくて、あいつとの『淫らで、下品な、性欲だけのセックス』だった… [DL版],"""Cool na Andou Sensei3 Netorare kairaku ochi hen"" Wasurerarenai no wa... koibito to no ai no aru sekkusu ja nakute, aitsu to no 'midara de, gehin na, seiyoku dake no sekkusu'",japanese,,hayaaruki,doujinshi,original,,"big breasts, full censorship, netorare, cheating, multi-work series, teacher, blackmail",99,2026-09-03 05:48:24,2026-09-03 05:48:24,2026-09-05 01:50:20
678011,[Ra-men] Yume de Onnanoko ni Naretara...,[らーめん] 夢で女の子になれたら･･･♥,Yume de Onnanoko ni Naretara...,japanese,ra-men,,doujinshi,original,,"big breasts, school swimsuit, sole female, gender change",10,2026-09-03 05:49:18,2026-09-03 05:49:18,2026-09-05 01:50:32
678012,"[西野リク] Katabutsu Kyaria Keisatsukan wa Chūka Mafia Wakagashira ni Yodōshi Nakasareru – Otoshimae wa Karada de ne, Keiji-san♡︱固执的精英刑警被中华黑帮二当家折腾到整夜浪叫 这笔账就用身体来偿还吧 刑警先生♡",[西野リク] 堅物キャリア警察官は中華マフィア若頭に夜通し鳴かされる 落とし前はカラダでね 刑事サン♡︱固执的精英刑警被中华黑帮二当家折腾到整夜浪叫 这笔账就用身体来偿还吧 刑警先生♡,"Katabutsu Kyaria Keisatsukan wa Chūka Mafia Wakagashira ni Yodōshi Nakasareru – Otoshimae wa Karada de ne, Keiji-san♡︱固执的精英刑警被中华黑帮二当家折腾到整夜浪叫 这笔账就用身体来偿还吧 刑警先生♡","translated, chinese",,,doujinshi,original,,"anal, x-ray, males only, yaoi, muscle, watermarked, anal intercourse",44,2026-09-03 05:52:17,2026-09-03 05:52:17,2026-09-05 01:50:43
678013,"[Irapon Bokujou Monogatari (Illust Ponpon Sensha)] Ano Toki Mita Guuzou no Hana no Katachi o Boku-tachi wa Mata Shiritai. (THE IDOLM@STER CINDERELLA GIRLS, THE iDOLM@STER: Shiny Colors) [Digital]",[イラぽん牧場物語 (イラストぽんぽん戦車)] あの時見た偶像の花の形を僕達はまた知りたい。 (アイドルマスター シンデレラガールズ、アイドルマスター シャイニーカラーズ) [DL版],Ano Toki Mita Guuzou no Hana no Katachi o Boku-tachi wa Mata Shiritai.,japanese,illust ponpon sensha,irapon bokujou monogatari,doujinshi,the idolmaster,,"urination, hairy, full color, nudity only",18,2026-09-03 05:53:38,2026-09-03 05:53:38,2026-09-05 01:50:54
678014,"[ONSEN] Bukiyou Dakedo, Amasugiru︱虽然笨拙，却甜到不行 [Chinese][1-5][完]",[おんせん] 不器用だけど、甘すぎる︱雖然笨拙，卻甜到不行 [Chinese][1-5][完],"Bukiyou Dakedo, Amasugiru︱虽然笨拙，却甜到不行","translated, chinese",,,manga,,,"anal, males only, tankoubon, yaoi, watermarked, anal intercourse",175,2026-09-03 06:04:29,2026-09-03 06:04:29,2026-09-05 01:51:05
678015,[Furyuu Wajirushi] Yaritai boshi ga mata issen o koeru made [Digital],[風流ワ印] ヤリたい母子がまた一線を越えるまで [DL版],Yaritai boshi ga mata issen o koeru made,japanese,,,doujinshi,original,,,62,2026-09-03 06:08:33,2026-09-03 06:08:33,2026-09-05 01:51:25
678016,[ONOHARA Yoko] Ano Natsu ni Oitekita Koi︱遗忘在那个夏天的恋爱 [Chinese][1-7][完],[斧原ヨーコ] あの夏においてきた恋︱遺忘在那個夏天的戀愛 [Chinese][1-7][完],Ano Natsu ni Oitekita Koi︱遗忘在那个夏天的恋爱,"translated, chinese",,,manga,,,"story arc, males only, tankoubon, yaoi, watermarked",175,2026-09-03 06:19:11,2026-09-03 06:19:11,2026-09-05 01:51:36
678017,[Angel] Husband and Wife 3 (Mushoku Tensei ~Isekai Ittara Honki Dasu~),[アンゲル】 夫×妻 3（無色転生～異世界ひとつ屋根の下）,Husband and Wife 3,english,angel,,doujinshi,mushoku tensei,"roxy migurdia, rudeus greyrat","futanari, kissing, pegging, pregnant, nakadashi, ahegao, anal, femdom, demon girl, x-ray, full color, anal birth, inflation, long tongue, huge penis, large insertions, impregnation, big penis, stomach deformation, sole male, dickgirl on male, sole dickgirl, twintails, clothed female nude male, small penis, cumflation, anal intercourse",11,2026-09-03 06:20:19,2026-09-03 06:20:19,2026-09-05 14:00:16
678018,[C.R’s NEST (C.R)] Yuushuu na Hishokan ni Yoru Sakunyuu Junyuu Hoiku | 优秀秘书舰的榨奶·哺乳·呵护♥ (Azur Lane) [Chinese] [光阴个人汉化] [Digital],[C.R's NEST (しーあーる)] 優秀な秘書艦による搾乳授乳保育♥ (アズールレーン) [中国翻訳] [DL版],Yuushuu na Hishokan ni Yoru Sakunyuu Junyuu Hoiku | 优秀秘书舰的榨奶·哺乳·呵护♥,"translated, chinese",c.r,c.rs nest,doujinshi,azur lane,cowpens,"big breasts, swimsuit, huge breasts, femdom, bikini, big areolae, cowgirl, paizuri, collar, sole female, kemonomimi, horns, gloves, drill hair, focus paizuri",38,2026-09-03 06:22:57,2026-09-03 06:22:57,2026-09-05 01:52:56
678019,[Amedama Akihito] Maribel to Monster Shoku no Arus (Dragon Quest VII),[雨珠秋比人] マリベルとモンスター職のアルス (ドラゴンクエストVII),Maribel to Monster Shoku no Arus,japanese,amedama akihito,,doujinshi,dragon quest vii,"maribel, auster","nakadashi, anal, monster, lolicon, rimjob, mosaic censorship, stomach deformation, sole female, sole male",6,2026-09-03 06:24:21,2026-09-03 06:24:21,2026-09-05 01:53:07
678020,[Nobuyuki] Sailor Senshi Haiboku (Youma Tanetsuke Oji-san Hen) (Bishoujo Senshi Sailor Moon),[ノブユキ] セーラー戦士敗北(妖魔種付けおじさん編) (美少女戦士セーラームーン),Sailor Senshi Haiboku,japanese,nobuyuki,,doujinshi,sailor moon,"sailor saturn, sailor moon, sailor venus, sailor mars","pregnant, dark nipples, magical girl, monster, full color, lactation, lingerie, mosaic censorship",4,2026-09-03 06:24:50,2026-09-03 06:24:50,2026-09-05 01:53:19
678021,[nanohana] Bremerton Bikini (Azur Lane) [Digital] [English],[nanohana] ブレマートン ビキニ (アズールレーン),Bremerton Bikini,"english, translated",nanohana,,doujinshi,azur lane,"shikikan, bremerton","big breasts, swimsuit, bikini, full color, sole female, sole male, bald, twintails",6,2026-09-03 06:25:26,2026-09-03 06:25:26,2026-09-05 01:53:30
678022,[Takahama Tarou] Hengen Souki Shine Mirage THE COMIC EPISODE 10 (2D Dream Magazine Vol.127) [English] [Digital] [Aishi21],[高浜太郎] 変幻装姫シャインミラージュ THE COMIC EPISODE 10 (二次元ドリームマガジン Vol.127) [DL版],Hengen Souki Shine Mirage THE COMIC EPISODE 10,"english, translated",takahama tarou,,manga,,,"big breasts, piercing, anal, lactation, stockings, cowgirl, cheerleader, dilf, collar, bbm, twintails, detached sleeves",23,2026-09-03 06:27:06,2026-09-03 06:27:06,2026-09-05 01:53:42
678023,"[PLATONiCA (Nyorubee)] Maryoku Kare de Chiichaku Natta Dark Elf Senpai ~Dorei Ochi Shitemo Namaiki datta node, Futanari Chinpo de Bachiboko Wakarase Sex!!!~ [Chinese] [AnyaKa] [Digital]",[PLATONiCA (にょるべえ)] 魔力枯れ⤵でちいちゃくなったダークエルフ先輩 ～奴隷堕ちしても生意気だったので、ふたなりちんぽでバチボコ理解らセックス！！！～ [中国翻訳] [DL版],"Maryoku Kare de Chiichaku Natta Dark Elf Senpai ~Dorei Ochi Shitemo Namaiki datta node, Futanari Chinpo de Bachiboko Wakarase Sex!!!~","translated, chinese",nyorutarou,platonica,doujinshi,original,,"futanari, elf, big breasts, nakadashi, ahegao, anal, dark skin, x-ray, big areolae, big penis, collar, stomach deformation, slave, sole female, sole dickgirl, gloves, stirrup legwear, eye-covering bang, anal intercourse, full-packaged futanari, dickgirl on female",31,2026-09-03 06:29:14,2026-09-03 06:29:14,2026-09-05 01:53:53
678024,[23.4do (Ichiri)] Daten Keikaku - Kodoku o Himeta Tenshi Chou Hen | 堕天计划~深藏孤独的天使长篇~ [Chinese] [白杨汉化组] [Digital],[23.4ド (イチリ)] 堕天計画 ～孤独を秘めた天使長編～ [中国翻訳] [DL版],Daten Keikaku - Kodoku o Himeta Tenshi Chou Hen | 堕天计划~深藏孤独的天使长篇~,"translated, chinese",ichiri,23.4do,doujinshi,original,,"nakadashi, lolicon, multi-work series, angel, blowjob, blindfold, fox girl, age regression, shotacon, sole female, sole male, kemonomimi, very long hair, halo",43,2026-09-03 06:37:13,2026-09-03 06:37:13,2026-09-05 01:54:04
678025,[Baka to Hasami (Tirigami)] MOD de NPC ni Wakarasessu Suru Ohanashi | 用MOD对NPC进行认清现实调校的故事 [Chinese],[ばかとはさみ (ちりがみ)] MODでNPCにわからセッするおはなし！ | 用MOD对NPC进行认清现实调校的故事 [Chinese],MOD de NPC ni Wakarasessu Suru Ohanashi | 用MOD对NPC进行认清现实调校的故事,"translated, chinese",tirigami,,doujinshi,original,,"elf, big breasts, fox boy, ninja, double anal, catboy, big nipples, big ass, body modification, nakadashi, anal, bodystocking, crossdressing, shemale, dark skin, big balls, x-ray, mind control, males only, double penetration, breast expansion, yaoi, tomgirl, muscle, big penis, watermarked, feminization, josou seme, kemonomimi, anal intercourse, big muscles, nipple stimulation, nipple piercing",43,2026-09-03 06:40:10,2026-09-03 06:40:10,2026-09-05 01:54:17
678026,[Kaiyuu Kikaku (Suzui Narumi)] Best Match Kanojo -Seiso JK to Oji-san ga Appli de Deatte Amaama Ecchi- - Best Matching Girlfriend [English] [Digital],[回遊企画 (鈴井ナルミ)] ベストマッチカノジョ -清楚JKとおじさんがアプリで出会って甘々エッチ- [英訳] [DL版],Best Match Kanojo -Seiso JK to Oji-san ga Appli de Deatte Amaama Ecchi- - Best Matching Girlfriend,"english, translated",suzui narumi,kaiyuu kikaku,doujinshi,original,,"big breasts, schoolgirl uniform, defloration, multi-work series, dilf, sole female, sole male, beauty mark",37,2026-09-03 06:42:46,2026-09-03 06:42:46,2026-09-05 01:54:28
678027,[Yuzuponz (Rikka Kai)] DOSUKEBE HOLE Bulma (Dragon Ball Z) [English] [Anything],[Yuzuponz (Rikka Kai)] DOSUKEBE HOLE Bulma (Dragon Ball Z) (日本語),DOSUKEBE HOLE Bulma,"english, translated",,,doujinshi,dragon ball z,,"big breasts, full color, mosaic censorship, rough translation",19,2026-09-03 06:44:12,2026-09-03 06:44:12,2026-09-05 01:54:39
678028,[Otokonoko de Asobou (Yuuki Konefu)] Downer-kei Arafour Newhalf to Shinkon-san-gokko,[男の子で遊ぼう (遊亀こねふ)] ダウナー系アラフォーニューハーフと新婚さんごっこ,Downer-kei Arafour Newhalf to Shinkon-san-gokko,"translated, chinese",yuuki konefu,otokonoko de asobou,doujinshi,original,,"big breasts, breast feeding, frottage, anal, sex toys, femdom, shemale, multi-work series, bride, paizuri, lingerie, tall girl, tomgirl, blowjob, smoking, sole male, dickgirl on male, male on dickgirl, sole dickgirl, anal intercourse, rough translation, painted nails, butt plug",36,2026-09-03 06:46:35,2026-09-03 06:46:35,2026-09-05 01:54:51
678029,[Yuzuponz (Rikka Kai)] Doeroi Pacolife Trunks no Himitsu no Negaigoto (Dragon Ball) [English] [Digital],[ゆずぽん酢 (リッカー改)] Doeroi Pacolife トランクスの秘密の願い事 (ドラゴンボール)  [英訳] [DL版],Doeroi Pacolife Trunks no Himitsu no Negaigoto,"english, translated",,yuzuponz,doujinshi,dragon ball,,"big breasts, full color, mosaic censorship, blowjob, rough translation",20,2026-09-03 06:48:08,2026-09-03 06:48:08,2026-09-05 01:55:02
678030,[Bygin-白巾] 弟子が作った魔法補助道具を試してみる (sousou no frieren) [Chinese],,弟子が作った魔法補助道具を試してみる,chinese,,,doujinshi,sousou no frieren | frieren beyond journeys end,serie,"elf, sweating, uncensored, ahegao, monster, dark skin, muscle, bald, harness, very long hair, painted nails",14,2026-09-03 06:49:12,2026-09-03 06:49:12,2026-09-05 01:55:13
678031,[OrangeMaru (YD)] Seijo no Inori wa Todokanai | The Saint's Prayer Goes Unheard [Digital] [English] [The People With No Name],[OrangeMaru (YD)] 聖女の祈りは届かない [DL版],Seijo no Inori wa Todokanai | The Saint's Prayer Goes Unheard,"english, translated",yd,orangemaru,doujinshi,original,,"handjob, kissing, leg lock, big breasts, nun, corruption, cunnilingus, mmf threesome, group, goblin, nakadashi, anal, thigh high boots, monster, x-ray, double penetration, huge penis, paizuri, bukkake, mind break, rape, parasite, blowjob, muscle, big penis, stomach deformation, deepthroat, crotch tattoo, cockslapping, smalldom, nipple stimulation, gang rape",73,2026-09-03 07:03:02,2026-09-03 07:03:02,2026-09-05 01:55:26
678032,[Tanuking Sleep (Drachef)] Yuusha no Mama wa Hamerarete Shimatta! [Chinese] [廉价汉化组] [Digital],[たぬきんぐすりーぷ (ドラチェフ)] 勇者のママはハメられてしまった! [中国翻訳] [DL版],Yuusha no Mama wa Hamerarete Shimatta!,"translated, chinese",drachef,tanuking sleep,doujinshi,original,,"milf, sweating, big breasts, big ass, huge breasts, widow, sole female, closed eyes, low incest, smalldom",34,2026-09-03 07:05:29,2026-09-03 07:05:29,2026-09-05 01:55:37
678033,[Touri (Sano Akira)] Muse and Secret Love Love Cohabitation Life (Azure Striker Gunvolt) [English],,Muse and Secret Love Love Cohabitation Life,"english, translated",sano akira,touri,doujinshi,azure striker gunvolt,,"lolicon, sole female, sole male",25,2026-09-03 07:10:16,2026-09-03 07:10:16,2026-09-05 01:55:48
678034,[Otokonoko de Asobou (Yuuki Konefu)] Minami no Shima no Otokonoko to Otona no Omocha (Bunmei no Riki) de Asobou [English] [mysterymeat3],[男の子で遊ぼう (遊亀こねふ)] 南の島の男の娘たちと 大人のおもちゃ（文明の利器）で遊ぼう？ [英訳],Minami no Shima no Otokonoko to Otona no Omocha (Bunmei no Riki) de Asobou,"english, translated",yuuki konefu,otokonoko de asobou,doujinshi,original,,"maid, garter belt, onahole, piercing, group, frottage, anal, sex toys, dark skin, full color, multi-work series, males only, yaoi, stockings, tomgirl, blowjob, big penis, josou seme, mmm threesome, anal intercourse, nipple piercing",35,2026-09-03 07:12:43,2026-09-03 07:12:43,2026-09-05 01:55:59
678035,[戸村水仙] 武士少女一夢散 [Chinese] [紫藤汉化组],[戸村水仙] 武士少女一夢散 (Masyo Ecole Vol.6) [中国翻訳],武士少女一夢散,"translated, chinese",tomura suisen,,manga,,,"pregnant, nakadashi, x-ray, impregnation, sole female",30,2026-09-03 07:14:49,2026-09-03 07:14:49,2026-09-05 01:56:11
678036,[Nakao] Kimi no Mae de Kimi Igai o Daku Ch. 36 | Having Sex with Someone Else in Front of You 36 [English],キミの前でキミ以外を抱く,Kimi no Mae de Kimi Igai o Daku Ch. 36 | Having Sex with Someone Else in Front of You 36,"english, translated",nakao,,manga,,,"multi-work series, no penetration",22,2026-09-03 07:16:37,2026-09-03 07:16:37,2026-09-05 01:56:23
678037,【Aledeko】Voresa,爆食牛牛,【Aledeko】Voresa,"translated, chinese",,,doujinshi,original,,vore,22,2026-09-03 07:18:04,2026-09-03 07:18:04,2026-09-05 01:56:34
678038,[Rinjuu Circus (Haguhagu)] Matsumoto Hiyori no Mousou.  | Matsumoto Hiyori's Delusions [English] [flash11] [Digital],[臨終サーカス (はぐはぐ)] 松本ひよりの妄想。 [英訳] [DL版],Matsumoto Hiyori no Mousou.  | Matsumoto Hiyori's Delusions,"english, translated",haguhagu,rinjuu circus,doujinshi,original,,"glasses, masturbation, lolicon, blindfold, sole female",42,2026-09-03 07:26:27,2026-09-03 07:26:27,2026-09-05 01:56:45
678039,[Microbit (Hinase Aya)] Shiro-chan Shokushu Ochi Route | 关于小白的触手堕落历程 (Bomber Girl) [Chinese] [紫藤汉化组] [Digital],[Microbit (雛瀬あや)] シロちゃん触手堕ちルート (ボンバーガール) [中国翻訳] [DL版],Shiro-chan Shokushu Ochi Route | 关于小白的触手堕落历程,"translated, chinese",hinase aya,microbit,doujinshi,bomber girl,shiro,"big breasts, defloration, tentacles, crotch tattoo",24,2026-09-03 07:28:16,2026-09-03 07:28:16,2026-09-05 01:56:57
678040,[Fujinoe Honpo (Fujinoe13B)] Kuro Gal JK de Shasei Shitai | 想对着黑皮辣妹JK射精 [Chinese] [COW个人汉化] [Digital],[フジノエ本舗 (フジノエ13B)] 黒ギャルJKで射精したい [中国翻訳] [DL版],Kuro Gal JK de Shasei Shitai | 想对着黑皮辣妹JK射精,"translated, chinese",fujinoe13b,fujinoe honpo,doujinshi,original,,"business suit, big breasts, cunnilingus, emotionless sex, big ass, schoolgirl uniform, prostitution, condom, sex toys, dark skin, sumata, gyaru, smell, blowjob, sole female, sole male, bald, beauty mark, multiple orgasms, nipple stimulation",45,2026-09-03 07:31:11,2026-09-03 07:31:11,2026-09-05 01:57:10
678041,[Anthology] 2D Comic Magazine Sanran Ningen Bokujou Vol. 2,[アンソロジー] 二次元コミックマガジン 産卵人間牧場Vol.2,2D Comic Magazine Sanran Ningen Bokujou Vol. 2,japanese,"nisshisshi, jia nostalsan",,manga,,,"squid girl, big breasts, pregnant, monster girl, anthology, multiple penises, monster, lactation, cowgirl, human cattle, mind break, impregnation, tentacles, eggs, vaginal birth",64,2026-09-03 07:35:41,2026-09-03 07:35:41,2026-09-05 01:57:22
678042,[Shion] Yandere Slime Musume no Aishikata (COMIC Unreal 2023-06 Vol. 103) [English] [Kumoku] [Digital],[しおん] ヤンデレスライム娘の愛し方 (コミックアンリアル 2023年6月号 Vol.103) [英訳] [DL版],Yandere Slime Musume no Aishikata,"english, translated","utanone sion, shion",,manga,,,"big breasts, pregnant, group, full censorship, nakadashi, ffm threesome, dark skin, slime girl, nipple fuck, incest, impregnation, daughter, inverted nipples, yandere, sole male, oyakodon, twintails, vaginal birth",23,2026-09-03 07:40:49,2026-09-03 07:40:49,2026-09-05 01:57:35
678043,[BLACK DOG (Kuroinu Juu)] Mami no Meikyuu 2.5 Seifuku Bishoujo Tenshi Hen,[BLACK DOG (黒犬獣)] 魔魅の迷宮2.5 制服美少女天使編,Mami no Meikyuu 2.5 Seifuku Bishoujo Tenshi Hen,japanese,kuroinu juu,black dog,doujinshi,original,,"wings, schoolgirl uniform, ahegao, multi-work series, angel, muscle, sole female, sole male, halo",21,2026-09-03 07:42:30,2026-09-03 07:42:30,2026-09-05 01:58:54
678044,[成瀬川あおば]ふたりの変態女子がオジサンの大便器になる話 中編～便器少女は二つの処女を捧げる～,,ふたりの変態女子がオジサンの大便器になる話 中編～便器少女は二つの処女を捧げる～,"translated, chinese",kandanchi,mousou kai no juunin wa ikiteiru.,doujinshi,original,,"scat, group, anal, ffm threesome, coprophagia, x-ray, multi-work series, rimjob, mosaic censorship, rough translation",56,2026-09-03 07:46:09,2026-09-03 07:46:09,2026-09-05 01:59:07
678045,飞机杯女神连线中 Wireless Onahole - Chapter 113 机翻,Wireless Onahole - Chapter 113,飞机杯女神连线中 Wireless Onahole - Chapter 113 机翻,"translated, chinese",,,manga,,,"webtoon, rough translation",10,2026-09-03 07:47:19,2026-09-03 07:47:19,2026-09-05 01:59:19
678046,[Uzura Dobin] PLK Leader and the Perception blocking Man (Hololive),[うずら土瓶] plk座長と認識阻害男 漫画 (ホロライブ),PLK Leader and the Perception blocking Man,"english, translated",uzura dobin,,doujinshi,hololive,omaru polka,"mind control, sole female, sole male, kemonomimi, tail, vtuber, rough translation",6,2026-09-03 07:47:55,2026-09-03 07:47:55,2026-09-05 01:59:31
678047,飞机杯女神连线中 Wireless Onahole - Chapter 114 机翻,Wireless Onahole - Chapter 114,飞机杯女神连线中 Wireless Onahole - Chapter 114 机翻,"translated, chinese",,,manga,,,"webtoon, rough translation",9,2026-09-03 07:48:56,2026-09-03 07:48:56,2026-09-05 01:59:44
678048,飞机杯女神连线中 Wireless Onahole - Chapter 101—114 机翻合集（更新中）,Wireless Onahole,飞机杯女神连线中 Wireless Onahole - Chapter 101—114 机翻合集（更新中）,"translated, chinese",,,manga,,,"full censorship, webtoon, rough translation",139,2026-09-03 08:01:17,2026-09-03 08:01:17,2026-09-05 02:00:59
678049,飞机杯女神连线中 Wireless Onahole - Chapter 116 机翻 先行版,Wireless Onahole - Chapter 116 西语版,飞机杯女神连线中 Wireless Onahole - Chapter 116 机翻 先行版,"translated, chinese",,,manga,,,"webtoon, rough translation",14,2026-09-03 08:02:50,2026-09-03 08:02:50,2026-09-05 02:01:13
678050,【塩屋町curry】武器はなんでもデカいほうがいい。,[塩屋町curry (塩屋こるり)] 武器はなんでもデカいほうがいい。 (ぼっち・ざ・ろっく!),【塩屋町curry】武器はなんでもデカいほうがいい。,japanese,shioya coluli,shioyamachicurry,doujinshi,bocchi the rock,"hitori gotou, nijika ijichi, ikuyo kita, ryou yamada","futanari, big breasts",18,2026-09-03 08:04:13,2026-09-03 08:04:13,2026-09-05 02:01:26
678051,[ギシュレッド] 何をしても何故か許されるやつym (にじさんじ) [Chinese],[ギシュレッド] 何をしても何故か許されるやつym (にじさんじ) [中国翻訳],何をしても何故か許されるやつym,"translated, chinese",gisyuled,,doujinshi,nijisanji,yamagami karuta,"big breasts, mind control, vtuber",6,2026-09-03 08:04:56,2026-09-03 08:04:56,2026-09-05 02:01:39
678052,[YuKi-IRo (Yukiusagi.)] Patche-san to Majo Ana Taiken | 帕秋莉的魔女穴體驗 (Touhou Project) [Chinese] [明稿昨拖漢化組] [Digital],[YuKi-IRo (ゆきうさぎ。)] パチェさんと魔女穴体験 (東方Project) [中国翻訳] [DL版],Patche-san to Majo Ana Taiken | 帕秋莉的魔女穴體驗,"translated, chinese",yukiusagi.,yuki-iro,doujinshi,touhou project,patchouli knowledge,"big breasts, wormhole, onahole, nakadashi, anal, sex toys, x-ray, double penetration, sole female, sole male, hair buns, very long hair",20,2026-09-03 08:06:20,2026-09-03 08:06:20,2026-09-05 02:01:52
678053,[antyuumosaku (malcorond)] Delivery na Syoujo no Ehon 4 | Delivery Girl Picture Book 4 [English],[暗中模索 (まるころんど)] デリバリーな少女の絵本4 [英訳],Delivery na Syoujo no Ehon 4 | Delivery Girl Picture Book 4,"english, translated",malcorond,antyuumosaku,doujinshi,original,,"group, schoolgirl uniform, ffm threesome, tanlines, teacher, tomboy, blowjob, bbm, sole male, ponytail, pixie cut, rough translation",34,2026-09-03 08:08:48,2026-09-03 08:08:48,2026-09-05 02:03:07
678054,Amakute nigai ~boku ni yasashii kansaiben mesu oniisan ga ura de shakkin tori ni shihai sareteita nante~,あまくてにがい～ボクに優しい関西弁メスお兄さんが裏で借金取りに支配されていたなんて～,Amakute nigai ~boku ni yasashii kansaiben mesu oniisan ga ura de shakkin tori ni shihai sareteita nante~,japanese,keiji-kurobi,grande melone,doujinshi,original,,"anal, males only, yaoi, tomgirl, anal intercourse",68,2026-09-03 08:13:16,2026-09-03 08:13:16,2026-09-05 02:03:20
678055,[thirty8ght] ベルベット [Chinese] [黎欧出资汉化],[thirty8ght] ベルベット [中国翻訳],ベルベット,"translated, chinese",38,,doujinshi,goddess of victory nikke,velvet,"big breasts, double anal, group, nakadashi, huge breasts, anal, nose hook, sole female, beauty mark, anal intercourse",22,2026-09-03 08:14:57,2026-09-03 08:14:57,2026-09-05 02:03:37
678056,[thirty8ght] eveas [Chinese] [黎欧出资汉化],[thirty8ght] eveas [中国翻訳],eveas,"translated, chinese",38,,doujinshi,zenless zone zero,"evelyn chevalier, astra yao","futanari, big breasts, big nipples, anal, shemale, monster, dark skin, big balls, big penis, dickgirl on dickgirl, male on dickgirl, horse cock, anal intercourse, full-packaged futanari, dickgirl on female, futanarization",32,2026-09-03 08:17:16,2026-09-03 08:17:16,2026-09-05 02:03:52
678057,[thirty8ght] Jinkaku Haisetsu Subaru and Saori | (Blue Archive) [Chinese] [黎欧出资汉化],[thirty8ght] すばるとさおり(15p) (ブルーアーカイブ) [中国翻訳],Jinkaku Haisetsu Subaru and Saori |,"translated, chinese",38,,doujinshi,blue archive,"sensei, saori joumae, subaru kakehashi","big breasts, farting, group, big ass, body swap, ahegao, anal, sex toys, ffm threesome, hairy, big areolae, gaping, low scat, personality excretion",30,2026-09-03 08:19:29,2026-09-03 08:19:29,2026-09-05 02:04:11
678058,[Hitosaka] A senior student becomes a rubber pet at the request of a junior student.,[ヒトサカ]後輩にお願いされてﾗﾊﾞｰﾍﾟｯﾄになっちゃった先輩,A senior student becomes a rubber pet at the request of a junior student.,japanese,hitosaka,,doujinshi,original,,"big breasts, gag, females only, bondage, yuri, latex, full color, masked face, bodysuit, collar, catgirl, tail plug, harness, leash, petplay, clit stimulation",7,2026-09-03 08:20:11,2026-09-03 08:20:11,2026-09-05 02:05:25
678059,[CrashRush (Gesshi)] Koi Shite Kiss Shite Dakishimete (VOCALOID) [Chinese] [迷幻仙域×真不可视汉化组],[CrashRush (げっし)] 恋してキスして抱きしめて (VOCALOID) [中国翻訳],Koi Shite Kiss Shite Dakishimete,"translated, chinese",gesshi,crashrush,doujinshi,vocaloid,"len kagamine, kaito","glasses, anal, lab coat, males only, yaoi, shotacon, anal intercourse, classroom",26,2026-09-03 08:24:56,2026-09-03 08:24:56,2026-09-05 02:05:37
678060,[ギシュレッド] 配信終わりに×× (にじさんじ) [Chinese],[ギシュレッド] 配信終わりに×× (にじさんじ) [中国翻訳],配信終わりに××,"translated, chinese",gisyuled,,doujinshi,nijisanji,ponto nei,vtuber,6,2026-09-03 08:25:38,2026-09-03 08:25:38,2026-09-05 02:05:52
678061,[ウラザサ] 定点 赤蛮奇 (東方Project),[ウラザサ] 定点 赤蛮奇 (東方Project),定点 赤蛮奇,japanese,fuuzasa,,doujinshi,touhou project,sekibanki,"full color, paizuri, blowjob, sole female, sole male, multipanel sequence",3,2026-09-03 08:26:00,2026-09-03 08:26:00,2026-09-05 02:06:05
678062,"熱血硬派（热血硬派）(brilliant_days_6)_[Se-ri,_MEOW,_Samgyetang_(Gimako,_Kotori_Aiko,_Seseri)]_Nekketsukouha_4P!!!_(Ensemble_Stars!)-ai翻译",,"熱血硬派（热血硬派）(brilliant_days_6)_[Se-ri,_MEOW,_Samgyetang_(Gimako,_Kotori_Aiko,_Seseri)]_Nekketsukouha_4P!!!_(Ensemble_Stars!)-ai翻译","translated, chinese",,,doujinshi,ensemble stars,"chiaki morisawa, midori takamine, tetora nagumo, kuro kiryu","schoolboy uniform, group, anal, males only, yaoi, rough translation",52,2026-09-03 08:29:57,2026-09-03 08:29:57,2026-09-05 02:06:17
678063,[MeichougiJuku (Tokiba)] Tensai Club Onaho-ka Keikaku | 天才俱乐部征服（飞机杯化）计划 (Honkai: Star Rail) [Chinese] [紫藤汉化组] [Digital],[鳴烏義塾 (ときば)] 天才クラブ征服計画 (崩壊:スターレイル) [中国翻訳] [DL版],Tensai Club Onaho-ka Keikaku | 天才俱乐部征服（飞机杯化）计划,"translated, chinese",toki garasu,meichougijuku,doujinshi,honkai star rail,"ruan mei, the herta","pregnant, witch, ffm threesome, impregnation, sole male",18,2026-09-03 08:31:25,2026-09-03 08:31:25,2026-09-05 02:07:33
678064,[ギシュレッド] 1度や2度じゃ済んでない (アイドルマスターシンデレラガールズ) [Chinese],[ギシュレッド] 1度や2度じゃ済んでない (アイドルマスターシンデレラガールズ) [中国翻訳],1度や2度じゃ済んでない,"translated, chinese",gisyuled,,doujinshi,the idolmaster,minami nitta,"nakadashi, full color, incest, dilf, daughter, sole female, sole male",4,2026-09-03 08:32:34,2026-09-03 08:32:34,2026-09-05 02:07:46
678065,[ギシュレッド] 裏メニュー (にじさんじ) [Chinese],[ギシュレッド] 裏メニュー (にじさんじ) [中国翻訳],裏メニュー,"translated, chinese",gisyuled,,doujinshi,nijisanji,yorumi rena,"full color, lactation, sole female, vtuber",8,2026-09-03 08:33:33,2026-09-03 08:33:33,2026-09-05 02:08:01
678066,[Amagami Honpo (Manno)] Nijigen Otaku no Ore ga Tenkou Shite Kita Kyonyuu Idol ni Otosareru made - A 2D Otaku Falls for the Curvy Idol Transfer Student | 身为二次元宅男的我被转校而来的巨乳偶像给就这样攻陷了 [Chinese] [白杨汉化组] [Digital],[甘噛本舗 (まんの)] 二次元オタクの俺が転校してきた巨乳アイドルに堕とされるまで [中国翻訳] [DL版],Nijigen Otaku no Ore ga Tenkou Shite Kita Kyonyuu Idol ni Otosareru made - A 2D Otaku Falls for the Curvy Idol Transfer Student | 身为二次元宅男的我被转校而来的巨乳偶像给就这样攻陷了,"translated, chinese",manno,amagami honpo,doujinshi,original,,"kissing, big breasts, cunnilingus, big ass, schoolgirl uniform, facesitting, nakadashi, ahegao, x-ray, big areolae, gyaru, blowjob, sole female, sole male, twintails, very long hair, painted nails",60,2026-09-03 08:37:26,2026-09-03 08:37:26,2026-09-05 02:08:13
678067,"[Thirty Saver Street (Sawara Kazumitsu, Maki Hideto)] Sore Yue ni 6 (Arifureta Shokugyou de Sekai Saikyou) [Digital]",[サーティセイバーストリート (佐原一光、牧秀人)] それユエに6 (ありふれた職業で世界最強) [DL版],Sore Yue ni 6,japanese,maki hideto,thirty saver street 2d shooting,doujinshi,arifureta shokugyou de sekai saikyou,yue,"bondage, multi-work series, shibari, sole female",24,2026-09-03 08:39:11,2026-09-03 08:39:11,2026-09-05 02:08:28
678068,"[Thirty Saver Street (Sawara Kazumitsu, Maki Hideto)] Sore Yue ni 5 (Arifureta Shokugyou de Sekai Saikyou) [Digital]",[サーティセイバーストリート (佐原一光、牧秀人)] それユエに5 (ありふれた職業で世界最強) [DL版],Sore Yue ni 5,japanese,maki hideto,thirty saver street 2d shooting,doujinshi,arifureta shokugyou de sekai saikyou,yue,"bondage, multi-work series, shibari, sole female",24,2026-09-03 08:41:01,2026-09-03 08:41:01,2026-09-05 02:09:46
678069,[Uzura Dobin] PLK Leader and the Hypnosis Technique (Hololive),[うずら土瓶] plk座長と催◯術漫画 (ホロライブ),PLK Leader and the Hypnosis Technique,"english, translated",uzura dobin,,doujinshi,hololive,omaru polka,"unusual pupils, x-ray, mind control, blowjob, fox girl, sole female, sole male, bald, kemonomimi, tail, vtuber, rough translation",5,2026-09-03 08:41:33,2026-09-03 08:41:33,2026-09-05 02:10:00
678070,"[Eromazun (Ma-kurou)] Kyonyuu na Gibo, Nyuuyokuchuu 2 | 巨乳义母入浴中2 [Chinese] [橙山汉化组]",[エロマズン (まー九郎)] 巨乳な義母、入浴中2 [中国翻訳],"Kyonyuu na Gibo, Nyuuyokuchuu 2 | 巨乳义母入浴中2","translated, chinese",ma-kurou | madou,,doujinshi,original,,"inseki, milf, big breasts, swimsuit, mmf threesome, group, netorare, cheating, breast feeding, mother, dark skin, bikini, multi-work series, incest, tanlines, rape, inverted nipples, muscle, big penis, sole female, ponytail, nipple stimulation, beach",82,2026-09-03 08:56:52,2026-09-03 08:56:52,2026-09-05 02:10:14
678071,[ギシュレッド] 親戚のおじさんとなんてある筈が無い (アイドルマスターシンデレラガールズ) [Chinese],[ギシュレッド] 親戚のおじさんとなんてある筈が無い (アイドルマスターシンデレラガールズ) [中国翻訳],親戚のおじさんとなんてある筈が無い,"translated, chinese",gisyuled,,doujinshi,the idolmaster,kyoko igarashi,"big breasts, netorare, nakadashi, x-ray, full color, dilf, sole female, sole male, ponytail",12,2026-09-03 08:57:58,2026-09-03 08:57:58,2026-09-05 02:10:27
678072,星界之王：虽被判定为下级勇者，但我照样打造女仆后宫 第5卷,アストロキング 召喚勇者だけど下級認定されたのでメイドハーレムを作ります!,星界之王：虽被判定为下级勇者，但我照样打造女仆后宫 第5卷,"translated, chinese",gen,,manga,,,"big breasts, full censorship, story arc, multi-work series, tentacles, rough translation",166,2026-09-03 09:08:35,2026-09-03 09:08:35,2026-09-05 02:10:40
678073,[Oshiruko Kan (Piririnegi)] Yokubou Kaihou! Uzuku Shirushi de Afureru Honne! ~Futatsu no Netsu ni Tsutsumareru Yoru~ [Chinese] [Digital],[おしるこ缶 (ぴりりねぎ)] 欲望解放!疼く印で溢れる本音!～ふたつの熱に包まれる夜～ [中国翻訳] [DL版],Yokubou Kaihou! Uzuku Shirushi de Afureru Honne! ~Futatsu no Netsu ni Tsutsumareru Yoru~,"translated, chinese",piririnegi,oshiruko kan,doujinshi,original,,"futanari, anal, crossdressing, blowjob, dickgirl on male, male on dickgirl, rough translation",33,2026-09-03 09:11:06,2026-09-03 09:11:06,2026-09-05 02:11:57
678074,[Chococornet (tenro aya)] Gelatinous (Chinese),[天路あや] ゼラチナス (Chinese),Gelatinous,"translated, chinese",tenro aya,chococornet,manga,,,"elf, slime, vore, bondage",12,2026-09-03 09:12:12,2026-09-03 09:12:12,2026-09-05 02:12:11
678075,(C107) [A.S.G Group (Misonou)] A.S.G Group Uma Yome Illust Gekijou Sono 3 (Dragon Quest V),(C107) [A・S・Gグループ (みそのう)] A.S.Gグループ馬嫁イラスト劇場その3 (ドラゴンクエストV),A.S.G Group Uma Yome Illust Gekijou Sono 3,japanese,misonou,a.s.g group,doujinshi,dragon quest v,"kon the knight, bianca whitaker","gag, piercing, horse boy, netorare, ponygirl, thigh high boots, monster, multi-work series, impregnation, big penis, horse girl, horse cock, kemonomimi, gloves, nipple piercing",17,2026-09-03 09:13:34,2026-09-03 09:13:34,2026-09-05 02:12:23
678076,[Raid Sox (Tricky)] Kyouran no Toubatsu Hime Daria VII [Digital],[レイドソックス (トリッキー)] 狂乱の討伐姫ダリアVII [DL版],Kyouran no Toubatsu Hime Daria VII,japanese,tricky,raid socks,doujinshi,original,,"transformation, corruption, humiliation, orc, pregnant, masturbation, nakadashi, foot licking, dark skin, multi-work series, stockings, bodysuit, possession, blowjob, bisexual, crotch tattoo, horns, gloves, personality excretion, exposed clothing, gender change, vaginal birth, futanarization",57,2026-09-03 09:17:25,2026-09-03 09:17:25,2026-09-05 02:12:37
678077,(C108) [Grand Lemon (Tonari)] Youjo Senpai (23),(C108) [Grand Lemon (隣)] 幼女先輩(23),Youjo Senpai,japanese,tonari,grand lemon,doujinshi,original,,"nakadashi, lolicon, multi-work series, impregnation, sole female, sole male, twintails, very long hair",46,2026-09-03 09:25:59,2026-09-03 09:25:59,2026-09-05 02:12:49
678078,[Midorineko (Midori)] Watashi ga Ichiban Sensei o Sasaete Iru n desu kedo | 明明我才是最支持老师的 (Blue Archive) [Chinese] [机翻] [Digital],[碧猫 (みどり)] 私が一番先生を支えているんですけど (ブルーアーカイブ) [中国翻訳] [DL版],Watashi ga Ichiban Sensei o Sasaete Iru n desu kedo | 明明我才是最支持老师的,"translated, chinese",midori,midorineko,doujinshi,blue archive,"yuuka hayase, noa ushio, sensei, kei tendou","group, nakadashi, twintails, very long hair, rough translation, halo",28,2026-09-03 09:27:59,2026-09-03 09:27:59,2026-09-05 02:14:05
678079,[Feeri] Kabeshiri KitaSato ♡ (Uma Musume Pretty Derby) [Uncensored],[ふぇぇり] 壁尻キタサト♡ (ウマ娘 プリティーダービー) [無修正],Kabeshiri KitaSato ♡,japanese,feeri,,doujinshi,uma musume pretty derby,"satono diamond, kitasan black","big breasts, swimsuit, group, uncensored, nakadashi, sex toys, ffm threesome, bondage, bikini, full color, stuck in wall, sole male, horse girl, kemonomimi, tail",14,2026-09-03 09:29:13,2026-09-03 09:29:13,2026-09-05 02:14:21
678080,[Shiranui (Kuro)] Piosu-sensei no kenkyu repoto,[シラヌイ (クロ)] ピオス先生の研究レポート,Piosu-sensei no kenkyu repoto,"translated, chinese",kuro,,doujinshi,original,,"kissing, group, glasses, big ass, prostate massage, nakadashi, ahegao, anal, x-ray, males only, yaoi, rimjob, blowjob, muscle, big penis, mmm threesome, anal intercourse, multiple orgasms, nipple stimulation",21,2026-09-03 09:30:45,2026-09-03 09:30:45,2026-09-05 02:14:32
678081,[Hiro潶] ヨルハ二号B型 type bitch,,ヨルハ二号B型 type bitch,japanese,hiroki00,,doujinshi,nier automata,2b,"big breasts, blindfold, sole female, high heels",29,2026-09-03 09:32:53,2026-09-03 09:32:53,2026-09-05 02:14:45
678082,[Chococornet (tenro aya)] Tentacle Esthetics (Chinese),[天路あや] 触手エステ After (Chinese),Tentacle Esthetics,"translated, chinese",tenro aya,chococornet,manga,,,"bodysuit, tentacles",7,2026-09-03 09:33:41,2026-09-03 09:33:41,2026-09-05 02:15:05
678083,[hal] 淫紋の話 (幼女戦記),[hal] 淫紋の話 (幼女戦記),淫紋の話,japanese,hal,,doujinshi,youjo senki,"tanya von degurechaff, erich von rerugen","nakadashi, sole female, sole male, crotch tattoo",46,2026-09-03 09:36:39,2026-09-03 09:36:39,2026-09-05 02:16:55
678084,[hal] メイドちゃふの話 (幼女戦記),[hal] メイドちゃふの話 (幼女戦記),メイドちゃふの話,japanese,hal,,doujinshi,youjo senki,"tanya von degurechaff, erich von rerugen","lolicon, sole female, sole male",59,2026-09-03 09:40:33,2026-09-03 09:40:33,2026-09-05 02:17:14
678085,"[Natsuzo] A story about how I became a woman due to TS disease and, as a prank, made my friend lose his virginity, but then couldn't turn back [English]",[なつぞう] TS病で女の体になったから悪ふざけで友達のDTを捨てさせてやったけど引き返せなくなっちゃった話[英訳],"A story about how I became a woman due to TS disease and, as a prank, made my friend lose his virginity, but then couldn't turn back","english, translated",natsuzo,,doujinshi,original,,"kissing, big breasts, gender bender, sole female, sole male",5,2026-09-03 09:41:12,2026-09-03 09:41:12,2026-09-05 02:18:33
678086,[寒泉明月] 玩弄扶她小咪1-15,,玩弄扶她小咪1-15,chinese,,,doujinshi,original,,"futanari, elf, big breasts, chastity belt, urethra insertion, monster girl, insect girl, anal, bondage, demon girl, slime girl, x-ray, double penetration, ear fuck, orgasm denial, small breasts, rape, parasite, blowjob, catgirl, dickgirl on dickgirl, crotch tattoo, kemonomimi, personality excretion, penis enlargement, futanarization",266,2026-09-03 10:27:58,2026-09-03 10:27:58,2026-09-05 02:18:46
678087,[Dekamatsu] Onna Tomodachi no Uwaki Kokuhaku [Decensored],[デカマツ] 女友達の浮気告白 [無修正],Onna Tomodachi no Uwaki Kokuhaku,japanese,dekamatsu,,doujinshi,original,,"big breasts, netorare, uncensored, out of order, sole female",69,2026-09-03 10:32:54,2026-09-03 10:32:54,2026-09-05 02:19:01
678088,[Dekamatsu] Onna Tomodachi no Uwaki Kokuhaku | 女性朋友的坦白出軌 [Chinese] [Decensored],[デカマツ] 女友達の浮気告白 [中国翻訳] [無修正],Onna Tomodachi no Uwaki Kokuhaku | 女性朋友的坦白出軌,"translated, chinese",dekamatsu,,doujinshi,original,,"big breasts, spanking, netorare, uncensored, cheating, asphyxiation, multi-work series, blowjob, sole female, rough translation",69,2026-09-03 10:37:25,2026-09-03 10:37:25,2026-09-05 02:19:13
678089,"[Konatuiro (Mr.way)] ""Otaku-kun"" ni  Yasashii Gal [Digital]",[来夏色 (Mr.way)] 「オタクくん」にやさしいギャル [DL版],"""Otaku-kun"" ni  Yasashii Gal",japanese,mr.way,,doujinshi,original,,"big breasts, condom, ahegao, defloration, big areolae, gyaru, blowjob, bbm, sole male",44,2026-09-03 10:40:23,2026-09-03 10:40:23,2026-09-05 02:19:26
678090,[Nannal] Tsuki-san (Uzaki-chan wa Asobitai!),[Nannal] Tsuki-san (Uzaki-chan wa Asobitai!),Tsuki-san,"english, translated",nannal,,doujinshi,uzaki-chan wa asobitai,,"milf, big breasts, mmf threesome, netorare, cheating, mother, filming, sole female",5,2026-09-03 10:41:01,2026-09-03 10:41:01,2026-09-05 02:20:46
678091,Mendako Suizokukan (Oruka)] Mine Danchou to Icha Love Shitai!! | 想和美弥团长甜甜腻腻亲亲热热!! (Blue Archive) [Chinese] [欶澜汉化组] [Digital],[めんだこ水族館 (織夏)] ミネ団長とイチャラブしたい!! (ブルーアーカイブ) [中国翻訳] [DL版],Mendako Suizokukan (Oruka)] Mine Danchou to Icha Love Shitai!! | 想和美弥团长甜甜腻腻亲亲热热!!,"translated, chinese",oruka,mendako suizokukan,doujinshi,blue archive,"sensei, mine aomori","elf, wings, big breasts, nurse, sex toys, sole female, sole male, halo",24,2026-09-03 10:42:46,2026-09-03 10:42:46,2026-09-05 02:21:01
678092,[Dekamatsu] Onna Tomodachi no Uwaki Kokuhaku 2 [Decensored],[デカマツ] 女友達の浮気告白2 [無修正],Onna Tomodachi no Uwaki Kokuhaku 2,japanese,dekamatsu,,doujinshi,original,,"group, glasses, netorare, uncensored, cheating, multi-work series, dilf, bbm",87,2026-09-03 10:48:33,2026-09-03 10:48:33,2026-09-05 02:21:15
678093,[Dekamatsu] Onna Tomodachi no Uwaki Kokuhaku 2 [Chinese] [Decensored],[デカマツ] 女友達の浮気告白2 [中国翻訳] [無修正],Onna Tomodachi no Uwaki Kokuhaku 2,"translated, chinese",dekamatsu,,doujinshi,original,,"sweating, mmf threesome, group, glasses, netorare, uncensored, story arc, cheating, condom, ahegao, ffm threesome, gyaru-oh, multi-work series, double penetration, voyeurism, dilf, blowjob, bbm, out of order, nipple stimulation, painted nails",87,2026-09-03 10:54:07,2026-09-03 10:54:07,2026-09-05 02:21:29
678094,[Nukokyuu Mamire (Yurimo)] Nemuri Kisaki | 沉睡的妃咲 (Blue Archive) [Chinese] [紫藤汉化组] [Digital],[ぬこきゅうまみれ (ゆりも)] 眠りキサキ (ブルーアーカイブ) [中国翻訳] [DL版],Nemuri Kisaki | 沉睡的妃咲,"translated, chinese",yurimo,nukokyuu mamire,doujinshi,blue archive,"sensei, kisaki ryuuge","sleeping, lolicon, impregnation, sole female, sole male, hair buns",20,2026-09-03 10:55:34,2026-09-03 10:55:34,2026-09-05 02:21:46
678095,[メメ屋 (メメ50)] オカネダイスキ 2 [DL版][無修正] 日文,[メメ屋 (メメ50)] オカネダイスキ 2 [DL版][無修正] 日文,オカネダイスキ 2 [DL版][無修正] 日文,japanese,meme50,memeya,doujinshi,original,,"uncensored, out of order",57,2026-09-03 10:59:39,2026-09-03 10:59:39,2026-09-05 02:23:07
678096,[PIZZANIA COMPANY (Pizza)] Konna no Anta no Mae de Shika Kinai kara? (Blue Archive) [Chinese] [akyra个人汉化] [Digital],[PIZZANIA COMPANY (ぴっつぁ)] こんなのあんたの前でしか着ないから? (ブルーアーカイブ) [中国翻訳] [DL版],Konna no Anta no Mae de Shika Kinai kara?,"translated, chinese",pizza,pizzania company,doujinshi,blue archive,"sensei, kikyou kiryuu","wings, pasties, breast feeding, tailjob, demon girl, stockings, apron, catgirl, sole female, sole male, kemonomimi, tail, exposed clothing, detached sleeves, halo, multiple tails",40,2026-09-03 11:02:17,2026-09-03 11:02:17,2026-09-05 02:23:21
678097,[Yapo] Senpai to kouhai | 前辈与后辈的故事 [Chinese] [oo2oo个人汉化],[Yapo] 先輩と後輩 [中国翻訳],Senpai to kouhai | 前辈与后辈的故事,"translated, chinese",yapo,,doujinshi,original,,"kissing, schoolgirl uniform, nakadashi, ahegao, crossdressing, males only, yaoi, tomgirl",8,2026-09-03 11:03:04,2026-09-03 11:03:04,2026-09-05 02:23:34
678098,[Atsuatsu Muchimuchi (Hisakawa Tinn)] I’d rather have a purely physical relationship with an Old man than a boyfriend who’s only after my body. [English] [Gagak_Ireng] [Digital],[あつあつむちむち (久川ちん)] 身体目当ての彼氏より肉体だけの関係のおじさんがいい [英訳] [DL版],I’d rather have a purely physical relationship with an Old man than a boyfriend who’s only after my body.,"english, translated",hisakawa tinn,atsuatsu muchimuchi,doujinshi,original,,"kissing, big breasts, cunnilingus, glasses, netorare, big ass, cheating, schoolgirl uniform, prostitution, nakadashi, hairy, x-ray, defloration, dilf, impregnation, big penis, sole female, sole male",51,2026-09-03 11:06:22,2026-09-03 11:06:22,2026-09-05 02:23:50
678099,"[Kurukuru] Cool-kei Dansou Onna ni Kanojo Netorareta kara, Wakarasete Yatta 2(English)[Decensored]","[Kurukuru] Cool-kei Dansou Onna ni Kanojo Netorareta kara, Wakarasete Yatta 2(English)[Decensored]","Cool-kei Dansou Onna ni Kanojo Netorareta kara, Wakarasete Yatta 2","english, translated",kurukuru,,doujinshi,original,,"kissing, big breasts, uncensored, big ass, cheating, nakadashi, ahegao, exhibitionism, multi-work series, big areolae, tomboy, out of order, sole male, beauty mark, pixie cut",77,2026-09-03 11:11:19,2026-09-03 11:11:19,2026-09-05 02:24:02
678100,"[Kurukuru] Cool-kei Dansou Onna ni Kanojo Netorareta kara, Wakarasete Yatta 2 [Decensored]",[くるくる] クール系男装女に彼女寝取られたから、わからせてやった2 [無修正],"Cool-kei Dansou Onna ni Kanojo Netorareta kara, Wakarasete Yatta 2",japanese,kurukuru,,doujinshi,original,,"kissing, big breasts, uncensored, big ass, cheating, nakadashi, ahegao, exhibitionism, multi-work series, big areolae, tomboy, out of order, sole male, beauty mark, pixie cut",77,2026-09-03 11:16:05,2026-09-03 11:16:05,2026-09-05 02:25:21
678101,[Urahara Doll (Viali)] Kanojo Shimai ni Shiboritorareru Saikou no Tanjoubi | 被女友姊妹倆榨乾殆盡的最棒生日 [Chinese] [Amerins漢化],[うらはらドール (びあり)] 彼女姉妹に搾り取られる最高の誕生日 [中国翻訳],Kanojo Shimai ni Shiboritorareru Saikou no Tanjoubi | 被女友姊妹倆榨乾殆盡的最棒生日,"translated, chinese",viali,urahara doll,doujinshi,original,,"kissing, big breasts, cunnilingus, group, big ass, pasties, nakadashi, ffm threesome, yuri, multiple paizuri, multi-work series, bunny girl, stockings, paizuri, gokkun, blowjob, sole male, bisexual, twintails, shimaidon, multimouth blowjob, exposed clothing",41,2026-09-03 11:18:57,2026-09-03 11:18:57,2026-09-05 02:25:35
678102,"[Kurukuru] Cool-kei Dansou Onna ni Kanojo Netorareta kara, Wakarasete Yatta 2 [Chinese] [Decensored]",[くるくる] クール系男装女に彼女寝取られたから、わからせてやった2 [中国翻訳] [無修正],"Cool-kei Dansou Onna ni Kanojo Netorareta kara, Wakarasete Yatta 2","translated, chinese",kurukuru,,doujinshi,original,,"kissing, big breasts, swimsuit, netorare, uncensored, big ass, cheating, nakadashi, ahegao, bikini, exhibitionism, x-ray, multi-work series, big areolae, stockings, tomboy, blowjob, big penis, out of order, sole female, sole male, beauty mark, pixie cut",77,2026-09-03 11:23:56,2026-09-03 11:23:56,2026-09-05 02:25:48
678103,[Washuu]Fanbox Needle Knight Leda (小羌寶個人漢化),,Fanbox Needle Knight Leda,"translated, chinese",washuu,,doujinshi,elden ring,needle knight leda,"big breasts, bestiality, anal, bondage, insect, rape, sole female, rough translation",20,2026-09-03 11:28:00,2026-09-03 11:28:00,2026-09-05 02:26:03
678104,[Ikebukuro Distillery (Kosuke Haruhito)] Mankitsu-chu 6 Jitaku Hen [Digital],[池袋蒸留所 (虎助遥人)] まんきつちゅう6 自宅編 [DL版],Mankitsu-chu 6 Jitaku Hen,japanese,kosuke haruhito,ikebukuro distillery,doujinshi,original,,"swimsuit, sex toys, oil, multi-work series, stockings, sole female, sole male",60,2026-09-03 11:32:06,2026-09-03 11:32:06,2026-09-05 02:26:19
678105,[あんしんママ] 魔法少女敗北都市の漫画,[あんしんママ] 魔法少女敗北都市の漫画,魔法少女敗北都市の漫画,japanese,anshin mama,,doujinshi,original,,"magical girl, full color, dilf, blowjob",6,2026-09-03 11:32:51,2026-09-03 11:32:51,2026-09-05 02:27:38
678106,[Tonkotsu Fuumi (Poncocchan)] Minarai Mahoutsukai Minuki-ya de Hataraku [Decensored] [Digital],[とんこつふうみ (ぽんこっちゃん)] みならい魔法使い見抜き屋で働く [無修正] [DL版],Minarai Mahoutsukai Minuki-ya de Hataraku,japanese,poncocchan,tonkotsu fuumi,doujinshi,original,,"group, uncensored, masturbation, prostitution, harem, stockings, bukkake, out of order, gloves, mouth mask, stirrup legwear",73,2026-09-03 11:37:27,2026-09-03 11:37:27,2026-09-05 02:27:49
678107,[STUDIO TIAMAT (TANABE)] La faux -Shuryou Seibo- | La faux -主猟聖母- (Fate/Grand Order) [Chinese] [漢化組漢化組×我尻故我在] [Digital],[STUDIO TIAMAT (TANABE)] La faux -主猟聖母- (Fate/Grand Order) [中国翻訳] [DL版],La faux -Shuryou Seibo- | La faux -主猟聖母-,"translated, chinese",tanabe,studio tiamat,doujinshi,fate grand order,"gudao | ritsuka fujimaru, isabelle vouthon","milf, big breasts, bbw, mmf threesome, group, big ass, huge breasts, anal, harem, sleeping, double penetration, big areolae, lactation, shotacon, sole female, small penis, clone, anal intercourse",42,2026-09-03 11:45:28,2026-09-03 11:45:28,2026-09-05 02:28:03
678108,[Kase Daiki] Real o Tsuikyuu Suru Doujin Sakka-san 1-5 | 追求真實感的同人作家 1-5 [Chinese] [天帝哥個人漢化],[加瀬大輝] リアルを追求する同人作家さん 1-5 [中国翻訳],Real o Tsuikyuu Suru Doujin Sakka-san 1-5 | 追求真實感的同人作家 1-5,"translated, chinese",kase daiki,,doujinshi,original,,"sweating, big breasts, mmf threesome, group, schoolgirl uniform, condom, nakadashi, x-ray, double penetration, bunny girl, filming, mosaic censorship, sole male, twintails",21,2026-09-03 11:47:16,2026-09-03 11:47:16,2026-09-05 02:28:23
678109,[Tonkotsu Fuumi (Poncocchan)] Minarai Mahoutsukai Minuki-ya de Hataraku [Chinese] [Decensored] [Digital],[とんこつふうみ (ぽんこっちゃん)] みならい魔法使い見抜き屋で働く [中国翻訳] [無修正] [DL版],Minarai Mahoutsukai Minuki-ya de Hataraku,"translated, chinese",poncocchan,tonkotsu fuumi,doujinshi,original,,"nun, group, uncensored, masturbation, prostitution, ahegao, blowjob face, harem, lolicon, pole dancing, stockings, gokkun, bukkake, blowjob, out of order, deepthroat, gloves, mouth mask, stirrup legwear",73,2026-09-03 12:01:27,2026-09-03 12:01:27,2026-09-05 02:28:35
678110,[sagejoh (sage joh)] HOKAGO KODUKURI SEIKYOIKU -Pure de Sukebe na Hatsuiku Ii Ko ni Man to Man Nakadashi- | 放学后造孩子的性教育~对清纯色情发育良好的孩子一对一中出~ [Chinese] [白杨汉化组] [Decensored] [Digital],[サゲジョー (sage・ジョー)] 放課後子作り性教育-ピュアでスケベな発育良い子にマンツーマン中出し- [中国翻訳] [無修正] [DL版],HOKAGO KODUKURI SEIKYOIKU -Pure de Sukebe na Hatsuiku Ii Ko ni Man to Man Nakadashi- | 放学后造孩子的性教育~对清纯色情发育良好的孩子一对一中出~,"translated, chinese",sage joh,,doujinshi,original,,"kissing, big breasts, netorare, uncensored, schoolgirl uniform, nakadashi, ahegao, tracksuit, stockings, lingerie, teacher, bloomers, tomboy, blowjob, out of order, sole female, sole male, pixie cut, classroom",55,2026-09-03 12:05:18,2026-09-03 12:05:18,2026-09-05 02:29:51
678111,(JOKERKIN}Masks & Latex & Maid,,(JOKERKIN}Masks & Latex & Maid,english,jokerkin,,doujinshi,original,,"futanari, corruption, living clothes, monster, latex, mind control, full color, masked face, bodysuit, mind break, tentacles, sole female, gloves",30,2026-09-03 12:07:34,2026-09-03 12:07:34,2026-09-05 02:30:09
678112,[Omonobe] Ashi no Ura o Kusuguri Korogasaretai! | 想被狂挠脚底痒到满地打滚！ [Chinese] [雪糕少女汉化组],[おものべ] 足の裏をくすぐりころがされたい! [中国翻訳],Ashi no Ura o Kusuguri Korogasaretai! | 想被狂挠脚底痒到满地打滚！,"translated, chinese",,,doujinshi,original,,"big breasts, females only, sex toys, femdom, bondage, tickling, yuri, no penetration, nipple stimulation, extraneous ads",36,2026-09-03 12:10:04,2026-09-03 12:10:04,2026-09-05 02:30:20
678113,[Sanryuu Kaigishitsu (Marurumi)] Selene Onee-chan no Sakunyuu Nikki [Chinese] [機翻] [Digital],[三流会議室 (まるるみ)] セレネお姉ちゃんの搾乳日記 [中国翻訳] [DL版],Selene Onee-chan no Sakunyuu Nikki,"translated, chinese",marurumi,sanryuu kaigishitsu,doujinshi,original,,"big breasts, milking, full color, lactation, cowgirl, collar, shotacon, sole female, sole male, rough translation",18,2026-09-03 12:13:40,2026-09-03 12:13:40,2026-09-05 02:30:35
678114,(C108) [Natsuzame] Gensai-chan ni Nerawareteru!! | I'm being targeted by Gensai!! (Fate/Grand Order) [English],(C108) [ナツザメ] 玄斎ちゃんに狙われてる!! (Fate/Grand Order) [英訳],Gensai-chan ni Nerawareteru!! | I'm being targeted by Gensai!!,"english, translated",natsuzame,,doujinshi,fate grand order,"gudao, gensai kawakami","big breasts, full censorship, nakadashi, sole female, sole male, ponytail, stirrup legwear",28,2026-09-03 12:15:35,2026-09-03 12:15:35,2026-09-05 02:30:54
678115,"[Gentei Bunguten (Keshigomu)] Kimi tte Igai to Ijiwaru nan da | You're actually kind of mean, aren't you (Houkai: Star Rail) [English] [Digital]",[限定文具店 (消しゴム)] 君って意外といじわるなんだ (崩壊:スターレイル) [英訳] [DL版],"Kimi tte Igai to Ijiwaru nan da | You're actually kind of mean, aren't you","english, translated",,,doujinshi,honkai star rail,"caelus, firefly","kissing, sole female, sole male",35,2026-09-03 12:18:07,2026-09-03 12:18:07,2026-09-05 02:31:09
678116,[ACID EATERS (Kazuma Muramasa)] Mizugi Kengou Hansei suru. | The Swimsuit Swordmaster reflects on her actions (Fate/Grand Order) [English],[ACID EATERS (和馬村政)] 水着剣豪反省する。 (Fate/Grand Order) [英訳],Mizugi Kengou Hansei suru. | The Swimsuit Swordmaster reflects on her actions,"english, translated",kazuma muramasa,acid eaters,doujinshi,fate grand order,"musashi miyamoto, gudao | ritsuka fujimaru","big breasts, swimsuit, bikini, mosaic censorship, collar, sole female, sole male, hair buns",26,2026-09-03 12:20:12,2026-09-03 12:20:12,2026-09-05 02:32:25
678117,[Warabi Mochi Seisakujo (Koudera Sachi)] Boku no Kanojo wa Moto Kare Kuzu Otoko no Onaho deshita [Chinese] [Digital],[わらび餅製作所 (香寺幸)] 僕の彼女は元カレクズ男のオナホでした [中国翻訳] [DL版],Boku no Kanojo wa Moto Kare Kuzu Otoko no Onaho deshita,"translated, chinese",,warabi mochi seisakujo,doujinshi,original,,"kissing, big breasts, mmf threesome, group, netorare, big ass, cheating, breast feeding, nakadashi, ahegao, huge breasts, kimono, dark skin, gyaru-oh, double penetration, rimjob, paizuri, gokkun, lingerie, filming, mosaic censorship, blindfold, deepthroat, exposed clothing, nipple stimulation, extraneous ads",65,2026-09-03 12:24:21,2026-09-03 12:24:21,2026-09-05 02:32:39
678118,[Sei no mamono (Sema)] Kusuriya no Numeri Goto (Kusuriya no Hitorigoto) [Decensored] [Digital],[せいのまもの (せーま)] 薬屋のぬめりごと (薬屋のひとりごと) [無修正] [DL版],Kusuriya no Numeri Goto,japanese,seema,sei no mamono,doujinshi,kusuriya no hitorigoto,maomao,"uncensored, freckles, bondage, oil, rape, tentacles, out of order, wet clothes",30,2026-09-03 12:26:32,2026-09-03 12:26:32,2026-09-05 02:32:55
678119,[Sei no mamono (Sema)] Kusuriya no Numeri Goto | 药师少女的松懒放荡 (Kusuriya no Hitorigoto) [Chinese] [角都九阳个人汉化] [Decensored] [Digital],[せいのまもの (せーま)] 薬屋のぬめりごと (薬屋のひとりごと) [中国翻訳] [無修正] [DL版],Kusuriya no Numeri Goto | 药师少女的松懒放荡,"translated, chinese",seema,sei no mamono,doujinshi,kusuriya no hitorigoto,maomao,"uncensored, freckles, anal, bondage, oil, shemale, x-ray, double penetration, fingering, rape, tentacles, out of order, sole female, wet clothes, mesuiki, anal intercourse, nipple stimulation, dickgirl on female",29,2026-09-03 12:28:43,2026-09-03 12:28:43,2026-09-05 02:33:07
678120,(C108)  [Rarirurerowawon (Rururoriri)] Marine wa Shouhin  ja Nain  daga!?  (Houshou Marine),(C108) [らりるれろわをん (るるろりり)] マリンは賞品じゃないんだがっ!? (宝鐘マリン),Marine wa Shouhin  ja Nain  daga!?,japanese,rururoriri,,doujinshi,hololive,houshou marine,"big breasts, sole female, sole male, vtuber",21,2026-09-03 12:30:11,2026-09-03 12:30:11,2026-09-05 02:33:20
678121,[SAIOU ROAD (gggg)] Boku ga Shiranai Senpai no Shumi -Okurarete Kita no wa Micro Bikini Onanie Douga- [Chinese],[サイオウロード (gggg)] 僕が知らない先輩の趣味 ー送られてきたのはマイクロビキニオナニー動画ー [中国翻訳],Boku ga Shiranai Senpai no Shumi -Okurarete Kita no wa Micro Bikini Onanie Douga-,"translated, chinese",gggg,,doujinshi,original,,"big breasts, swimsuit, big ass, masturbation, nakadashi, anal, sex toys, bikini, double penetration, filming, blowjob, sole female, sole male, mouth mask, eye-covering bang, anal intercourse, extraneous ads",39,2026-09-03 12:33:03,2026-09-03 12:33:03,2026-09-05 02:33:36
678122,[Eichi Jijou (Takamiya)] Dendou Onaho de Shikotama Shasei suru Aru Hi no Danshi Daigakusei. [Chinese] [Digital],[エイチジジョウ (たかみや)] 電動オナホでしこたま射精するある日の男子大学生。 [中国翻訳] [DL版],Dendou Onaho de Shikotama Shasei suru Aru Hi no Danshi Daigakusei.,"translated, chinese",takamiya,eichi jijou,doujinshi,original,,"onahole, masturbation, sex toys, solo action, males only, yaoi, muscle, extraneous ads",57,2026-09-03 12:36:52,2026-09-03 12:36:52,2026-09-05 02:35:00
678123,[Gya-tei] Jiko Bukken ni Deru Ecchi Daisuki Yuurei-san [English] [duaduapertujuh],[ぎゃーてい] 事故物件に出るえっち大好き幽霊さん [英訳],Jiko Bukken ni Deru Ecchi Daisuki Yuurei-san,"english, translated",gya-tei,,doujinshi,original,,"nakadashi, anorexic, ghost, lolicon, blowjob, sole female, sole male, eye-covering bang, rough translation",34,2026-09-03 12:43:42,2026-09-03 12:43:42,2026-09-05 02:35:15
678124,[あんしんママ] 長に媚を売ってブザマを晒す山田,[あんしんママ] 長に媚を売ってブザマを晒す山田,長に媚を売ってブザマを晒す山田,japanese,anshin mama,,doujinshi,bocchi the rock,ryou yamada,"prostitution, stockings, lingerie, sole female, beauty mark, kemonomimi, gloves",2,2026-09-03 12:44:06,2026-09-03 12:44:06,2026-09-05 02:35:35
678125,[remora field (remora)] Kei-chan to Ichaicha Suru Hon (Blue Archive) [Digital],[remora field (remora)] ケイちゃんといちゃいちゃする本 (ブルーアーカイブ) [DL版],Kei-chan to Ichaicha Suru Hon,japanese,remora,remora field,doujinshi,blue archive,"sensei, kei tendou","kissing, swimsuit, bikini, lolicon, stockings, sole female, sole male, very long hair, halo",25,2026-09-03 12:48:57,2026-09-03 12:48:57,2026-09-05 02:35:50
678126,[Chocolate Synapse (Shika Yuno)] WARUIKO KINENBI - Bad Girl Anniversary (Blue Archive) [English] [Literally Starving] [Digital],[Chocolate Synapse (椎架ゆの)] わるいこきねんび (ブルーアーカイブ) [英訳] [DL版],WARUIKO KINENBI - Bad Girl Anniversary,"english, translated",shika yuno,chocolate synapse,doujinshi,blue archive,"sensei, aoba utsumi","nakadashi, lolicon, sole female, sole male, very long hair, halo",28,2026-09-03 12:54:18,2026-09-03 12:54:18,2026-09-05 02:37:06
678127,"[Zinguu] Binge-Eating, Bloated Belly, Belly Button Piggygal",[仁ぐうす] 暴食膨腹へそピギャル 表紙,"Binge-Eating, Bloated Belly, Belly Button Piggygal",japanese,,,doujinshi,original,,"weight gain, dark skin, navel fuck, sole female, sole male",9,2026-09-03 12:55:02,2026-09-03 12:55:02,2026-09-05 02:37:21
678128,美丑颠倒世界的僧侣～在美丑与贞操观念颠倒的异世界中成为了僧侣。第1卷,美醜逆転世界のクレリック ～美醜と貞操観念が逆転した異世界で僧侶になりました。淫欲の呪いを解くためにハーレムパーティで『儀式』します～,美丑颠倒世界的僧侣～在美丑与贞操观念颠倒的异世界中成为了僧侣。第1卷,"translated, chinese",otono natsu,,manga,,,"elf, virginity, big breasts, story arc, multi-work series, sole female, sole male, rough translation",201,2026-09-03 13:07:30,2026-09-03 13:07:30,2026-09-05 02:37:36
678129,[Mitarashi Club (Mitarashi Kousei)] Akiko-san to Issho 34 (Kanon) [Chinese] [无毒汉化组] [Digital],[みたらし倶楽部 (みたらし侯成)] 秋子さんといっしょ34 (カノン) [中国翻訳] [DL版],Akiko-san to Issho 34,"translated, chinese",mitarashi kousei,mitarashi club,doujinshi,kanon,"yuuichi aizawa, akiko minase","milf, kissing, big breasts, cunnilingus, big ass, breast feeding, nakadashi, hairy, multi-work series, incest, aunt, gokkun, blowjob, big penis, sole female, sole male, nipple stimulation",34,2026-09-03 13:09:45,2026-09-03 13:09:45,2026-09-05 02:37:49
678130,[yokohabafutosugi] Seijo Minaranaino! Haraboko Gyaku [Chinese],[横幅太杉] 聖女みならいのっ!腹ボコ虐 [中国翻訳],Seijo Minaranaino! Haraboko Gyaku,"translated, chinese",,yokohaba futosugi,doujinshi,original,,"torture, vomit, nakadashi, ryona, anal, asphyxiation, thigh high boots, lolicon, priest, inflation, prolapse, blood, huge penis, gaping, guro, rape, big penis, stomach deformation, sole female, gloves, cumflation, anal intercourse, cervix prolapse, anal prolapse, rough translation, hanging, fanny packing, suspended",66,2026-09-03 13:21:59,2026-09-03 13:21:59,2026-09-05 02:38:01
678131,(C108) [Tengusa (tokorot)]   Oshiete Koubi Sensei,(C108) [テングサ (tokorot)] おしえてこうび先生,Oshiete Koubi Sensei,japanese,tokorot,tengusa,doujinshi,original,,"nakadashi, anal, lolicon, sole male",38,2026-09-03 13:29:22,2026-09-03 13:29:22,2026-09-05 02:38:15
678132,(Shoujo Senryaku Saizensen 08) [Felt-Kobo (Flugel)] Caramel macchiato (Girls' Frontline) [Chinese] [靴下汉化组],(少女戦略最前線08) [ふぇると工房 (Flügel)] キャラメルマキアート (ドールズフロントライン) [中国翻訳],Caramel macchiato,"translated, chinese",flugel,felt-kobo,doujinshi,girls frontline,"wa2000, shikikan","big breasts, pantyhose, sole female, sole male, ponytail",21,2026-09-03 13:31:38,2026-09-03 13:31:38,2026-09-05 02:39:30
678133,[Σ-Arts (Mikemono Yuu)] Natsu to Inaka to Yuuwaku shite kuru Dekkai Oshiego 4 | 盛夏、乡村和不停诱惑我的巨乳学生 4 [Chinese] [白杨汉化组] [Digital],[Σ-Arts (神毛物由宇)] 夏と田舎と誘惑してくるでっかい教え子4 [中国翻訳][DL版],Natsu to Inaka to Yuuwaku shite kuru Dekkai Oshiego 4 | 盛夏、乡村和不停诱惑我的巨乳学生 4,"translated, chinese",mikemono yuu,sigma-arts,doujinshi,original,,"milf, kissing, leg lock, big breasts, swimsuit, cunnilingus, group, big ass, facesitting, nakadashi, ffm threesome, femdom, harem, bikini, exhibitionism, x-ray, multiple paizuri, footjob, multi-work series, paizuri, tall girl, blowjob, shotacon, sole male, oyakodon, closed eyes, twintails, shimaidon, multimouth blowjob, onsen, beach",55,2026-09-03 13:41:49,2026-09-03 13:41:49,2026-09-05 02:39:43
678134,[Youkandou (Youkan)] 女装ショタ勇者と踊り子僧侶 | 女装正太勇者与舞娘僧侣[Chinese] [adjls个人汉化][MTL],(C105) [ようかん堂 (ようかん)] 女装ショタ勇者と踊り子僧侶 [中国翻訳],女装ショタ勇者と踊り子僧侶 | 女装正太勇者与舞娘僧侣,"translated, chinese",youkan,youkandou,doujinshi,original,,"kissing, big breasts, big ass, nakadashi, femdom, crossdressing, multi-work series, paizuri, tomgirl, blowjob, shotacon, sole female, sole male, small penis, very long hair, mouth mask, rough translation, detached sleeves",33,2026-09-03 13:44:02,2026-09-03 13:44:02,2026-09-05 02:39:57
678135,[呑気な露店 (呑み気)] 生意気サナとシンクロナイズ (ポケットモンスター)（牢大机翻）,[呑気な露店 (呑み気)] 生意気サナとシンクロナイズ (ポケットモンスター),生意気サナとシンクロナイズ (ポケットモンスター)（牢大机翻）,"translated, chinese",nomiki,nonki na roten,doujinshi,pokemon,"gardevoir, grimer","monster girl, netorare, multi-work series, shared senses, impregnation, sole female, sole male, eye-covering bang, rough translation",18,2026-09-03 13:45:28,2026-09-03 13:45:28,2026-09-05 02:40:12
678136,[Tonari no Dagashiya-san (ku-ba)] SKEB Matome | SKEB总集篇 (Arknights) [Chinese] [白杨汉化组] [Digital],[となりの駄菓子屋さん (ku-ba)] SKEBまとめ (アークナイツ) [中国翻訳] [DL版],SKEB Matome | SKEB总集篇,"translated, chinese",ku-ba,tonari no dagashiya-san,doujinshi,arknights,amiya,"nakadashi, bunny girl, stockings, pantyhose, kemonomimi",34,2026-09-03 13:48:06,2026-09-03 13:48:06,2026-09-05 02:40:26
678137,[Suzuneru] Hypnosis Birthday Gift,,Hypnosis Birthday Gift,"english, translated",,,doujinshi,original,,"big breasts, scanmark, mind control, incest, paizuri, sister, sole female, sole male, rough translation",22,2026-09-03 13:52:27,2026-09-03 13:52:27,2026-09-05 02:40:38
678138,[Kinokoya Honpo (Kinoppī♪）]  Kokoro-chan to Issho!! (Touhou Project) [Digital],[きのこ屋本舗 (きのっぴー♪)]こころちゃんといっしょ！！(東方Project)[DL版],Kokoro-chan to Issho!!,japanese,,onoko ya honpo,doujinshi,touhou project,hata no kokoro,"nakadashi, small breasts",28,2026-09-03 13:54:22,2026-09-03 13:54:22,2026-09-05 02:41:58
678139,[Nata Dekoboko] Kawaisou na Kimi o Boku ga Mamoritai | 想要去守护那个惹人心怜的你 [Chinese] [白杨汉化组],[NATA凸凹] かわいそうな君を僕が守りたい [中国翻訳],Kawaisou na Kimi o Boku ga Mamoritai | 想要去守护那个惹人心怜的你,"translated, chinese",nata dekoboko,,doujinshi,original,,"kissing, schoolboy uniform, cheating, schoolgirl uniform, stockings, mosaic censorship, sole female, sole male, twintails, classroom",36,2026-09-03 13:57:00,2026-09-03 13:57:00,2026-09-05 02:42:14
678140,[Raid Sox (Tricky)] Kyouran no Toubatsu Hime Daria VII | 达莉亚VII [Chinese] [Digital],[レイドソックス (トリッキー)] 狂乱の討伐姫ダリアVII [中国翻訳] [DL版],Kyouran no Toubatsu Hime Daria VII | 达莉亚VII,"translated, chinese",tricky,raid socks,doujinshi,original,,"big breasts, corruption, multi-work series, possession, large tattoo, rough translation",57,2026-09-03 14:03:50,2026-09-03 14:03:50,2026-09-05 02:42:26
678141,【青长花芽】飾りたい君と不愛想な君｜伪装的你与冷淡的你【chinese】,【青长花芽】飾りたい君と不愛想な君,【青长花芽】飾りたい君と不愛想な君｜伪装的你与冷淡的你【chinese】,"translated, chinese",,,doujinshi,original,,"handjob, x-ray, full color, males only, yaoi, muscle",31,2026-09-03 14:06:01,2026-09-03 14:06:01,2026-09-05 02:42:39
678142,[空方鬼木機]性行為以外「至極」普通な世界(小羌寶個人漢化),,性行為以外「至極」普通な世界,"translated, chinese",,,doujinshi,original,,"squirting, big breasts, emotionless sex, schoolgirl uniform, nakadashi, invisible, x-ray, mind control, mosaic censorship, blowjob, forced exposure, rough translation",43,2026-09-03 14:08:51,2026-09-03 14:08:51,2026-09-05 02:42:51
678143,[A Gokuburi (Sian)] Mesu Gacha IV - Strong women have no human rights [Chinese] [DiamondDogs] [Digital],[A極振り (Sian)] 雌ガチャIV [中国翻訳] [DL版],Mesu Gacha IV - Strong women have no human rights,"translated, chinese",sian,a gokuburi,doujinshi,original,,"squirting, handjob, kissing, big breasts, nun, gag, urethra insertion, unusual pupils, mmf threesome, group, big ass, masturbation, snuff, breast feeding, double vaginal, nakadashi, ahegao, anal, sex toys, femdom, bondage, x-ray, multi-work series, double penetration, stockings, rimjob, paizuri, bukkake, rape, blowjob, collar, crotch tattoo, horns, gloves, mouth mask, anal intercourse, cockslapping, nipple stimulation, gang rape",92,2026-09-03 14:26:55,2026-09-03 14:26:55,2026-09-05 02:44:06
678144,"[Tottoko Starou (Mda Starou)] Furina-sama Wakattemasu yo ne? | Lady Furina, You Feel Me, Right? (Genshin Impact) [English] [Digital] [Decensored] [StickyRicky]",[とっとこSたろう (MだSたろう)] フリーナ様分かってますよね? (原神) [英語] [無修正] [DL版],"Furina-sama Wakattemasu yo ne? | Lady Furina, You Feel Me, Right?","english, translated",mda starou,tottoko mtarou,doujinshi,genshin impact,focalors,"squirting, kissing, garter belt, unusual pupils, uncensored, nakadashi, moral degeneration, x-ray, defloration, multi-work series, stockings, small breasts, mind break, impregnation, blowjob, big penis, stomach deformation, deepthroat, sole female, sole male, gloves",38,2026-09-03 14:31:30,2026-09-03 14:31:30,2026-09-05 02:44:18
678145,[Minu Choukan (Minu)] Romantic  Date Plan (Blue Archive)   [Digital],[みぬ鳥館 (みぃぬ)] ロマンティックデートプラン (ブルーアーカイブ) [DL版],Romantic  Date Plan,japanese,minu,minudorikan,doujinshi,blue archive,miyo sakurai,"females only, yuri, halo",43,2026-09-03 14:34:27,2026-09-03 14:34:27,2026-09-05 02:44:30
678146,[Ponponpain (Illust Ponpon Sensha)] Ruri-chan wa Choukyou Zumi [Digital],[ぽんぽんぺいん (ぽんぽん)] るりちゃんは調教済み [DL版],Ruri-chan wa Choukyou Zumi,japanese,ponpon,ponponpain,doujinshi,original,,"nakadashi, hairy, lolicon, incest, teacher, daughter, blowjob, sole female, classroom",32,2026-09-03 14:40:37,2026-09-03 14:40:37,2026-09-05 02:44:43
678147,[yanje] Cookies and Cream (Blue Archive) [Chinese] [DiamondDogs],[yanje] クッキアンドクリム (ブルーアーカイブ) [中国翻訳],Cookies and Cream,"translated, chinese",yanje,,doujinshi,blue archive,"asuna ichinose, karin kakudate, sensei","big breasts, swimsuit, group, nakadashi, ffm threesome, dark skin, bikini, x-ray, multiple paizuri, paizuri, halo",5,2026-09-03 14:41:50,2026-09-03 14:41:50,2026-09-05 02:44:55
678148,[Nakaura Tomoki] Ueno-kun wa Kaihatsu-zumi Dai 94 wa | Ueno-kun Has Been Developed Chapter 94 [English],[中浦トモキ] 上野くんは開発済み 第94話 [英訳],Ueno-kun wa Kaihatsu-zumi Dai 94 wa | Ueno-kun Has Been Developed Chapter 94,"english, translated",nakaura,,manga,,,"sweating, full censorship, glasses, facesitting, femdom, sole male",17,2026-09-03 14:43:05,2026-09-03 14:43:05,2026-09-05 02:45:07
678149,[Inukami Inoji] Kiss Kiss SeXXX [Digital],[犬上いの字] Kiss Kiss SeXXX [DL版],Kiss Kiss SeXXX,japanese,inukami inoji,,manga,,,"handjob, kissing, leg lock, big breasts, garter belt, cunnilingus, group, glasses, facesitting, nakadashi, ffm threesome, hairy, footjob, tankoubon, stockings, pantyhose, swinging, paizuri, blowjob, collar, twintails, fishnets, multimouth blowjob, eye-covering bang, netorase",263,2026-09-03 15:01:50,2026-09-03 15:01:50,2026-09-05 02:46:23
678150,[Kumasan Renpou (Kumasan)] Alice to Kei (Blue Archive) [Digital],[熊三連邦 (熊三)]  元・王女と元・侍女 (ブルーアーカイブ) [DL版],Alice to Kei,japanese,kumasan,,doujinshi,blue archive,"alice tendou, sensei, kei tendou","bdsm, gag, anal, ffm threesome, bondage, lolicon, piss drinking, shibari, sole male, very long hair, anal intercourse, halo",46,2026-09-03 15:10:54,2026-09-03 15:10:54,2026-09-05 02:46:36
678151,[Makunieru Workshop (Enikuma)] Ecchi shitara Dechatta | 做了色色的事情就怀孕了 (Blue Archive) [Chinese] [AI汉化] [Digital],[マクニエル工房 (えにくま)] えっちしたらでちゃった (ブルーアーカイブ) [中国翻訳] [DL版],Ecchi shitara Dechatta | 做了色色的事情就怀孕了,"translated, chinese",enikuma,makunieru workshop,doujinshi,blue archive,ibuki tanga,"pregnant, demon girl, lolicon, sole female, tail, rough translation, vaginal birth",36,2026-09-03 15:17:50,2026-09-03 15:17:50,2026-09-05 02:46:52
678152,(C108) [Plant (Tsurui)] Koete Borderline (THE iDOLM@STER: Shiny Colors) [Chinese] [锈楼莉月汉化],(C108) [PLANT (鶴井)] 超えてボーダーライン (アイドルマスター シャイニーカラーズ) [中国翻訳],Koete Borderline,"translated, chinese",tsurui,plant,doujinshi,the idolmaster,"producer, sakuya shirase","kissing, big breasts, swimsuit, cunnilingus, big ass, nakadashi, hairy, bikini, paizuri, fingering, blowjob, collar, sole female, sole male, ponytail",30,2026-09-03 15:20:08,2026-09-03 15:20:08,2026-09-05 02:47:07
678153,[Lapis☆Lazuli (Maika Serori)] Onii no Suki ni Shite Hoshii [Digital],[らぴす☆らずり (真花せろり)] おにぃの好きにしてほしい [DL版],Onii no Suki ni Shite Hoshii,japanese,,lapis lazuli,doujinshi,original,,"lolicon, incest, sister, sole female, sole male, bathing room",25,2026-09-03 15:25:11,2026-09-03 15:25:11,2026-09-05 02:47:20
678154,[Hachihachihachi] Seishori Dougu ni sareta Otto no Mesu-ka Keikaku | 作为性处理工具的丈夫的......雌性化计划 [Chinese] [ZZR个人汉化],[蜂蜂蜂] 性処理道具にされた夫のメス化計画 [中国翻訳],Seishori Dougu ni sareta Otto no Mesu-ka Keikaku | 作为性处理工具的丈夫的......雌性化计划,"translated, chinese",,hachihachihachi,doujinshi,original,,"chastity belt, pegging, strap-on, cunnilingus, netorare, anal, femdom, cbt, tomgirl, anal intercourse",26,2026-09-03 15:26:56,2026-09-03 15:26:56,2026-09-05 02:48:38
678155,[Σ-Arts (Mikemono Yuu)] Natsu to Inaka to Yuuwaku shite kuru Dekkai Oshiego 4 + C108 Bonus Book [English] [SDTLs] [Digital],[Σ-Arts (神毛物由宇)] 夏と田舎と誘惑してくるでっかい教え子4 + C108ノオマケ [英訳] [DL版],Natsu to Inaka to Yuuwaku shite kuru Dekkai Oshiego 4 + C108 Bonus Book,"english, translated",mikemono yuu,sigma-arts,doujinshi,original,,"milf, leg lock, big breasts, swimsuit, cunnilingus, group, big ass, facesitting, nakadashi, ffm threesome, femdom, harem, bikini, exhibitionism, x-ray, multiple paizuri, footjob, multi-work series, paizuri, tall girl, blowjob, shotacon, sole male, oyakodon, closed eyes, twintails, shimaidon, multimouth blowjob, onsen, beach",59,2026-09-03 15:38:25,2026-09-03 15:38:25,2026-09-05 02:48:52
678156,[Pandalix (GogoPanda)] Inran Neko wa Yoru ni Naku Koumon Seikou Hen PART II [Digital],[ぱんだりっくす (ごーごーぱんだ)] 淫乱猫は夜に啼く 肛門性交編 PART II [DL版],Inran Neko wa Yoru ni Naku Koumon Seikou Hen PART II,japanese,gogopanda,pandalix,doujinshi,original,,"anal, lolicon, multi-work series, double penetration, stockings, sole female, sole male, focus anal",20,2026-09-03 15:42:17,2026-09-03 15:42:17,2026-09-05 02:49:04
678157,"[Shiwodou. (Shiwo.)] ""Uso"" Kaitoudan no Sponsor-sama ni wa Zettai ni Sakaraenai Ruruka-chan. (Meitantei Precure!) [Digital]",[しを堂。 (しを。)] 【嘘】怪盗団のスポンサー様には絶対に逆らえないるるかちゃん。  (名探偵プリキュア!) [DL版],"""Uso"" Kaitoudan no Sponsor-sama ni wa Zettai ni Sakaraenai Ruruka-chan.",japanese,shiwo.,shiwodou.,doujinshi,meitantei precure,cure arcana shadow,"anal, sex toys, bondage, lolicon, defloration, sole female, sole male, multiple orgasms",24,2026-09-03 15:44:07,2026-09-03 15:44:07,2026-09-05 02:49:17
678158,"[Seki o Shite mo, Shikori (Shisukowon)] Haiboku Heroine Iki Sarashi",[咳をしても、しこり (死すこをん)] 敗北ヒロインイキ晒し,Haiboku Heroine Iki Sarashi,japanese,sisukowon,seki o shite mo shikori,doujinshi,original,,"torture, humiliation, urethra insertion, magical girl, snuff, sex toys, bondage, thigh high boots, pillory, stockings, filming, mind break, clit stimulation",46,2026-09-03 15:47:24,2026-09-03 15:47:24,2026-09-05 02:49:30
678159,[Vpan's EXTASY (Satou Kuuki)] Vpan no Kirehashi 2026 Natsu | V-Pan的切片 2026夏 (Meitantei Precure!) [Chinese]  [Digital],[Vパン’sエクスタシー (左藤空気)] Vパンの切れはし2026なつ (名探偵プリキュア!)  [中国翻訳]  [DL版],Vpan no Kirehashi 2026 Natsu | V-Pan的切片 2026夏,"translated, chinese",satou kuuki,,doujinshi,meitantei precure,cure eclair,"kissing, corruption, big ass, latex, blindfold, ponytail",9,2026-09-03 15:48:17,2026-09-03 15:48:17,2026-09-05 02:50:45
678160,[世羅吉。]ボクを推しなよっ [momo个人汉化],[世羅吉。]ボクを推しなよっ [momo个人汉化],ボクを推しなよっ,"translated, chinese",serakichi.,,manga,,,"squirting, milf, big breasts, big nipples, females only, ahegao, huge breasts, mother, yuri, small breasts, mosaic censorship, blackmail, tribadism",22,2026-09-03 15:49:54,2026-09-03 15:49:54,2026-09-05 02:51:00
678161,(FF46) [broccoholic (MM)] 和菲比一起♥愉快的性愛 (Wuthering Waves) [Chinese] [Decensored],(FF46) [broccoholic (MM)] 和菲比一起♥愉快的性愛 (鳴潮) [中国語] [無修正],和菲比一起♥愉快的性愛,chinese,mm,broccoholic,doujinshi,wuthering waves,"phoebe, rover","nakadashi, ahegao, pantyhose, sole female, sole male",28,2026-09-03 15:51:53,2026-09-03 15:51:53,2026-09-05 02:51:12
678162,[Ame Ramune (Amecha)] Shinosawa Hiro vs Saimin Oji-san (Gakuen IDOLM@STER) [English] [Morally Bankrupt Wizard Translations] [Digital],[アメラムネ (アメちゃ)] 篠澤広vs催眠オジサン (学園アイドルマスター) [英訳] [DL版],Shinosawa Hiro vs Saimin Oji-san,"english, translated",amecha,ame ramune,doujinshi,the idolmaster,hiro shinosawa,"swimsuit, nakadashi, asphyxiation, hairy, lolicon, mind control, rimjob, blowjob, big penis, collar, sole female, sole male, gloves, exposed clothing, nipple stimulation",31,2026-09-03 15:58:10,2026-09-03 15:58:10,2026-09-05 02:51:25
678163,[A Gokuburi (Sian)] Mesu Gacha Log Goudou Benkyoukai - Sex slave Strong women have no human rights [English]  [Decensored] [Digital],[A極振り (Sian)] 雌ガチャLog 合同勉強会 [英訳] [無修正] [DL版],Mesu Gacha Log Goudou Benkyoukai - Sex slave Strong women have no human rights,"english, translated",sian,a gokuburi,doujinshi,original,,"big breasts, group, uncensored, big ass, urination, ahegao, huge breasts, tall man, asphyxiation, hairy, monster, multi-work series, stockings, mind break, rape, blowjob, muscle, stomach deformation, beauty mark, kemonomimi, horns, drill hair, multimouth blowjob, crying",29,2026-09-03 16:03:58,2026-09-03 16:03:58,2026-09-05 02:51:38
678164,[Umi ichiko] 少女狂恋双重疯狂 第2话 [Chinese] [风亦汉化组] [Ongoing],[烏美壱子] 少女狂恋フォリ・ア・ドゥ 第2話 [中国翻訳] [DL版] [進行中],少女狂恋双重疯狂 第2话,"translated, chinese",umi ichiko,,manga,,,"females only, multi-work series",31,2026-09-03 16:06:10,2026-09-03 16:06:10,2026-09-05 02:52:53
678165,"[08BASE (Tohyama eight)] Suki na Ko no Beit Saki ga H na Service o Shiteiru 6 Junbigou - My favorite girl's part-time job offers ""H services"" to regular customers. Volume 6 Preview [Chinese] [流氓兔机翻汉化] [Digital]",[08BASE (東山エイト)] 好きな子のバイト先がHなサービスをシている6 準備号 [中国翻訳] [DL版],"Suki na Ko no Beit Saki ga H na Service o Shiteiru 6 Junbigou - My favorite girl's part-time job offers ""H services"" to regular customers. Volume 6 Preview","translated, chinese",tohyama eight,08base,doujinshi,original,,"prostitution, multi-work series, clothed male nude female, rough translation",16,2026-09-03 16:07:27,2026-09-03 16:07:27,2026-09-05 02:53:05
678166,[Noumusai (Miyashiro Yousuke)] Succubus Maid to Sugosu Yoru,[濃霧菜 (ミヤシロヨースケ)] サキュバスメイドと過ごす夜,Succubus Maid to Sugosu Yoru,japanese,miyashiro yousuke,noumusai,doujinshi,original,,"maid, big breasts, glasses, big ass, huge breasts, demon girl, lactation, stockings, paizuri, sole female, sole male, very long hair",38,2026-09-03 16:10:04,2026-09-03 16:10:04,2026-09-05 02:53:17
678167,[Kamatsuka (Kamatsuka)] Hatsukoi no Owari wa Oshiire no Naka de. [Digital],[一尺八寸 (かまつか)] 初恋の終わりは押し入れのなかで。[DL版],Hatsukoi no Owari wa Oshiire no Naka de.,japanese,sori,kamatsukatei,doujinshi,original,,"big breasts, netorare, dark skin, gyaru-oh, blackmail, beauty mark, hidden sex, eye-covering bang",72,2026-09-03 16:14:54,2026-09-03 16:14:54,2026-09-05 02:53:30
678168,(C108) [Tekireiki ni Shokuchuudoku (Sawamura Ao)] Matsuwa-chan Himitsu no Shintai Kensa - Matsuwa-chan's Intimate Inspection (Kantai Collection -KanColle-),(C108) [適齢期に食中毒 (沢村青)] 松輪ちゃんひみつの身体検査 (艦隊これくしょん -艦これ-),Matsuwa-chan Himitsu no Shintai Kensa - Matsuwa-chan's Intimate Inspection,japanese,sawamura ao,tekireiki ni shokuchuudoku,doujinshi,kantai collection,matsuwa,"lolicon, sole female, sole male",18,2026-09-03 16:18:44,2026-09-03 16:18:44,2026-09-05 02:53:42
678169,[Oshiki mangaya (todaibara) ] sono nikushimi no owari made dozo 1 | 直至这份恨意消逝之前、您请便。 1 [Chinese] [莉赛特汉化组],[オー式まんが屋(とだいばら)] その憎しみの終わりまでどうぞ 1 [中国翻訳],sono nikushimi no owari made dozo 1 | 直至这份恨意消逝之前、您请便。 1,"translated, chinese",,,doujinshi,original,,"sheep girl, sole female, sole male, sheep boy",79,2026-09-03 16:24:04,2026-09-03 16:24:04,2026-09-05 02:54:57
678170,[Oshiki mangaya (todaibara) ] sono nikushimi no owari made dozo 2 | 直至这份恨意消逝之前、您请便。 2 [Chinese] [莉赛特汉化组],[オー式まんが屋(とだいばら)] その憎しみの終わりまでどうぞ 2 [中国翻訳],sono nikushimi no owari made dozo 2 | 直至这份恨意消逝之前、您请便。 2,"translated, chinese",,,doujinshi,original,,"sheep girl, sole female, sole male, sheep boy",203,2026-09-03 16:37:07,2026-09-03 16:37:07,2026-09-05 02:55:11
678171,[Tsubame] Futanari x Onna Marudashi Musume to Fukei-san 2 | Futanari x Onna Futanari Roadshow 2 [English] [MTL],[つばめ] ふたなり×女 丸出し娘と婦警さん② [英訳],Futanari x Onna Marudashi Musume to Fukei-san 2 | Futanari x Onna Futanari Roadshow 2,"english, translated",tsubame,,doujinshi,original,,"futanari, scanmark, policewoman, full color, blowjob, rough translation",6,2026-09-03 16:37:54,2026-09-03 16:37:54,2026-09-05 02:55:26
678172,"[Fujino manchi / Hanabishi Nanami] mao-sama no unmei no tsuka iwa watashite shita! ? ~ Naka mate ai ni mitasa rete ~ | 魔王的命中注定竟然是我！？ ～直至深处 都被爱意填满～(migawari hanayomete suka , nase ka fianse kara no kyuai ka tomarimasen! Komikkuansoroji) [Chinese] [莉赛特汉化组]",[藤野まんち / 花菱ななみ] 魔王様の運命のつがいは私でした！？ ～ナカまで愛に満たされて～（身代わり花嫁ですが、なぜか婚約者からの求愛が止まりません！コミックアンソロジー） [中国翻訳],mao-sama no unmei no tsuka iwa watashite shita! ? ~ Naka mate ai ni mitasa rete ~ | 魔王的命中注定竟然是我！？ ～直至深处 都被爱意填满～,"translated, chinese",,,manga,,,"full censorship, sole female, sole male",38,2026-09-03 16:40:27,2026-09-03 16:40:27,2026-09-05 02:55:38
678173,[DOZA Village (Dozamura)] Shukuhakusaki no DoS Hiyake Danshi o Mesuiki sasetara Gachi de Horerareta Ohanashi [Digital],[DOZA Village (どざむら)] 宿泊先のドS日焼け男子をメスイキさせたらガチで惚れられたお話 [DL版],Shukuhakusaki no DoS Hiyake Danshi o Mesuiki sasetara Gachi de Horerareta Ohanashi,japanese,dozamura,doza village,doujinshi,original,,"handjob, masturbation, nakadashi, anal, x-ray, males only, tanlines, yaoi, tomgirl, shotacon, pixie cut, mesuiki, anal intercourse, nipple stimulation, onsen",47,2026-09-03 16:49:34,2026-09-03 16:49:34,2026-09-05 02:55:51
678174,[Hotel Shikinseki (Protohotel)] Tsuugaku Densha ni Arawareta Ninshiki Kaihen Oji-san 2 [Chinese] [貉耳萌个人汉化] [Digital],[ホテル試金石 (プロトホテル)] 通学電車に現れた認識改変おじさん2 [中国翻訳] [DL版],Tsuugaku Densha ni Arawareta Ninshiki Kaihen Oji-san 2,"translated, chinese",protohotel,hotel shikinseki,doujinshi,original,,"kissing, big breasts, gymshorts, pregnant, big ass, schoolgirl uniform, nakadashi, ahegao, anal, sex toys, exhibitionism, mind control, stockings, paizuri, lingerie, tall girl, bukkake, filming, impregnation, tomboy, blowjob, muscle, bbm, chikan, sole female, sole male, beauty mark, pixie cut, forced exposure, hidden toy",47,2026-09-03 16:52:42,2026-09-03 16:52:42,2026-09-05 02:57:08
678175,[Fuketsudan (Chabo)] Kairai Yuntai,[不決断 (茶鳥)]孕籠  傀儡孕胎,Kairai Yuntai,japanese,chabo,fuketsudan,doujinshi,original,,"orc, pregnant, dark nipples, lolicon, mind control, big areolae, oppai loli, impregnation, inverted nipples, sole female, vaginal birth",26,2026-09-03 16:57:58,2026-09-03 16:57:58,2026-09-05 02:57:22
678176,[Ai no tsukemono ishi (Teba/ Nekomatamisa) ] ura aka haishin-sha no Kai-kun wa sefure no watashi o guchi ~yatoronishite zettai ni hanasanai | 匿名主播魁把身为炮友的我弄得一塌糊涂还绝不放手 [Chinese] [莉赛特汉化组],[愛の漬物石 (てば / ねこまたみさ)] 裏垢配信者の魁くんはセフレの私をぐちゃとろにして絶対に離さない [中国翻訳],ura aka haishin-sha no Kai-kun wa sefure no watashi o guchi ~yatoronishite zettai ni hanasanai | 匿名主播魁把身为炮友的我弄得一塌糊涂还绝不放手,"translated, chinese",,,doujinshi,original,,"sole female, sole male",81,2026-09-03 17:03:11,2026-09-03 17:03:11,2026-09-05 02:57:35
678177,[Tsubame] Futanari and the World of Yuri (1) (MTL),[ヒト缶。🔞（つばめ)] ゆたなりとゆりのせかい（1),Futanari and the World of Yuri,"english, translated",tsubame,,doujinshi,original,,"futanari, schoolgirl uniform, scanmark, full color, rough translation",12,2026-09-03 17:04:19,2026-09-03 17:04:19,2026-09-05 02:57:48
678178,"[Popochichi (Yahiro Pochi)] Rental Kanojo Osawari Shimasu Soushuhen III + 13 (Kanojo, Okarishimasu) [Digital]",[ぽぽちち (八尋ぽち)] レンタル彼女お触りします総集編III+13 (彼女、お借りします) [DL版],Rental Kanojo Osawari Shimasu Soushuhen III + 13,japanese,yahiro pochi,popochichi,doujinshi,kanojo okarishimasu,"chizuru ichinose, kazuya kinoshita, ruka sarashina","big breasts, swimsuit, bikini, soushuuhen",106,2026-09-03 17:11:26,2026-09-03 17:11:26,2026-09-05 02:58:01
678179,"[""Zetsu"" no Itadaki Dopyushikoderu (Various)] BlueArch AzuLan Goblin Erogaki Goudou ""1,000,000 GOBLINS ATTACK"" | 蔚蓝档案·碧蓝航线 哥布林色情小鬼合同「1'000'000 GOBLINS ATTACK」 (Azur Lane, Blue Archive) [Chinese] [欶澜汉化组] [Digital]",[「絶」の頂 ドピュシコデル (よろず)] ブルアカ・アズレン ゴブリンエロガキ合同「1'000'000 GOBLINS ATTACK」 (アズールレーン、ブルーアーカイブ) [中国翻訳] [DL版],"BlueArch AzuLan Goblin Erogaki Goudou ""1,000,000 GOBLINS ATTACK"" | 蔚蓝档案·碧蓝航线 哥布林色情小鬼合同「1'000'000 GOBLINS ATTACK」","translated, chinese","naoya, asanagi, nakushita kanjou, men teru, bisho oji, kaisen donburi, meme koubou, bakatare, hinanagusa, l tiki, nagen yankotsu",,doujinshi,"azur lane, blue archive","takao, atago, amagi, friedrich der grosse, hanako urawa, tsubaki kasuga, kaede isami, aegir, toki asuma, anchorage, rio tsukatsuki, sena himuro, ichika nakamasa","kissing, big breasts, pregnant, group, goblin, netorare, nakadashi, ffm threesome, monster, bikini, paizuri, rape, impregnation, shotacon, horns, goudoushi, smalldom, halo",56,2026-09-03 17:22:13,2026-09-03 17:22:13,2026-09-05 02:59:18
678180,[Gekkyuugi (Mizuno Tohko)] えろぽん [Digital],[月球儀 (水野透子)] えろぽん [DL版],えろぽん,japanese,mizuno tohko,gekkyuugi,doujinshi,original,,"males only, yaoi",268,2026-09-03 17:38:26,2026-09-03 17:38:26,2026-09-05 02:59:33
678181,[Kao ame] oshi no kao shika katan! | 我推的脸就是无敌的！ (Komikku rotisu Vol. 4 [R-ban]) [Chinese] [莉赛特汉化组],[花緒あめ] 推しの顔しか勝たん！（COMICロティス Vol.4【R版】） [中国翻訳],oshi no kao shika katan! | 我推的脸就是无敌的！,"translated, chinese",,,manga,,,"full censorship, sole female, sole male",32,2026-09-03 17:40:48,2026-09-03 17:40:48,2026-09-05 02:59:53
678182,[Wareme (Coupe)] Ashikase ~Hitozuma wa Itsumo Choukyou Sareru Unmei ni~ | 足枷～人妻总会落入被调教的命运～ [Chinese] [Digital],[割れ目 (こっぺ)] 足枷～人妻はいつも調教される運命に～ [中国翻訳] [DL版],Ashikase ~Hitozuma wa Itsumo Choukyou Sareru Unmei ni~ | 足枷～人妻总会落入被调教的命运～,"translated, chinese",coupe,wareme,doujinshi,original,,"milf, kissing, leg lock, netorare, cheating, breast feeding, nakadashi, ahegao, anal, sex toys, bondage, thigh high boots, latex, multi-work series, gokkun, lingerie, fingering, rape, dilf, blackmail, blowjob, blindfold, bbm, sole female, sole male, harness, ponytail, gloves, nipple stimulation, detached sleeves",38,2026-09-03 17:47:27,2026-09-03 17:47:27,2026-09-05 03:00:04
678183,[白津川心太×太陽ひかる] エロティカル・ウィザードと12人の花嫁 第04巻,[白津川心太×太陽ひかる] エロティカル・ウィザードと12人の花嫁 第04巻,エロティカル・ウィザードと12人の花嫁 第04巻,japanese,karasu,,manga,,,"big breasts, story arc, multi-work series, ponytail, pixie cut",166,2026-09-03 17:57:46,2026-09-03 17:57:46,2026-09-05 03:00:17
678184,[呑気な露店 (呑み気)] 快楽の代償 (ポケットモンスター)（牢大机翻）,[呑気な露店 (呑み気)] 快楽の代償 (ポケットモンスター),快楽の代償 (ポケットモンスター)（牢大机翻）,"translated, chinese",nomiki,nonki na roten,doujinshi,pokemon,gardevoir,"monster girl, masturbation, anal, bondage, solo action, monster, orgasm denial, tomgirl, big penis, rough translation",19,2026-09-03 17:59:13,2026-09-03 17:59:13,2026-09-05 03:01:34
678185,[Abayama] Uchida senpai ga ore ni dake yasashī gyaru no hazu ga nai! | 内田学姐本不应该是只对我温柔的辣妹才对！ (Komikku rotisu Vol. 6 [R-ban]) [Chinese] [莉赛特汉化组],[あばやま] 内田先輩が俺にだけ優しいギャルのはずがない！（COMICロティス Vol.6【R版】） [中国翻訳],Uchida senpai ga ore ni dake yasashī gyaru no hazu ga nai! | 内田学姐本不应该是只对我温柔的辣妹才对！,"translated, chinese",abayama,,manga,,,"schoolboy uniform, full censorship, glasses, schoolgirl uniform, gyaru, sole female, sole male",30,2026-09-03 18:01:26,2026-09-03 18:01:26,2026-09-05 03:01:50
678186,[Hochidonmai (Donburako)] Kurasu de 1-ban majimena youtosei ni wa joushiki hazurena kenkoushinda,[ほちどんまい (丼ブラコ)] クラスで1番真面目な優等生には常識外れな健康診断,Kurasu de 1-ban majimena youtosei ni wa joushiki hazurena kenkoushinda,japanese,donburako,hochidonmai,doujinshi,original,,"masturbation, nakadashi, anal, sex toys, males only, yaoi, blowjob, blindfold, shotacon, mesuiki, anal intercourse, infirmary",62,2026-09-03 18:13:44,2026-09-03 18:13:44,2026-09-05 03:02:02
678187,[Senpenbankashiki (DATE)] Tanin ni Naru Kusuri 8 [English] [MTL] [Digital],[千変万化式 (DATE)] 他人になるクスリ8 [英訳] [DL版],Tanin ni Naru Kusuri 8,"english, translated",date,senpenbankashiki,doujinshi,original,,"females only, full censorship, glasses, masturbation, schoolgirl uniform, yuri, multi-work series, possession, gender bender, rough translation",33,2026-09-03 18:16:09,2026-09-03 18:16:09,2026-09-05 03:02:14
678188,[Hochidonmai (Donburako)] Miruku toban wa sensei ni oishi miruku o agetai! ~ Shiboritate tokuno miruku kenkyu ~,[ほちどんまい (丼ブラコ)] ミルク当番は先生においしいミルクをあげたい！～搾りたて特濃ミルク研究～,Miruku toban wa sensei ni oishi miruku o agetai! ~ Shiboritate tokuno miruku kenkyu ~,japanese,donburako,hochidonmai,doujinshi,original,,"handjob, glasses, masturbation, milking, nakadashi, anal, sex toys, lab coat, males only, yaoi, lactation, rape, blowjob, shotacon, mesuiki, anal intercourse, nipple stimulation, infirmary",55,2026-09-03 18:26:37,2026-09-03 18:26:37,2026-09-05 03:02:27
678189,[MOW (Moufu)]  Mohan Teki Shigentai,[MOW (もうふ)] 模範的資源体,Mohan Teki Shigentai,japanese,weiliy,mow,doujinshi,original,,"phimosis, males only, yaoi, bbm, shotacon, small penis, no penetration",46,2026-09-03 18:35:07,2026-09-03 18:35:07,2026-09-05 03:02:39
678190,"(C106) [Home Not Found (snhr, Fudisen)] Rabu-chan to Love Love Shitai jan!? | Don't You Wanna Get Lovey-Dovey with Rabu-chan!? (Blue Archive) [English]",(C106) [家が見つかりません (snhr、フヂセン)] ラブちゃんとラブラブしたいじゃん!? (ブルーアーカイブ) [英訳],Rabu-chan to Love Love Shitai jan!? | Don't You Wanna Get Lovey-Dovey with Rabu-chan!?,"english, translated","snhr, fudisen",home not found,doujinshi,blue archive,"sensei, rabu komakaze","handjob, unusual teeth, big breasts, swimsuit, nakadashi, blowjob, sole female, sole male, very long hair, halo",20,2026-09-03 18:36:36,2026-09-03 18:36:36,2026-09-05 03:03:54
678191,[有機風味] サンドローネちん嗅ぎぶっかけザーメンゲップ 4ページ,[有機風味] サンドローネちん嗅ぎぶっかけザーメンゲップ 4ページ,サンドローネちん嗅ぎぶっかけザーメンゲップ 4ページ,japanese,yuuki fuumi,,doujinshi,genshin impact,sandrone,"smell, bukkake, smegma, blowjob, sole female, sole male, no penetration, focus blowjob",4,2026-09-03 18:37:10,2026-09-03 18:37:10,2026-09-05 03:04:07
678192,[有機風味] シトラリ ザーメンゲップと中出し 4ページ,[有機風味] シトラリ ザーメンゲップと中出し 4ページ,シトラリ ザーメンゲップと中出し 4ページ,japanese,yuuki fuumi,,doujinshi,genshin impact,citlali,"kissing, x-ray, sole female, sole male, bald",4,2026-09-03 18:37:35,2026-09-03 18:37:35,2026-09-05 03:04:19
678193,[有機風味] モナ (原神),[有機風味] モナ (原神),モナ,japanese,yuuki fuumi,,doujinshi,genshin impact,mona megistus,"group, harem, pantyhose, collar, sole female, twintails",8,2026-09-03 18:38:12,2026-09-03 18:38:12,2026-09-05 03:04:35
678194,[Aburi Paseri (Mozuku)] Kami Ranshi Mochi no Mura Musume | 拥有神级卵子的村姑 [Chinese] [Forgotten_0u0] [Digital],[炙りパセリ (もずく)] 神卵子持ちの村娘 [中国翻訳] [DL版],Kami Ranshi Mochi no Mura Musume | 拥有神级卵子的村姑,"translated, chinese","mozuku, yuu yuuki",aburi paseri,doujinshi,original,,"squirting, big breasts, mmf threesome, group, big ass, nakadashi, ahegao, anal, monster, double penetration, stockings, gokkun, impregnation, blowjob, big penis, stomach deformation, deepthroat, sole female, gloves, cumflation, anal intercourse",53,2026-09-03 18:41:44,2026-09-03 18:41:44,2026-09-05 03:04:46
678195,[有機風味] シトラリ ザーメンゲップと中出し (原神),[有機風味] シトラリ ザーメンゲップと中出し (原神),シトラリ ザーメンゲップと中出し,japanese,yuuki fuumi,,doujinshi,genshin impact,citlali,"handjob, smell, bukkake, leotard, smegma, blowjob, sole female, sole male, no penetration",8,2026-09-03 18:42:30,2026-09-03 18:42:30,2026-09-05 03:06:00
678196,[有機風味] アストルフォちん嗅ぎオナニーフェラザーメンゲップ 4ページ (Fate/Grand Order),[有機風味] アストルフォちん嗅ぎオナニーフェラザーメンゲップ 4ページ (Fate/Grand Order),アストルフォちん嗅ぎオナニーフェラザーメンゲップ 4ページ,japanese,yuuki fuumi,,doujinshi,fate grand order,astolfo,"masturbation, anal, blowjob face, x-ray, males only, yaoi, stockings, tomgirl, blowjob, anal intercourse",8,2026-09-03 18:43:11,2026-09-03 18:43:11,2026-09-05 03:06:12
678197,(C107) [Amakaze Synchronity (Miyako)] Yoidore Chieri to Pokapoka suru Hon (THE IDOLM@STER CINDERELLA GIRLS),(C107) [甘風シンクロニティ (京)] よいどれちえりとぽかぽかする本 (アイドルマスター シンデレラガールズ),Yoidore Chieri to Pokapoka suru Hon,japanese,miyako,amakaze synchronity,doujinshi,the idolmaster,"chieri ogata, producer","sole female, sole male, twintails, hair buns",26,2026-09-03 18:45:09,2026-09-03 18:45:09,2026-09-05 03:06:23
678198,Gals Anime Part 2 Original Anime Perfect Catalogue,ギャルズアニメ PART 2 オリジナルアニメパーフェクトカタログ,Gals Anime Part 2 Original Anime Perfect Catalogue,japanese,"ippongi bang, umetsu yukinori",,doujinshi,"dream hunter rem, magical emi, creamy mami, cream lemon, iczer",,"uncensored, manga",124,2026-09-03 18:53:23,2026-09-03 18:53:23,2026-09-05 03:06:34
678199,[Jakusha no Nageki (Yowa Toufu)] Tea Party no go Houshi | Tea Party's Service (Blue Archive) [English] [Digital],[弱者の嘆き (弱豆腐] ティーパーティーのご奉仕 (ブルーアーカイブ) [英訳] [DL版],Tea Party no go Houshi | Tea Party's Service,"english, translated",yowa toufu,,doujinshi,blue archive,"mika misono, nagisa kirifuji, sensei, seia yurizono","maid, wings, big breasts, group, nakadashi, ahegao, ffm threesome, harem, bikini, stockings, small breasts, paizuri, blowjob, sole male, kemonomimi, ponytail, tail, very long hair, rough translation, nipple stimulation, high heels, halo",34,2026-09-03 18:55:50,2026-09-03 18:55:50,2026-09-05 03:06:46
678200,[有機風味] ちん嗅ぎ界隈,[有機風味] ちん嗅ぎ界隈,ちん嗅ぎ界隈,japanese,yuuki fuumi,,doujinshi,original,,"smegma, blowjob, sole female, sole male, no penetration, focus blowjob, burping",33,2026-09-03 18:58:01,2026-09-03 18:58:01,2026-09-05 03:06:57
678201,[4uu] Mashu to Shochou no Gouhoubi Ecchi❤︎  / Mash and Director's Naughty Reward,『マシュと所長のご褒美エッチ❤︎』,Mashu to Shochou no Gouhoubi Ecchi❤︎  / Mash and Director's Naughty Reward,"english, translated",4uu,,doujinshi,fate grand order,"shielder, gudao, olga marie animusphere","big breasts, group, ffm threesome, sole male, eye-covering bang, rough translation",5,2026-09-03 18:58:40,2026-09-03 18:58:40,2026-09-05 03:07:08
678202,[Dangan Honey (Onomeshin)] Bakunyuu Kishi Danchou Charlotte - Big Boobs Knight Commander Charlotte [Digital],[弾丸ハニィ (オノメシン)] 爆乳騎士団長シャーロット [DL版],Bakunyuu Kishi Danchou Charlotte - Big Boobs Knight Commander Charlotte,japanese,onomesin,dangan honey,doujinshi,original,,"big breasts, metal armor, huge breasts, sex toys, defloration, big areolae, sole female, sole male",26,2026-09-03 19:00:26,2026-09-03 19:00:26,2026-09-05 03:08:21
678203,Isekai Elf [Chinese],[MAD茧] 转生成精灵 [upscaled],Isekai Elf,chinese,,,doujinshi,original,,"elf, full censorship, gender bender",89,2026-09-03 19:06:11,2026-09-03 19:06:11,2026-09-05 03:08:33
678204,"[CAT GARDEN (Nekotewi)] Kurushii no ga Suki na Maia-chan - Please Tie Me Down, Sensei | Maia Likes It Rough - Please Tie Me Down, Sensei (Blue Archive) [English] [head empty] [Digital]",[CAT GARDEN (ねこてゐ)] 苦しいのが好きなマイアちゃん (ブルーアーカイブ) [英訳] [DL版],"Kurushii no ga Suki na Maia-chan - Please Tie Me Down, Sensei | Maia Likes It Rough - Please Tie Me Down, Sensei","english, translated",nekotewi,cat garden,doujinshi,blue archive,"sensei, maia tachiki","bdsm, gag, glasses, sex toys, bondage, lolicon, shibari, sole female, sole male, no penetration, multiple orgasms",21,2026-09-03 19:10:47,2026-09-03 19:10:47,2026-09-05 03:08:44
678205,[Jenoa Cake (Takayaki)] Hayase Yuuka wa Kotowarenai | Hayase Yuuka Just Can't Refuse! (Blue Archive) [English] [DeppoTL] [Digital],[じぇのばけーき (たかやKi)] 早瀬ユウカは断れない (ブルーアーカイブ) [英訳] [DL版],Hayase Yuuka wa Kotowarenai | Hayase Yuuka Just Can't Refuse!,"english, translated",takayaki,jenoa cake,doujinshi,blue archive,"yuuka hayase, sensei","nakadashi, sole female, sole male, twintails, gloves, halo",11,2026-09-03 19:11:44,2026-09-03 19:11:44,2026-09-05 03:08:56
678206,[Hanpatsu Zokusei] 【Ni-wa Zenpen】Jimi De Otakuppoi Imouto To Nakayoku Naru Tame Ni Funtō Suru Hanashi [chinese],[反発属性] 【2話前編】地味でオタクっぽい妹と仲良くなるために奮闘する話,【Ni-wa Zenpen】Jimi De Otakuppoi Imouto To Nakayoku Naru Tame Ni Funtō Suru Hanashi,"translated, chinese",hanpatsu zokusei,,doujinshi,original,,"big breasts, glasses",44,2026-09-03 19:14:53,2026-09-03 19:14:53,2026-09-05 03:09:07
678207,[Tottotonero Tarou.] Ningen o Otosu to Shusse Dekiru Maou-gun [Ongoing],[とっととねろ太郎。] 人間を堕とすと出世できる魔王軍 [進行中],Ningen o Otosu to Shusse Dekiru Maou-gun,japanese,tottotonero tarou.,,doujinshi,original,,"big breasts, demon girl, full color, stockings, chinese dress, crotch tattoo, horns, tail",5,2026-09-03 19:15:28,2026-09-03 19:15:28,2026-09-05 03:09:18
678208,[Midorineko (Midori)] Warui Ko 4 | Bad Girls Ch. 4 (Blue Archive) [English] [DeppoTL] [Digital],[碧猫 (みどり)] わるい子4 (ブルーアーカイブ) [英訳] [DL版],Warui Ko 4 | Bad Girls Ch. 4,"english, translated",midori,midorineko,doujinshi,blue archive,"serika kuromi, ayane okusora, sensei","elf, group, glasses, nakadashi, ffm threesome, multi-work series, stockings, sole male, kemonomimi, pixie cut, gloves, halo",23,2026-09-03 19:17:11,2026-09-03 19:17:11,2026-09-05 03:09:29
678209,[plusColorful (Hoshisaka Ami)] koukando 999 no sei-shori bioroid [digital],[plusColorful (Hoshiaka Ami)] 好感度999の性処理バイオロイド [DL版],koukando 999 no sei-shori bioroid,japanese,hoshisaka ami,pluscolorful,doujinshi,last origin,"azazel, hirume, poi","big breasts, group, huge breasts, harem, multiple paizuri, paizuri, blowjob, sole male, kemonomimi",22,2026-09-03 19:18:42,2026-09-03 19:18:42,2026-09-05 03:10:42
678210,[Blue Percussion (Bourne)] Destruction Destruction - The Strangled heroin's total defeat  [ENG],,Destruction Destruction - The Strangled heroin's total defeat,"english, translated",bourne,blue percussion,doujinshi,original,,"oni, ahegao, ryona, asphyxiation, multi-work series, muscle, no penetration",28,2026-09-03 19:20:55,2026-09-03 19:20:55,2026-09-05 03:10:53
678211,[Blue Percussion (Bourne)] Destruction 2: The Complete Fall of the Defeated Heroine [ENG],,Destruction 2: The Complete Fall of the Defeated Heroine,"english, translated",bourne,blue percussion,doujinshi,original,,"oni, netorare, ahegao, ryona, anal, asphyxiation, multi-work series, paizuri, mind break, muscle, gloves, anal intercourse, nipple stimulation",33,2026-09-03 19:23:05,2026-09-03 19:23:05,2026-09-05 03:11:05
678212,"[Kimagure na Bakeneko (Jenigata)] Ubawareta Jinsei mo Otoko no Jishin mo Koigokoro mo Torimodoshite Saikyou Konyakusha-tachi to Sekai o Meguru Boukentan e | I'll Reclaim My Life, Pride, and Love With my OP Harem HAGMAX Party! [English] [Team Rabu2] [Digital]",[ミニチュアキマイラ1/24 (J-2型)] 奪われた人生も男の自信も恋心もとりもどして最強婚約者達と世界を巡る冒険譚へ [英訳] [DL版],"Ubawareta Jinsei mo Otoko no Jishin mo Koigokoro mo Torimodoshite Saikyou Konyakusha-tachi to Sekai o Meguru Boukentan e | I'll Reclaim My Life, Pride, and Love With my OP Harem HAGMAX Party!","english, translated",jenigata | jyenigata kiwami,kimagure na bakeneko,doujinshi,original,,"squirting, milf, kissing, virginity, big breasts, humiliation, bbw, witch, big nipples, group, big ass, nakadashi, ahegao, huge breasts, anal, blowjob face, ffm threesome, femdom, harem, pubic stubble, x-ray, defloration, big areolae, stockings, rimjob, smell, gaping, fingering, saliva, tall girl, voyeurism, blowjob, big penis, shotacon, deepthroat, sole male, closed eyes, multimouth blowjob, smalldom, nipple stimulation",90,2026-09-03 19:40:31,2026-09-03 19:40:31,2026-09-05 03:11:16
678213,[アヘ丸] 2026、夏,[アヘ丸] 2026、夏,2026、夏,japanese,ahemaru,,doujinshi,original,,"big breasts, group, netorare, cheating, multi-work series",18,2026-09-03 19:44:37,2026-09-03 19:44:37,2026-09-05 03:11:28
678214,[Aries (Satomi)] Heroine Defeated ‐Hara Seme Hen2‐,[Aries (里見)] ヒロイン敗北 ‐腹責め編2‐,Heroine Defeated ‐Hara Seme Hen2‐,japanese,satomi,aries,doujinshi,,supergirl,"big breasts, vomit, ryona, muscle",34,2026-09-03 19:46:47,2026-09-03 19:46:47,2026-09-05 03:11:40
678215,Angelic Sand,,Angelic Sand,"english, translated",katakuri-ko,katakuri house,doujinshi,original,,"big breasts, compilation, midget, huge breasts, gigantic breasts, rough translation",127,2026-09-03 19:55:07,2026-09-03 19:55:07,2026-09-05 03:12:54
678216,[wakamaker (wakamesan)] Anata no Semen Kaishuu Shimasu 5 | 您的種子（精液）將由我回收5 [Chinese] [Digital],[wakamaker (ワカメさん)] あなたの種回収します5 [中国翻訳] [DL版],Anata no Semen Kaishuu Shimasu 5 | 您的種子（精液）將由我回收5,"translated, chinese",wakamesan,wakamaker,doujinshi,original,,"milf, big breasts, glasses, netorare, big ass, cheating, condom, nakadashi, ahegao, mother, sleeping, x-ray, multi-work series, paizuri, gokkun, lingerie, bukkake, dilf, impregnation, bbm, sole female, sole male, gloves, domination loss, extraneous ads",28,2026-09-03 19:57:12,2026-09-03 19:57:12,2026-09-05 03:13:05
678217,[STUDIO TIAMAT (TANABE)] La faux -Shuryou Seibo- (Fate/Grand Order) [Chinese] [Digital],[STUDIO TIAMAT (TANABE)] La faux -主猟聖母- (Fate/Grand Order) [中国翻訳] [DL版],La faux -Shuryou Seibo-,"translated, chinese",tanabe,studio tiamat,doujinshi,fate grand order,isabelle vouthon,"big breasts, bbw, lactation, shotacon, extraneous ads",41,2026-09-03 20:04:57,2026-09-03 20:04:57,2026-09-05 03:13:17
678218,[Mugitake Koubou (Mugi Take)] Onna ni natta Osananajimi 2nin to 3P Sex [Chinese],[麦田家工房 (麦竹)] 女になった幼馴染2人と3Pセックス [中国翻訳],Onna ni natta Osananajimi 2nin to 3P Sex,"translated, chinese",mugitake,mugitake koubou,doujinshi,original,,"big breasts, group, nakadashi, paizuri, gender bender, extraneous ads",26,2026-09-03 20:06:50,2026-09-03 20:06:50,2026-09-05 03:13:28
678219,[B-command (Shako Punch)] Madoromi (THE iDOLM@STER: Shiny Colors) [Chinese],[B-command (シャコぱんち)] まどろみ (アイドルマスター シャイニーカラーズ) [中国翻訳],Madoromi,"translated, chinese",shako punch,,doujinshi,the idolmaster,madoka higuchi,"sweating, kissing, nakadashi, kimono, x-ray, footjob, fingering, blowjob, sole female, kemonomimi, nipple stimulation, extraneous ads",31,2026-09-03 20:09:01,2026-09-03 20:09:01,2026-09-05 03:13:39
678220,(C108) [Shimono Cable] Fuuzoku Sennyuu! Nami-san to Domiriba Bunny Fuuzokuten | 風俗潜入！娜美小姐與黒転兔女郎風俗店 (One Piece) [Chinese],(C108) [霜野ケーブル] 風俗潜入!ナミさんと黒転バニー風俗店 (ワンピース) [中国翻訳],Fuuzoku Sennyuu! Nami-san to Domiriba Bunny Fuuzokuten | 風俗潜入！娜美小姐與黒転兔女郎風俗店,"translated, chinese",,shimono cable,doujinshi,one piece,nami,"kissing, wings, leg lock, big breasts, cunnilingus, big ass, prostitution, nakadashi, demon girl, exhibitionism, x-ray, bunny girl, stockings, paizuri, blowjob, kemonomimi, horns, extraneous ads",41,2026-09-03 20:12:01,2026-09-03 20:12:01,2026-09-05 03:13:50
678221,[[熊足S]] 朝倉菜々は何でも知っている,[熊足S] 朝倉菜々は何でも知っている (COMIC E×E 73) [中国翻訳] [DL版],] 朝倉菜々は何でも知っている,"translated, chinese",kuma ashi s,,manga,,,"schoolgirl uniform, extraneous ads",38,2026-09-03 20:14:32,2026-09-03 20:14:32,2026-09-05 03:15:04
678222,[11.2REV. (Ruka)] 体感温度 (Ensemble Stars!),[11.2革命 (瑠夏)] 体感温度 (あんさんぶるスターズ！),体感温度,japanese,,,doujinshi,ensemble stars,"izumi sena, ritsu sakuma","kissing, bandages, full censorship, anal, kimono, males only, yaoi, horns, anal intercourse, nipple stimulation",50,2026-09-03 20:18:12,2026-09-03 20:18:12,2026-09-05 03:15:16
678223,[Doraias Kazuyo] Inaka ni Sumu Muchi na Kanojo wa... | The oblivious girl from the countryside... [English],[ドライアス一世] 田舎に住む無知な彼女は…♥ [英訳],Inaka ni Sumu Muchi na Kanojo wa... | The oblivious girl from the countryside...,"english, translated",doraias kazuyo,,doujinshi,original,,"big breasts, netorare, big ass, cheating, nakadashi, ahegao, huge breasts, dark skin, full color, tanlines, mosaic censorship, big penis, shotacon, sole female, sole male, rough translation, smalldom",11,2026-09-03 20:20:40,2026-09-03 20:20:40,2026-09-05 03:15:27
678224,[1102 (Ruka)] Touch. (Ensemble Stars!),[1102 (瑠夏)] Touch. (あんさんぶるスターズ！),Touch.,japanese,ruka,1102,doujinshi,ensemble stars,"izumi sena, ritsu sakuma","schoolboy uniform, condom, anal, males only, yaoi, blowjob, anal intercourse, nipple stimulation",34,2026-09-03 20:23:00,2026-09-03 20:23:00,2026-09-05 03:15:38
678225,[An-Arc XXX (Hamo)] Hitomae de Asoko Miseru to Koufun Shichau Ko | A girl who gets excited when she shows her private parts in front of other people. [English] [Digital],[アンアークXXX (はも)] 人前であそこ見せるとこーふんしちゃう娘 [英訳] [DL版],Hitomae de Asoko Miseru to Koufun Shichau Ko | A girl who gets excited when she shows her private parts in front of other people.,"english, translated",hamo,an-arc,doujinshi,original,,"squirting, group, glasses, schoolgirl uniform, nakadashi, ahegao, anal, hairy, exhibitionism, double penetration, dilf, blowjob, sole female, rough translation",32,2026-09-03 20:25:06,2026-09-03 20:25:06,2026-09-05 03:15:49
678226,扶他教主被魅惑龙族百般温柔♡宠溺[Unnamed个人渣翻][微々糖(あんそるてっど☆ぱたー)]【트릭컬 Trickcal Revive 穿越异世界恶作剧 嘟嘟脸恶作剧 トリッカル】(ふたなり教主様が誘惑の竜族にいっぱい懐柔♡されちゃう本),,扶他教主被魅惑龙族百般温柔♡宠溺[Unnamed个人渣翻][微々糖(あんそるてっど☆ぱたー)]【트릭컬 Trickcal Revive 穿越异世界恶作剧 嘟嘟脸恶作剧 トリッカル】,"translated, chinese",,,doujinshi,trickcal revive,vivi,"futanari, wings, midget, tail",15,2026-09-03 20:26:21,2026-09-03 20:26:21,2026-09-05 03:16:01
678227,[Sanokusu] 無人島暮らしでムキムキ剛毛褐色化した同級生と毎日生交尾してみた,[さのくす] 無人島暮らしでムキムキ剛毛褐色化した同級生と毎日生交尾してみた,無人島暮らしでムキムキ剛毛褐色化した同級生と毎日生交尾してみた,japanese,,sanokusu,doujinshi,original,,"hairy, dark skin, muscle, first person perspective, sole female, sole male",48,2026-09-03 20:29:32,2026-09-03 20:29:32,2026-09-05 03:16:12
678228,[Doraias Kazuyo] Inaka Ni Sumu Muchina Kanojo Wa… ♥,[ドライアス一世] 田舎に住む無知な彼女は…♥,Inaka Ni Sumu Muchina Kanojo Wa… ♥,japanese,doraias kazuyo,,doujinshi,original,,"milf, big breasts, netorare, big ass, cheating, nakadashi, ahegao, huge breasts, artistcg, full color, tanlines, big areolae, mosaic censorship, big penis, shotacon, sole female, sole male, smalldom",10,2026-09-03 20:31:37,2026-09-03 20:31:37,2026-09-05 03:16:23
678229,[1102 (Ruka)] NIGHT SCAPE (Ensemble Stars!),[1102 (瑠夏)] NIGHT SCAPE (あんさんぶるスターズ！),NIGHT SCAPE,japanese,ruka,1102,doujinshi,ensemble stars,"izumi sena, ritsu sakuma","handjob, kissing, condom, anal, males only, yaoi, mesuiki, anal intercourse, nipple stimulation",39,2026-09-03 20:34:26,2026-09-03 20:34:26,2026-09-05 03:16:34
678230,[Hazuki Kozue] Finder o Nozoku Kanojo o Boku wa Totteita,[葉月こずえ] ファインダーを覗く彼女を僕は撮っていた,Finder o Nozoku Kanojo o Boku wa Totteita,japanese,,,doujinshi,original,,"old man, bbw, hairy, filming, mosaic censorship, dilf, hazuki kozue",199,2026-09-03 20:46:09,2026-09-03 20:46:09,2026-09-05 03:16:46
678231,[a lonely tree frog runs away] How I discovered my boyfriend's American mom is a futanari (MTL),[樹蛙孤逃] 關於我發現我男友的美籍媽媽是扶她,How I discovered my boyfriend's American mom is a futanari,"english, translated",a lonely tree frog runs away,,doujinshi,original,,"futanari, big breasts, rape, sole dickgirl, rough translation, crying, dickgirl on female",34,2026-09-03 20:48:31,2026-09-03 20:48:31,2026-09-05 03:16:57
678232,[Hazuki Kozue] Boyish na Onnanoko no Hanashi. Sonna Kanojo ni Koishita Hanashi. Sonna Kanojo ga Bitch datta Hanashi.,[葉月こずえ] ボーイッシュな女の子の話。そんな彼女に恋した話。そんな彼女がビッチだった話。,Boyish na Onnanoko no Hanashi. Sonna Kanojo ni Koishita Hanashi. Sonna Kanojo ga Bitch datta Hanashi.,japanese,,,doujinshi,original,,"glasses, mosaic censorship, bald, hazuki kozue",201,2026-09-03 21:01:30,2026-09-03 21:01:30,2026-09-05 03:17:08
678233,[Hazuki Kozue] Yuuwaku shitekuru Oshiego ni Risei ga Tamotanarenai Kateikyoushi no Hanashi,[葉月こずえ] 誘惑してくる教え子に理性が保たれない家庭教師の話,Yuuwaku shitekuru Oshiego ni Risei ga Tamotanarenai Kateikyoushi no Hanashi,japanese,,,doujinshi,original,,"handjob, tutor, lolicon, footjob, stockings, mosaic censorship, sole female, hazuki kozue",106,2026-09-03 21:08:21,2026-09-03 21:08:21,2026-09-05 03:17:19
678234,[M (Amano Ameno)] Obeya de Gikei no Niku Onaho ni   Ochita Kyonyuu Hitozuma  [Digital],[M (天野雨乃)] 汚部屋で義兄の肉オナホに堕ちた巨乳人妻 [DL版],Obeya de Gikei no Niku Onaho ni   Ochita Kyonyuu Hitozuma,japanese,amano ameno,,doujinshi,original,,"milf, big breasts, netorare, mosaic censorship, impregnation, sole female",36,2026-09-03 21:10:41,2026-09-03 21:10:41,2026-09-05 03:17:31
678235,[Full Pon Twintail (Omochi Nabe)] Osananajimi no Tomodachi to SEX Shinai to Derarenai Heya ni Tojikomerareta Hanashi,[フルポンツインテール (おもちなべ)] 幼馴染の友達とSEXしないと出られない部屋に閉じ込められた話,Osananajimi no Tomodachi to SEX Shinai to Derarenai Heya ni Tojikomerareta Hanashi,japanese,omochi nabe,full pon twintail,doujinshi,original,,"lolicon, full color, multi-work series, tanlines, tomboy, shotacon, sole female, sole male, pixie cut",20,2026-09-03 21:14:35,2026-09-03 21:14:35,2026-09-05 03:17:43
678236,"[Omusubidou (Egaki Numa)] Namaiki na Gal Ane o ""Ore Nari no Houhou"" de Wakaraseru Hanashi [Digital]",[おむすび堂 (江垣沼)] 生意気なギャル姉を『俺なりの方法』で分からせる話 [DL版],"Namaiki na Gal Ane o ""Ore Nari no Houhou"" de Wakaraseru Hanashi",japanese,egaki numa,,doujinshi,original,,"inseki, virginity, big breasts, unusual pupils, nakadashi, ahegao, sleeping, x-ray, defloration, incest, drunk, gyaru, rape, sister, collar, sole female, sole male, beauty mark",38,2026-09-03 21:22:19,2026-09-03 21:22:19,2026-09-05 03:17:54
678237,[Umour] Beit Saki no Yasashii Senpai wa Tenchou no Kaiinu deshita. ~Soshite Boka wa Senpai ni Kawareru~,[Umour] バイト先の優しい先輩は店長の飼い犬でした。〜そして僕は先輩に飼われる〜,Beit Saki no Yasashii Senpai wa Tenchou no Kaiinu deshita. ~Soshite Boka wa Senpai ni Kawareru~,japanese,,suinose,doujinshi,original,,"handjob, big breasts, gag, spanking, netorare, nakadashi, ahegao, anal, sex toys, dog girl, bondage, x-ray, blowjob, collar, sole female, tail plug, kemonomimi, petplay, netorase",46,2026-09-03 21:25:21,2026-09-03 21:25:21,2026-09-05 03:18:05
678238,[Naruchikukai (Naruchiku)] Teihen no Boku ga TS tta node Sensei to Dosukebe Sex o Yattemita [Chinese] [AI translate] [Digital],[なるちく会 (なるちく)] 底辺のボクがTSったのでせんせいとどすけべセックスをやってみた [中国翻訳]  [DL版],Teihen no Boku ga TS tta node Sensei to Dosukebe Sex o Yattemita,"translated, chinese",naruchiku,naruchikukai,doujinshi,original,,"big breasts, glasses, masturbation, schoolgirl uniform, nakadashi, multi-work series, paizuri, teacher, school swimsuit, blowjob, gender bender, muscle, sole female, sole male, ponytail, gender morph, rough translation, classroom",46,2026-09-03 21:28:30,2026-09-03 21:28:30,2026-09-05 03:18:16
678239,[Punyamochi Latte (Reni)] Shichou-sama ga Ecchi na Me ni Au Hon (Trickcal: Chibi Go),[ぷにゃもちラテ (れに)] 市長様がえっちな目にあう本 (トリッカル・もちもちほっぺ大作戦),Shichou-sama ga Ecchi na Me ni Au Hon,japanese,,,doujinshi,trickcal revive,elena,"elf, machine, midget, sex toys, lab coat, bondage, x-ray, full color, mosaic censorship, sole female, very long hair, clit stimulation, nipple stimulation, object insertion only",19,2026-09-03 21:29:55,2026-09-03 21:29:55,2026-09-05 03:18:28
678240,[Chotto B-sen] Toilet Shinnyuu Shota Kari Hentai Chijo Oba-san [Full Color-ban] (Chinese),[ちょっとB専]【フルカラー版】トイレ侵入シ○タ狩り変態痴女おばさん,Toilet Shinnyuu Shota Kari Hentai Chijo Oba-san,"translated, chinese",,chotto b-sen,doujinshi,original,,"milf, big breasts, full color, mosaic censorship, smalldom",31,2026-09-03 21:32:04,2026-09-03 21:32:04,2026-09-05 03:18:39
678241,[Ogino Satoshi] Megami no Road Racer | Goddess's Road Racer (COMIC Anthurium 2021-03) [English] [Digital] [Colorized],[オギノサトシ] 女神のロードレーサー (COMIC アンスリウム 2021年3月号) [英訳] [DL版] [カラー化],Megami no Road Racer | Goddess's Road Racer,"english, translated",ogino satoshi,,manga,,,"sweating, big breasts, big ass, nakadashi, full color, bike shorts, bodysuit, paizuri, tomboy, blowjob, big penis, sole female, sole male, pixie cut, gloves",25,2026-09-03 21:33:49,2026-09-03 21:33:49,2026-09-05 03:18:50
678242,[Crimson Respect (Fai)] Nan no Chikara mo Nai Ippanjin ni Ika Sareru Shisa Mashi Reikohen,[クリムゾンリスペクト (ふぁい)] なんの力もない一般人にイカされる退魔士 レイコ編,Nan no Chikara mo Nai Ippanjin ni Ika Sareru Shisa Mashi Reikohen,japanese,fai,,doujinshi,original,,"big breasts, miko, nakadashi, paizuri, mosaic censorship, rape, sole female, sole male, nipple stimulation",44,2026-09-03 21:36:46,2026-09-03 21:36:46,2026-09-05 03:19:02
678243,"[Showa Saishuu Sensen (Hanauna, J-san, Kutan)] Dosukebe Sister no Hansei Houshi Katsudo - THE ULTRA LEWD SISTER'S APOLOGETIC SERVICE [Chinese] [紫菜仙人个人汉化]  [Digital]",[昭和最終戦線 (はなうな、じぇいさん、九反)] ドスケベシスターの反省奉仕活動  [中国翻訳] [DL版],Dosukebe Sister no Hansei Houshi Katsudo - THE ULTRA LEWD SISTER'S APOLOGETIC SERVICE,"translated, chinese","hanauna, kutan",showa saishuu sensen,doujinshi,original,,"big breasts, nun, spanking, mmf threesome, group, enema, pasties, bestiality, nakadashi, anal, horse, latex, full color, masked face, multi-work series, low bestiality, inflation, double penetration, stockings, mosaic censorship, nose hook, large insertions, blowjob, piss drinking, kemonomimi, tail, rough translation",39,2026-09-03 21:44:35,2026-09-03 21:44:35,2026-09-05 03:19:13
678244,[a lonely tree frog runs away] How I discovered my boyfriend's American mom is a futanari Part 2 (MTL),[樹蛙孤逃] 關於我發現我男友的美籍媽媽是扶她2,How I discovered my boyfriend's American mom is a futanari Part 2,"english, translated",a lonely tree frog runs away,,doujinshi,original,,"futanari, big breasts, netorare, stomach deformation, cumflation, rough translation, dickgirl on female",34,2026-09-03 21:46:54,2026-09-03 21:46:54,2026-09-05 03:19:24
678245,[Nekoneko Panchu!] San shimai chōkyō yūgi shirīzu 【Mio-hen】『Mio wa reido ningyō』,[ネコネコ・パンチュッ! ] (ねこねこぱんちゅっ)三姉妹調教遊戯シリーズ【未緒編】『未緒は隷奴人形』,San shimai chōkyō yūgi shirīzu 【Mio-hen】『Mio wa reido ningyō』,japanese,nekoneko panchu,,doujinshi,original,,"bdsm, gag, piercing, enema, sex toys, bondage, lolicon, collar, slave",20,2026-09-03 21:50:50,2026-09-03 21:50:50,2026-09-05 03:19:35
678246,[Crimson] Taimashi Kaguya Jyoku if 3,[クリムゾン] 退魔士カグヤ辱if 3,Taimashi Kaguya Jyoku if 3,japanese,crimson,crimson,doujinshi,original,,"big breasts, nakadashi, exhibitionism, multi-work series, mosaic censorship, sole female, nipple stimulation",48,2026-09-03 21:54:17,2026-09-03 21:54:17,2026-09-05 03:19:46
678247,AI翻译-[タカスケ] アイズ・ヴァレンシュタインが悪い奴に捕まってぐちゃぐちゃにされちゃう話,,AI翻译-[タカスケ] アイズ・ヴァレンシュタインが悪い奴に捕まってぐちゃぐちゃにされちゃう話,"translated, chinese",takasuke,,doujinshi,dungeon ni deai o motomeru no wa machigatteiru darou ka,"aiz wallenstein, lefiya viridis","scat, torture, amputee, urination, snuff, bondage, full color, inflation, blood, guro, slave, unusual insertions, rough translation, vaginal birth",9,2026-09-03 21:56:25,2026-09-03 21:56:25,2026-09-05 03:19:57
678248,[Naruchikukai (Naruchiku)] Teihen no Boku ga TSutta node Yankee o Dosukebe Sex de Wakarasetemita [Chinese] [AI翻譯] [Digital],[なるちく会 (なるちく)] 底辺のボクがTSったのでヤンキーをどすけべセックスでわからせてみた [中国翻訳] [DL版],Teihen no Boku ga TSutta node Yankee o Dosukebe Sex de Wakarasetemita,"translated, chinese",naruchiku,naruchikukai,doujinshi,original,,"big breasts, mmf threesome, group, masturbation, schoolgirl uniform, nakadashi, dark skin, gyaru-oh, double penetration, bukkake, blowjob, gender bender, sole female, domination loss, very long hair, school gym uniform, gender morph, rough translation",64,2026-09-03 22:00:35,2026-09-03 22:00:35,2026-09-05 03:20:09
678249,[Toyasu Aina (Toyasu Aina)] Michi ni Mayottara Ryoutei? Datta (Love Live! Nijigasaki High School Idol Club) [Digital],[トヤスアイナ (十安愛七)] 道に迷ったら料亭?だった (ラブライブ! 虹ヶ咲学園スクールアイドル同好会) [DL版],Michi ni Mayottara Ryoutei? Datta,japanese,toyasu aina,toyasuaina,doujinshi,love live nijigasaki high school idol club,"karin asaka, ai miyashita","big breasts, group, nakadashi, ffm threesome, bunny girl, sole male, kemonomimi, ponytail",26,2026-09-03 22:02:21,2026-09-03 22:02:21,2026-09-05 03:20:20
678250,[Toyasu Aina (Toyasu Aina)] Michi ni Mayottara Ryoutei? Datta (Love Live! Nijigasaki High School Idol Club) [English] [YuushaNi] [Digital],[トヤスアイナ (十安愛七)] 道に迷ったら料亭?だった (ラブライブ! 虹ヶ咲学園スクールアイドル同好会) [英訳] [DL版],Michi ni Mayottara Ryoutei? Datta,"english, translated",toyasu aina,toyasuaina,doujinshi,love live nijigasaki high school idol club,"karin asaka, ai miyashita","big breasts, group, nakadashi, ffm threesome, bunny girl, paizuri, sole male, ponytail, multimouth blowjob",27,2026-09-03 22:04:07,2026-09-03 22:04:07,2026-09-05 03:20:31
678251,"[Cheeseyeast (Naka)] Slime Onee-san to Ikenai Ohanashi, Shimasho? [English] [MTL] [Digital]",[チーズ酵母 (なか)] スライムおねーさんとイケナイお話、しましょ? [英訳] [DL版],"Slime Onee-san to Ikenai Ohanashi, Shimasho?","english, translated",naka,cheeseyeast,doujinshi,original,,"big breasts, swimsuit, onahole, urethra insertion, monster girl, full censorship, ahegao, low lolicon, femdom, crossdressing, slime girl, tomgirl, school swimsuit, shotacon, kemonomimi, no penetration, rough translation",40,2026-09-03 22:11:25,2026-09-03 22:11:25,2026-09-05 03:20:42
678252,[Tequila (Shakujiirou)] Waka to Kojiro ga ore no ko o unde kureru hanashi (Nige Jouzu no Wakagimi),[Tequila (石神井楼)] 若と弧次郎が俺の子を産んでくれる話 (逃げ上手の若君),Waka to Kojiro ga ore no ko o unde kureru hanashi,japanese,shakujiirou,tequila,doujinshi,nige jouzu no wakagimi | the elusive samurai,"tokiyuki hojo, kojiro nezu","pregnant, group, milking, nakadashi, ahegao, anal, phimosis, x-ray, males only, yaoi, lactation, tomgirl, impregnation, blowjob, shotacon, ponytail, pixie cut, small penis, mmm threesome, very long hair, mesuiki, anal intercourse, nipple stimulation",25,2026-09-03 22:16:39,2026-09-03 22:16:39,2026-09-05 03:20:54
678253,[Tempest (Yamamoto fcn)] Bishoujo Elf ni Natta node Tanoshiku Ikiteiku [Chinese] [AI翻譯] [Digital],[Tempest (山本fcn)] 美少女エルフになったので楽しく生きていく [中国翻訳] [DL版],Bishoujo Elf ni Natta node Tanoshiku Ikiteiku,"translated, chinese",yamamoto fcn,tempest,doujinshi,original,,"elf, big breasts, masturbation, lactation, gender bender, tentacles, sole female, rough translation",30,2026-09-03 22:22:51,2026-09-03 22:22:51,2026-09-05 03:21:05
678254,(C107) [Kiiroi Nakama (KIIROMARU)] Boku no MK wa Chiisakute Kawaii (VOCALOID) [English] [DAJI's TLs + MezuraHonyaku],(C107) [きいろいなかま (きいろまる)] 僕のMKはちいさくて可愛い (VOCALOID) [英訳],Boku no MK wa Chiisakute Kawaii,"english, translated",kiiromaru,,doujinshi,vocaloid,miku hatsune,"nakadashi, lolicon, sole female, sole male, twintails, very long hair",23,2026-09-03 22:27:34,2026-09-03 22:27:34,2026-09-05 03:21:16
678255,[Ahemaru] kitsune to hoshi,[あへ丸] キツネとホシ,kitsune to hoshi,japanese,ahemaru,,doujinshi,hololive,"shirakami fubuki, hoshimachi suisei","squirting, kissing, females only, masturbation, sex toys, yuri, fox girl, kemonomimi, tail, multiple orgasms",58,2026-09-03 22:38:12,2026-09-03 22:38:12,2026-09-05 03:21:28
678256,[roruri] The Old Hag Who Got Manipulated is So Cute [English],[ろるり] 操作されちゃうババァ可愛いね [英訳],The Old Hag Who Got Manipulated is So Cute,"english, translated",roruri,,doujinshi,hunter x hunter,biscuit krueger,"bandages, sex toys, bondage, lolicon, mind control, collar, sole female, sole male, tail plug, clamp, gloves",8,2026-09-03 22:39:00,2026-09-03 22:39:00,2026-09-05 03:21:39
678257,[Butter Margerine] Makima controlled,,Makima controlled,"english, translated",buttermargarin,,doujinshi,chainsaw man,makima,"big breasts, big ass, mind control, big areolae, lingerie, rough translation",4,2026-09-03 22:39:24,2026-09-03 22:39:24,2026-09-05 03:21:50
678258,じゅんかんみるく,,じゅんかんみるく,"english, translated",oohira sunset,mata ashita.,doujinshi,azur lane,cowpens,"big breasts, huge breasts, scanmark, rough translation",26,2026-09-03 22:41:17,2026-09-03 22:41:17,2026-09-05 03:22:01
678259,[Hyoui Lover (Duokuma)] GakuMas: Asari-sensei Nottori | Gakumas: Asari Sensei Possession (Gakuen IDOLM@STER) [English],[憑依好きの人 (Duokuma)] 学マス あさり先生乗っ取り (学園アイドルマスター) [英語],GakuMas: Asari-sensei Nottori | Gakumas: Asari Sensei Possession,english,duokuma,hyoui lover,doujinshi,the idolmaster,asari neo,"big breasts, glasses, masturbation, nakadashi, ahegao, mind control, possession, mind break, blowjob, gender bender",14,2026-09-03 22:42:46,2026-09-03 22:42:46,2026-09-05 03:22:13
678260,Retro Quiz Show! You Have to Strip When You Get an Answer Wrong!,負けたら裸!昭和のクイズ番組!,Retro Quiz Show! You Have to Strip When You Get an Answer Wrong!,japanese,,dokusai switch,doujinshi,original,,"artistcg, clothed male nude female",242,2026-09-03 22:57:05,2026-09-03 22:57:05,2026-09-05 03:22:24
678261,[Kaisen Donburi] Ninki Josei Haishinsha Moto Kare ni Choukyou Sare Doujin AV Shutsuen | 高人气女主播被前男友调教后同人AV出演 [Chinese] [MC基佬个人汉化],[かいせんどんぶり] 人気女性配信者元カレに調教され同人AV出演 [中国翻訳],Ninki Josei Haishinsha Moto Kare ni Choukyou Sare Doujin AV Shutsuen | 高人气女主播被前男友调教后同人AV出演,"translated, chinese",kaisen donburi,,doujinshi,original,,"squirting, big breasts, ahegao, dark skin, full color, filming, rough translation",51,2026-09-03 23:00:29,2026-09-03 23:00:29,2026-09-05 03:22:35
678262,Futanari no Elf {english} Chapter 44 part 3,,Futanari no Elf {english} Chapter 44 part 3,japanese,kawakami masaki,,doujinshi,original,,"futanari, elf, big ass, anal, big penis, butt plug",11,2026-09-03 23:01:25,2026-09-03 23:01:25,2026-09-05 03:22:47
678263,[eriko] Sayonara Flower Petal - Chapter 1-7 (ENGLISH),[えり子] さよならフラワーペタル,Sayonara Flower Petal - Chapter 1-7,"english, translated",eriko,,manga,,,"story arc, breast feeding, prostitution, harem, multi-work series, filming",184,2026-09-03 23:12:45,2026-09-03 23:12:45,2026-09-05 03:22:58
678264,[Kimagure na Bakeneko (Jenigata)] Ubawareta Jinsei mo Otoko no Jishin mo Koigokoro mo Torimodoshite Saikyou Konyakusha-tachi to Sekai o Meguru Boukentan e [Chinese] [路过的骑士汉化组] [Digital],[ミニチュアキマイラ1/24 (J-2型)] 奪われた人生も男の自信も恋心もとりもどして最強婚約者達と世界を巡る冒険譚へ [中国翻訳] [DL版],Ubawareta Jinsei mo Otoko no Jishin mo Koigokoro mo Torimodoshite Saikyou Konyakusha-tachi to Sekai o Meguru Boukentan e,"translated, chinese",jenigata,kimagure na bakeneko,doujinshi,original,,"squirting, milf, kissing, virginity, big breasts, bbw, witch, big nipples, group, big ass, nakadashi, huge breasts, blowjob face, ffm threesome, femdom, pubic stubble, x-ray, defloration, big areolae, stockings, gaping, fingering, tall girl, blowjob, shotacon, sole male, closed eyes, multimouth blowjob, nipple stimulation",65,2026-09-03 23:25:02,2026-09-03 23:25:02,2026-09-05 03:23:09
678265,(成年コミック) [pastime774] ユニークジョブ【種付けおじさん】を獲得しました 1-12[無修正]中文,(成年コミック) [pastime774] ユニークジョブ【種付けおじさん】を獲得しました 1-12[無修正]中文,ユニークジョブ【種付けおじさん】を獲得しました 1-12[無修正]中文,"translated, chinese",pastime774,,manga,,,"kissing, big breasts, nun, garter belt, swimsuit, unusual pupils, group, uncensored, nakadashi, ahegao, blowjob face, ffm threesome, harem, thigh high boots, bikini, x-ray, footjob, mind control, multi-work series, lactation, stockings, bride, small breasts, lingerie, dilf, tomboy, blowjob, big penis, blindfold, collar, first person perspective, bbm, deepthroat, sole male, bald, beauty mark, ponytail, gloves, domination loss",303,2026-09-03 23:43:46,2026-09-03 23:43:46,2026-09-05 03:23:20
678266,(成年コミック) [pastime774] ユニークジョブ【種付けおじさん】を獲得しました 1-12[無修正] 日文,(成年コミック) [pastime774] ユニークジョブ【種付けおじさん】を獲得しました 1-12[無修正] 日文,ユニークジョブ【種付けおじさん】を獲得しました 1-12[無修正] 日文,japanese,pastime774,,manga,,,"uncensored, gloves",303,2026-09-04 00:02:47,2026-09-04 00:02:47,2026-09-05 14:00:18
678267,[Peach Candy (Yukie)] Toshishita no Osananajimi wa Boku to Benkyoukai ga Shitai  [Chinese] [Digital],[Peach Candy (ゆき恵)] 年下の幼なじみは僕と勉強会がしたい  [中国翻訳] [DL版],Toshishita no Osananajimi wa Boku to Benkyoukai ga Shitai,"translated, chinese",yukie,peach candy,doujinshi,original,,"big breasts, full color, sole female, sole male",20,2026-09-04 00:04:27,2026-09-04 00:04:27,2026-09-05 14:00:30
678268,[Mimonel] Shinkai-kei Joshi to Genjitsu Touhi-kks [DeppoTL],[ミモネル] 深海系女子と現実逃避ックス♥,Shinkai-kei Joshi to Genjitsu Touhi-kks,"english, translated",mimonel,,doujinshi,original,,"unusual teeth, big breasts, masturbation, nakadashi, full color, mermaid, big clit, sole female, sole male, cumflation, eye-covering bang",7,2026-09-04 00:05:06,2026-09-04 00:05:06,2026-09-05 14:00:41
678269,[Handful☆Happiness! (Nanahara Fuyuki)] SECRET DEBRIEFING [English] [Digital] [MikeBottleson],[Handful☆Happiness! (Nanahara Fuyuki)] SECRET DEBRIEFING [English] [Digital] [MikeBottleson],SECRET DEBRIEFING,"english, translated",nanahara fuyuki,handful happiness,doujinshi,original,,uncensored,51,2026-09-04 00:08:22,2026-09-04 00:08:22,2026-09-05 14:00:52
678270,[Handful☆Happiness! (Nanahara Fuyuki)] SECRET DEBRIEFING  [Decensored] [Digital],[Handful☆Happiness! (七原冬雪)] SECRET DEBRIEFING   [無修正]  [DL版],SECRET DEBRIEFING,"japanese, translated",nanahara fuyuki,handful happiness,doujinshi,original,,"big breasts, machine, uncensored, ahegao, bondage",51,2026-09-04 00:11:33,2026-09-04 00:11:33,2026-09-05 14:01:04
678271,[Handful☆Happiness! (Nanahara Fuyuki)] SECRET DEBRIEFING [Chinese] [无毒汉化组] [Decensored] [Digital],[Handful☆Happiness! (七原冬雪)] SECRET DEBRIEFING [中国翻訳] [無修正] [DL版],SECRET DEBRIEFING,"translated, chinese",nanahara fuyuki,handful happiness,doujinshi,original,,"squirting, bdsm, kissing, big breasts, corruption, spanking, machine, uncensored, big ass, breast feeding, body modification, prostitution, ahegao, sex toys, bondage, thigh high boots, mind control, multi-work series, stockings, mind break, leotard, big clit, blindfold, clit growth, slave, sole female, pixie cut, gloves, exposed clothing, clit stimulation, nipple stimulation",51,2026-09-04 00:14:56,2026-09-04 00:14:56,2026-09-05 14:01:15
678272,[Aomizuan (Ohkami Ryosuke)] Shitate ni wa Denai kedo Chinko ni wa Yowai Gyaru-chan to Kyokon Otaku! | 虽然不会低声下气但对肉棒毫无抵抗力的辣妹与巨根宅男 [Chinese] [ひなの雄叫び] [Digital],[青水庵 (狼亮輔)] 下手(したて)には出ないけどチンコには弱いギャルちゃんと巨根オタク [中国翻訳] [DL版],Shitate ni wa Denai kedo Chinko ni wa Yowai Gyaru-chan to Kyokon Otaku! | 虽然不会低声下气但对肉棒毫无抵抗力的辣妹与巨根宅男,"translated, chinese",ohkami ryosuke,aomizuan,doujinshi,original,,"kissing, big breasts, big ass, schoolgirl uniform, nakadashi, ahegao, x-ray, gyaru, paizuri, blowjob, big penis, sole female, sole male, twintails, very long hair",75,2026-09-04 00:19:51,2026-09-04 00:19:51,2026-09-05 14:02:32
678273,Love Maid -Yasashikute Amaama na Kyonyuu Ero Maid San to SEX Shimakuru Ohanashi-,[Flock Blue (Blue_Gk)] ラブメイド -優しくてあまあまな巨乳エロメイドさんとセックスしまくるお話- [中国翻訳] [DL版],Love Maid -Yasashikute Amaama na Kyonyuu Ero Maid San to SEX Shimakuru Ohanashi-,"translated, chinese",blue gk,flock blue,doujinshi,original,,"maid, squirting, sweating, kissing, big breasts, garter belt, uncensored, big ass, ahegao, femdom, hairy, defloration, full color, big areolae, stockings, lingerie, sole female, sole male, gloves, exposed clothing, smalldom, high heels",70,2026-09-04 00:24:09,2026-09-04 00:24:09,2026-09-05 14:02:44
678274,[Haitoku Sensei] 【 sousyuu henn】 hai toku sensei 10 nen bunn no bosi soukann [Chinese] [Incomplete],[はいとく先生] 【総集編】はいとく先生 10年分の母子相姦 [中国翻訳] [ページ欠落],【 sousyuu henn】 hai toku sensei 10 nen bunn no bosi soukann,"translated, chinese",haitoku sensei,,doujinshi,original,,"mother, incest",426,2026-09-04 01:41:24,2026-09-04 01:41:24,2026-09-05 14:02:55
678275,[Kurosawa pict (Kurosawa Yuri)] Otona ni Naru made Matenai [Chinese] [山嵐个人汉化] [Digital],[黒澤pict (黒澤ユリ)] 大人になるまでまてない [中国翻訳] [DL版],Otona ni Naru made Matenai,"translated, chinese",kurosawa kiyotaka,kurosawa pict,doujinshi,original,,"kissing, big breasts, nakadashi, x-ray, incest, paizuri, mosaic censorship, sister, blowjob, sole female, sole male",29,2026-09-04 01:46:50,2026-09-04 01:46:50,2026-09-05 14:03:06
678276,[熱々蜜柑 (ヌクヌクオレンジ)] 女聖騎士と魔恨の呪い,[熱々蜜柑 (ヌクヌクオレンジ)] 女聖騎士と魔恨の呪い,女聖騎士と魔恨の呪い,japanese,nukunuku orange,atsuatsu mikan,doujinshi,original,,"futanari, scat, big breasts, chastity belt, urethra insertion, ahegao, anal, phimosis, big balls, breast expansion, big areolae, orgasm denial, mind break, big clit, big penis, cock ring, full-packaged futanari, penis enlargement",39,2026-09-04 01:49:38,2026-09-04 01:49:38,2026-09-05 14:03:18
678277,[Ojopie Sentimental (Ojo)] NTR-Sexersise [Chinese] [ฅ(⌯͒• ɪ •⌯͒)ฅ 軟萌獸譯] [Digital],[おじょぱいセンチメンタル (おじょ)] ネトラレセクサさいず [中国翻訳] [DL版],NTR-Sexersise,"translated, chinese",ojo,ojopie sentimental,doujinshi,original,,"squirting, milf, big breasts, bbw, netorare, cheating, coach, nakadashi, ahegao, dark skin, gyaru-oh, bodysuit, gokkun, fingering, rape, blowjob, deepthroat, sole female",33,2026-09-04 01:55:47,2026-09-04 01:55:47,2026-09-05 14:03:29
678278,[Kutsugen Kanna] Ninja Bakumaru Rival to Waza Kurabe!,[屈原神無] 忍者缚丸 ライバルと技比べ!,Ninja Bakumaru Rival to Waza Kurabe!,japanese,kutsugen kanna,,doujinshi,original,,"ninja, kunoichi",17,2026-09-04 01:57:12,2026-09-04 01:57:12,2026-09-05 14:04:43
678279,[Kutsugen Kanna] Asamiya Athena de Fan to no Ura Kouryuukai (The King of Fighters),[屈原神無] 麻宮アテナでファンとの裏交流会 (ザ・キング・オブ・ファイターズ),Asamiya Athena de Fan to no Ura Kouryuukai,japanese,kutsugen kanna,,doujinshi,king of fighters,athena asamiya,"schoolgirl uniform, nakadashi, phimosis, defloration, full color, bbm, sole female, sole male, gloves",8,2026-09-04 01:57:55,2026-09-04 01:57:55,2026-09-05 14:04:55
678280,(C107) [Yoruflower (Kayo)] Feather shiko (CHUNITHM),(C107) [Yoruflower (花夜)] Feather shiko   (チュウニズム),Feather shiko,japanese,kayo,,doujinshi,chunithm,sky feather,"nakadashi, dark skin, x-ray, full color, small breasts, mosaic censorship, sole female, headphones",18,2026-09-04 01:59:12,2026-09-04 01:59:12,2026-09-05 14:05:06
678281,[Kutsugen Kanna] Issho ga Ii no (Kantai Collection -KanColle-),[屈原神無] 一緒がいいの❤ (艦隊これくしょん -艦これ-),Issho ga Ii no,japanese,kutsugen kanna,,doujinshi,kantai collection,"teitoku, ryuuhou","nakadashi, hairy, defloration, full color, sole female, sole male",10,2026-09-04 02:00:02,2026-09-04 02:00:02,2026-09-05 14:05:17
678282,[Mikouken 2nd (Kutsugen Kanna)] Skeb Matome Saihenshuu (Kantai Collection -KanColle-),[味巧軒2nd (屈原神無)] skebまとめ再編集 (艦隊これくしょん -艦これ-),Skeb Matome Saihenshuu,japanese,kutsugen kanna,,doujinshi,kantai collection,"fumizuki, teitoku, satsuki, kagerou, kisaragi, mutsuki, teruzuki, yayoi, uzuki, hatsuzuki, oyashio, warspite, asakaze, suzutsuki, helena, fuyutsuki","urination, hairy, full color, blowjob, soushuuhen",52,2026-09-04 02:03:08,2026-09-04 02:03:08,2026-09-05 14:05:28
678283,[Mikouken 2nd (Kutsugen Kanna)] Skeb Matome Saihenshuu 2 (Kantai Collection -KanColle-),[味巧軒2nd (屈原神無)] skebまとめ再編集2 (艦隊これくしょん -艦これ-),Skeb Matome Saihenshuu 2,japanese,kutsugen kanna,,doujinshi,kantai collection,"yamato, bismarck, teitoku, suzuya, ryuuhou, sagiri, hatakaze, hornet","swimsuit, urination, fingering, omorashi, soushuuhen",48,2026-09-04 02:06:17,2026-09-04 02:06:17,2026-09-05 14:05:39
678284,[Kutsugen Kanna] Natsu no Owakare,[屈原神無] 夏のお別れ,Natsu no Owakare,japanese,kutsugen kanna,,doujinshi,original,,"swimsuit, kimono, bikini, sole female, sole male",19,2026-09-04 02:07:36,2026-09-04 02:07:36,2026-09-05 14:06:53
678285,[Kutsugen Kanna] Koi no First Step,[屈原神無] 恋のファースト・ステップ,Koi no First Step,japanese,kutsugen kanna,,doujinshi,original,,"sole female, sole male, pixie cut",20,2026-09-04 02:08:58,2026-09-04 02:08:58,2026-09-05 14:07:04
678286,[Kutsugen Kanna] Blind Love,[屈原神無] ブラインド・ラブ,Blind Love,japanese,kutsugen kanna,,doujinshi,original,,"glasses, nakadashi, hairy, bloomers, sole female, sole male",20,2026-09-04 02:10:22,2026-09-04 02:10:22,2026-09-05 14:07:15
678287,[Mikouken 2nd (Kutsugen Kanna)] Skeb Matome Saihenshuu 3 (Various),[味巧軒2nd (屈原神無)] skebまとめ再編集3 (よろず),Skeb Matome Saihenshuu 3,japanese,kutsugen kanna,,doujinshi,"girl friend beta, mirmo de pon, comic party, fate grand order, compass, love live nijigasaki high school idol club, venus eleven vivid, wixoss diva a live","mizuki takase, kaede minami, isuzu shiranui, saint martha, ai miyashita, ririka, akino onko","transformation, magical girl, full color, small breasts, nudity only, ponytail, twintails, soushuuhen, very long hair",94,2026-09-04 02:16:32,2026-09-04 02:16:32,2026-09-05 14:07:26
678288,[Mikouken 2nd (Kutsugen Kanna)] Skeb Matome Saihenshuu 4 (Various),[味巧軒2nd (屈原神無)] skebまとめ再編集4 (よろず),Skeb Matome Saihenshuu 4,japanese,kutsugen kanna,,doujinshi,"girl friend beta, the idolmaster, lucky star, battle girl high school, tokyo mew mew | mew mew power, dig delight direct drive dj, venus eleven vivid","tsukasa hiiragi, kei asami, kokomi shiina, ichigo momomiya, chiyoko sonoda, amana osaki, esora shimizu","wings, transformation, miko, magical girl, demon girl, dark skin, full color, nudity only, ponytail, twintails, horns, tail, hair buns, soushuuhen",49,2026-09-04 02:19:46,2026-09-04 02:19:46,2026-09-05 14:07:38
678289,[Kutsugen Kanna] Haruna ga Crazy Zenra Jujitsu Doujou o Korashimeru (Kantai Collection -KanColle-),[屈原神無] 榛名がクレイジー全裸柔術道場を懲らしめる (艦隊これくしょん -艦これ-),Haruna ga Crazy Zenra Jujitsu Doujou o Korashimeru,japanese,kutsugen kanna,,doujinshi,kantai collection,haruna,"hairy, exhibitionism, wrestling, blowjob, sole female, no penetration",9,2026-09-04 02:20:32,2026-09-04 02:20:32,2026-09-05 14:07:49
678290,[Kutsugen Kanna] Henshin Magic Guardian Amana (THE iDOLM@STER: Shiny Colors),[屈原神無] 変身マジック☆ガーディアン甘奈 (アイドルマスター シャイニーカラーズ),Henshin Magic Guardian Amana,japanese,kutsugen kanna,,doujinshi,the idolmaster,amana osaki,"magical girl, sole female, nudity only",6,2026-09-04 02:21:07,2026-09-04 02:21:07,2026-09-05 14:09:03
678291,[Kutsugen Kanna] Succubus Onna Kanbu,[屈原神無] サキュバス女幹部,Succubus Onna Kanbu,japanese,kutsugen kanna,,doujinshi,original,,"wings, transformation, big breasts, masturbation, demon girl, solo action, dark skin, sole female, dark sclera, horns, tail",13,2026-09-04 02:22:14,2026-09-04 02:22:14,2026-09-05 14:09:14
678292,[Kutsugen Kanna] Otokonoko ga Onnanoko ni TSF Henshin,[屈原神無] 男の子が女の子にTSF変身,Otokonoko ga Onnanoko ni TSF Henshin,japanese,kutsugen kanna,,doujinshi,original,,"full color, sole female, nudity only, gender morph, gender change",5,2026-09-04 02:22:51,2026-09-04 02:22:51,2026-09-05 14:09:26
678293,[1102 (Ruka)] セッちゃんが俺の誕生日を全力でお祝いしてくれる本 (Ensemble Stars!),[1102 (瑠夏)] セッちゃんが俺の誕生日を全力でお祝いしてくれる本 (あんさんぶるスターズ！),セッちゃんが俺の誕生日を全力でお祝いしてくれる本,japanese,ruka,1102,doujinshi,ensemble stars,"izumi sena, ritsu sakuma","handjob, males only, yaoi, no penetration, nipple stimulation",66,2026-09-04 02:27:31,2026-09-04 02:27:31,2026-09-05 14:09:37
678294,[Yo-Metdo (Yasakani An)] Tonari no Chichiou-sama Memories Vol. 3 (Fate/Grand Order) [Digital],[妖滅堂 (ヤサカニ・アン)] となりの乳王さま Memories Vol.3 (Fate/Grand Order) [DL版],Tonari no Chichiou-sama Memories Vol. 3,japanese,yasakani an,yo-metdo,doujinshi,fate grand order,"shirou emiya, artoria pendragon","big breasts, compilation, big ass, pantyhose, paizuri, bukkake, leotard, blowjob, sole female, sole male, soushuuhen",175,2026-09-04 02:38:47,2026-09-04 02:38:47,2026-09-05 14:09:48
678295,[1102 (Ruka)] みずいらず。 (Ensemble Stars!),[1102 (瑠夏)] みずいらず。 (あんさんぶるスターズ！),みずいらず。,japanese,ruka,1102,doujinshi,ensemble stars,"izumi sena, ritsu sakuma","handjob, kissing, nakadashi, anal, kimono, x-ray, males only, yaoi, anal intercourse, nipple stimulation",81,2026-09-04 02:44:38,2026-09-04 02:44:38,2026-09-05 14:09:59
678296,[Dragonstorm (Otogi Tetsurou)] Nandakanda Yasashii Kuro Gal Yankee Ryuuko-Chan [Chinese] [廉价汉化组] [Digital],[ドラゴンストーム (おとぎてつろう)] なんだかんだ優しい黒ギャルヤンキーリューコちゃん [中国翻訳] [DL版],Nandakanda Yasashii Kuro Gal Yankee Ryuuko-Chan,"translated, chinese",otogi tetsurou,dragonstorm,doujinshi,original,,"kissing, big breasts, bbw, big ass, nakadashi, ahegao, huge breasts, blowjob face, dark skin, x-ray, defloration, big areolae, paizuri, blowjob, big penis, bbm, sole female, sole male",28,2026-09-04 02:50:09,2026-09-04 02:50:09,2026-09-05 14:11:13
678297,[Misaki (Kanekokun)] Ochinchin ni Toritsuita Akuryou o Oidasu Tame ni Shikatanaku Shounen to Oharaiecchi o Shimasu,[三崎 (かねこくん)] おちんちんに取り憑いた悪霊を追い出すために仕方なく少年とお祓いえっちをします,Ochinchin ni Toritsuita Akuryou o Oidasu Tame ni Shikatanaku Shounen to Oharaiecchi o Shimasu,japanese,kanekokun,misaki,doujinshi,original,,"big breasts, miko, nakadashi, big penis, shotacon, sole female, sole male, beauty mark, closed eyes",62,2026-09-04 03:01:28,2026-09-04 03:01:28,2026-09-05 14:11:24
678298,[Sorabluesky] Futanari Girl [English] [Ongoing],,Futanari Girl,english,sorabluesky,,doujinshi,original,,"futanari, nakadashi, x-ray, tanlines, blowjob, sole female, sole dickgirl, dickgirl on female",27,2026-09-04 03:03:23,2026-09-04 03:03:23,2026-09-05 14:11:35
678299,[Kaeru Meet (Koyado Keroyon)] Hisashiburi ni Atta Ani ni Yokujou suru no wa Ani ga Eroi Sei dakara Ore wa Burakon ja Nai [Digital],[カエルミート (鈷矢毒けろよん)] 久しぶりに逢った兄に欲情するのは兄がエロいせいだから俺はブラコンじゃない [DL版],Hisashiburi ni Atta Ani ni Yokujou suru no wa Ani ga Eroi Sei dakara Ore wa Burakon ja Nai,japanese,koyado keroyon,,doujinshi,original,,"anal, brother, dark skin, males only, yaoi, stockings, tomgirl",37,2026-09-04 03:05:46,2026-09-04 03:05:46,2026-09-05 14:11:47
678300,(C107) [Nekokan (yukitsubaki)] Setsuna Mon Kaimon Daa!!2 (O.N.G.E.K.I.),(C107) [ねこかん (雪椿)] セツナ門開門だァ！！2 (オンゲキ),Setsuna Mon Kaimon Daa!!2,japanese,"nekokan, yukitsubaki",nekokan,doujinshi,ongeki,setsuna sumeragi,"anal, sex toys, sole female, sole male, focus anal",22,2026-09-04 03:07:35,2026-09-04 03:07:35,2026-09-05 14:11:58
678301,[BLACK DOG (Kuroinu Juu)] Mami no Meikyuu 2 Leskko Boukensha Hen [Chinese] [甜族星人赞助汉化] [Decensored] [Digital],[BLACK DOG (黒犬獣)] 魔魅の迷宮2 レズっ子冒険者編 [中国翻訳] [無修正] [DL版],Mami no Meikyuu 2 Leskko Boukensha Hen,"translated, chinese",kuroinu juu,black dog,doujinshi,original,,"elf, big breasts, swimsuit, group, uncensored, nakadashi, ffm threesome, dark skin, bikini, defloration, multi-work series, out of order, sole male, bisexual, gloves",47,2026-09-04 03:10:34,2026-09-04 03:10:34,2026-09-05 14:12:09
678302,[Kouchaya (Ootsuka Kotora)] Gal Musume ga Chichioya to no Aijoux 4 [Digital],[紅茶屋 (大塚子虎)] ギャル娘が父親との愛情ックス4 [DL版],Gal Musume ga Chichioya to no Aijoux 4,japanese,ootsuka kotora,kouchaya,doujinshi,original,,"big breasts, nakadashi, anal, dark skin, multi-work series, incest, gyaru, dilf, daughter, sole female, sole male, anal intercourse",39,2026-09-04 03:17:20,2026-09-04 03:17:20,2026-09-05 14:13:23
678303,[MILK STANDARD (Shinichi)] Muchi de Muboubi de Muteikou na Osananajimi [Digital],[MILK STANDARD (しんいち)] 無知で無防備で無抵抗な幼なじみ [DL版],Muchi de Muboubi de Muteikou na Osananajimi,japanese,shinichi,milk standard,doujinshi,original,,"big breasts, unusual pupils, nakadashi, ahegao, huge breasts, blowjob face, lolicon, big areolae, lactation, oppai loli, inverted nipples, blowjob, randoseru, stomach deformation, sole female, sole male",24,2026-09-04 03:22:13,2026-09-04 03:22:13,2026-09-05 14:13:35
678304,"[Toyasuaina (Toyasu Aina)] Koibito Gokko to Honki no Ondo - Pretend Contract, Real Heat (Gakuen IDOLM@STER) [Digital]",[トヤスアイナ (十安愛七)] 恋人契約と本気の温度 (学園アイドルマスター) [DL版],"Koibito Gokko to Honki no Ondo - Pretend Contract, Real Heat",japanese,toyasu aina,toyasuaina,doujinshi,the idolmaster,rinami himesaki,"big breasts, sole female, sole male",32,2026-09-04 03:24:26,2026-09-04 03:24:26,2026-09-05 14:13:46
678305,[駄肉本舗] 近親相姦ママババコウビ,[駄肉本舗] 近親相姦ママババコウビ,近親相姦ママババコウビ,japanese,,acesulfame kei,doujinshi,original,,"big breasts, huge breasts",34,2026-09-04 03:26:50,2026-09-04 03:26:50,2026-09-05 14:13:58
678306,[Sakura Garden (Shirosuzu)] Hokomi 0-en Backstage (Sono Bisque Doll wa Koi o Suru) [Digital],[さくらがーでん (しろすず)] ホ込み0円バックステージ (その着せ替え人形は恋をする) [DL版],Hokomi 0-en Backstage,japanese,shirosuzu,sakura garden,doujinshi,sono bisque doll wa koi o suru | my dress-up darling,"marin kitagawa, wakana gojou, sajuna inui","ffm threesome, multi-work series, gyaru, filming, sole male, soushuuhen, nipple stimulation",82,2026-09-04 03:32:22,2026-09-04 03:32:22,2026-09-05 14:14:09
678307,[Sakura Garden (Shirosuzu)] Hokomi 0-en Off-pako Haishinchuu (Sono Bisque Doll wa Koi o Suru) [Digital],[さくらがーでん (しろすず)] ホ込み0円オフパコ配信中 (その着せ替え人形は恋をする) [DL版],Hokomi 0-en Off-pako Haishinchuu,japanese,shirosuzu,sakura garden,doujinshi,sono bisque doll wa koi o suru | my dress-up darling,"marin kitagawa, wakana gojou, sajuna inui","ffm threesome, multi-work series, gyaru, sole male, nipple stimulation",32,2026-09-04 03:34:33,2026-09-04 03:34:33,2026-09-05 14:14:20
678308,[HeMeLoPa (Yamada Shiguma)] Kabe no Naka de xxx [Digital],[HeMeLoPa (山田シグ魔)] 壁のナカで××× [DL版],Kabe no Naka de xxx,japanese,yamada shiguma,hemelopa,doujinshi,original,,"big breasts, anal, stuck in wall",30,2026-09-04 03:36:36,2026-09-04 03:36:36,2026-09-05 14:14:31
678309,[Beruennea (Skylader)] Jimi na Ano Ko ni Tada Osowaretai 3 [Digital],[ベルエンネーア (すかいれーだー)] 地味なあの子にただ襲われたい3 [DL版],Jimi na Ano Ko ni Tada Osowaretai 3,japanese,skylader,beruennea,doujinshi,original,,"big breasts, group, huge breasts, ffm threesome, multi-work series, sole male, beauty mark, eye-covering bang",50,2026-09-04 03:39:48,2026-09-04 03:39:48,2026-09-05 14:15:45
678310,"[Kokemomo] Chikubi Yowayowa na Oshi VTuber no Yowami o Nigitta node, Haishinchuu ni Itazura shitemita!",[こけもも] 乳首よわよわな推しVtuberの弱みを握ったので、配信中にイタズラしてみた!,"Chikubi Yowayowa na Oshi VTuber no Yowami o Nigitta node, Haishinchuu ni Itazura shitemita!",japanese,kokemomo,kokemomo,doujinshi,original,,"sole female, sole male, vtuber, nipple stimulation",56,2026-09-04 03:43:27,2026-09-04 03:43:27,2026-09-05 14:15:56
678311,[HELLTER SKELTER (kaiga)] Sennou Appli de Seidorei Ningyou ~Hitozuma Danchi Hen~,[HELLTER SKELTER (kaiga)] 洗脳アプリで性奴隷人形〜人妻団地編〜,Sennou Appli de Seidorei Ningyou ~Hitozuma Danchi Hen~,japanese,kaiga,hellter skelter,doujinshi,original,,"milf, big breasts, netorare, mind control, full color, sole male",38,2026-09-04 03:46:06,2026-09-04 03:46:06,2026-09-05 14:16:07
678312,[Ooide-kun] Suunenburi ni Saikai shita Oba to no Hanashi,[オーイデくん] 数年ぶりに再会した叔母との話,Suunenburi ni Saikai shita Oba to no Hanashi,japanese,ooide-kun,,doujinshi,original,,"big breasts, nakadashi, incest, aunt, sole female, sole male, beauty mark, ponytail",68,2026-09-04 03:59:00,2026-09-04 03:59:00,2026-09-05 14:16:18
678313,[Esora note (Majima Shiroyuki)] HURARETADANSHI GA ZETURINDATTA HANASHI [Digital],[エソラnote (間島白幸)] フられた男子が絶倫だった話 [DL版],HURARETADANSHI GA ZETURINDATTA HANASHI,japanese,majima shiroyuki,esora note,doujinshi,original,,"schoolgirl uniform, sole female, sole male",40,2026-09-04 04:01:41,2026-09-04 04:01:41,2026-09-05 14:16:30
678314,[Kuruto] Kirimusubi,[くると] 切結び,Kirimusubi,japanese,,kuruto,doujinshi,original,,"milf, big breasts, story arc, mother, incest, impregnation, sole female, sole male, ponytail",80,2026-09-04 04:15:50,2026-09-04 04:15:50,2026-09-05 14:16:41
678315,[Ougi Yuzuha] Julia ga Kubittake︱树里亚的为爱痴狂 [Chinese][第1卷],[扇ゆずは] ジュリアが首ったけ︱樹里亞的為愛痴狂 [Chinese][第1卷],Julia ga Kubittake︱树里亚的为爱痴狂,"translated, chinese",ougi yuzuha,,manga,,,"multi-work series, males only, tankoubon, yaoi, watermarked",203,2026-09-04 04:29:30,2026-09-04 04:29:30,2026-09-05 14:16:52
678316,[Ougi Yuzuha] Julia ga Kubittake︱树里亚的为爱痴狂 [Chinese][第2卷],[扇ゆずは] ジュリアが首ったけ︱樹里亞的為愛痴狂 [Chinese][第2卷],Julia ga Kubittake︱树里亚的为爱痴狂,"translated, chinese",ougi yuzuha,,manga,,,"multi-work series, males only, tankoubon, yaoi, watermarked",195,2026-09-04 04:41:37,2026-09-04 04:41:37,2026-09-05 14:17:03
678317,[Ougi Yuzuha] Julia ga Kubittake︱树里亚的为爱痴狂 [Chinese][第3卷],[扇ゆずは] ジュリアが首ったけ︱樹里亞的為愛痴狂 [Chinese][第3卷],Julia ga Kubittake︱树里亚的为爱痴狂,"translated, chinese",ougi yuzuha,,manga,,,"multi-work series, males only, tankoubon, yaoi, watermarked",187,2026-09-04 04:53:23,2026-09-04 04:53:23,2026-09-05 14:18:16
678318,[Ougi Yuzuha] Julia ga Kubittake︱树里亚的为爱痴狂 [Chinese][第4卷],[扇ゆずは] ジュリアが首ったけ︱樹里亞的為愛痴狂 [Chinese][第4卷],Julia ga Kubittake︱树里亚的为爱痴狂,"translated, chinese",ougi yuzuha,,manga,,,"multi-work series, males only, tankoubon, yaoi, watermarked",203,2026-09-04 05:06:08,2026-09-04 05:06:08,2026-09-05 14:18:28
678319,[Ougi Yuzuha] Julia ga Kubittake︱树里亚的为爱痴狂 [Chinese][第5卷],[扇ゆずは] ジュリアが首ったけ︱樹里亞的為愛痴狂 [Chinese][第5卷],Julia ga Kubittake︱树里亚的为爱痴狂,"translated, chinese",ougi yuzuha,,manga,,,"multi-work series, males only, tankoubon, yaoi, watermarked",193,2026-09-04 05:18:09,2026-09-04 05:18:09,2026-09-05 14:18:39
678320,[Ougi Yuzuha] Julia ga Kubittake︱树里亚的为爱痴狂 [Chinese][第6卷],[扇ゆずは] ジュリアが首ったけ︱樹里亞的為愛痴狂 [Chinese][第6卷],Julia ga Kubittake︱树里亚的为爱痴狂,"translated, chinese",ougi yuzuha,,manga,,,"multi-work series, males only, tankoubon, yaoi, watermarked",177,2026-09-04 05:28:52,2026-09-04 05:28:52,2026-09-05 14:18:50
678321,[Ougi Yuzuha] Julia ga Kubittake︱树里亚的为爱痴狂 [Chinese][第7卷],[扇ゆずは] ジュリアが首ったけ︱樹里亞的為愛痴狂 [Chinese][第7卷],Julia ga Kubittake︱树里亚的为爱痴狂,"translated, chinese",ougi yuzuha,,manga,,,"multi-work series, males only, tankoubon, yaoi, watermarked",219,2026-09-04 05:42:32,2026-09-04 05:42:32,2026-09-05 14:19:02
678322,"[Panda Shizuku] Saiminkan, Rokujou Ayane",[パンダシズク] 催眠姦、六条綾音,"Saiminkan, Rokujou Ayane",japanese,panda shizuku,,doujinshi,original,,"big breasts, schoolgirl uniform, mind control",70,2026-09-04 05:47:22,2026-09-04 05:47:22,2026-09-05 14:19:13
678323,[pinvise (Suzutsuki Kurara)] sparkling vacation@DL3 [Digital],[pinvise (涼月くらら)] sparkling vacation@DL3 [DL版],sparkling vacation@DL3,japanese,suzutsuki kurara,pinvise,doujinshi,original,,"big breasts, group, ffm threesome, multi-work series, mosaic censorship, ponytail",42,2026-09-04 05:50:17,2026-09-04 05:50:17,2026-09-05 14:20:27
678324,[Momoiro Bungaku (Aimai Moko)] SEX wa Suru no ni Tsukiattekurenai Seiso Gal ga Ite Atama ga Okashiku Narisou. [Digital],[ももいろ文学 (あいまいモ子)] S◯Xはするのに付き合ってくれない清楚ギャルがいて頭がおかしくなりそう。 [DL版],SEX wa Suru no ni Tsukiattekurenai Seiso Gal ga Ite Atama ga Okashiku Narisou.,japanese,,,doujinshi,original,,"big breasts, glasses, schoolgirl uniform, nakadashi, gyaru, bukkake, bbm, sole female, sole male, ponytail",44,2026-09-04 05:53:19,2026-09-04 05:53:19,2026-09-05 14:20:38
678325,"[Panda Shizuku] Boku o Daisuki na Shirokuro Gal ga, Yarasemakutte Kureru Hanashi",[パンダシズク] 僕を大好きな白黒ギャルが、ヤらせまくってくれる話,"Boku o Daisuki na Shirokuro Gal ga, Yarasemakutte Kureru Hanashi",japanese,panda shizuku,,doujinshi,original,,"big breasts, gyaru, paizuri, blowjob, sole male",57,2026-09-04 05:57:02,2026-09-04 05:57:02,2026-09-05 14:20:50
678326,"[Mittsuman] Oneesan wa Toshihita ga Suki Janai, Hazu da yo na? [Digital]",[みっつまん] おねーさんは年下が好きじゃない。はずだよなぁ？ [DL版],"Oneesan wa Toshihita ga Suki Janai, Hazu da yo na?",japanese,mittsuman,mittsuman,doujinshi,original,,"big breasts, full color, mosaic censorship, sole female, sole male",30,2026-09-04 05:59:19,2026-09-04 05:59:19,2026-09-05 14:21:01
678327,"[Panda Shizuku] Boku o Ijimeru Kuro Gal 3-nin, Hiihii Iwasetemita",[パンダシズク] 僕をイジメる黒ギャル3人、ヒイヒイ言わせてみた,"Boku o Ijimeru Kuro Gal 3-nin, Hiihii Iwasetemita",japanese,panda shizuku,,doujinshi,original,,"big breasts, group, schoolgirl uniform, nakadashi, ffm threesome, harem, dark skin, x-ray, gyaru, school swimsuit, big penis, sole male",59,2026-09-04 06:03:08,2026-09-04 06:03:08,2026-09-05 14:21:12
678328,[Kuroneko (NTR Senmon)] [BSS] Zutto Suki Datta Tonari no Seki no Onnanoko ga Shinyuu no Yokodori Sareru Hanashi [Digital],[くろねこ (NTR専門)] 【BSS】ずっと好きだった隣の席の女の子が親友に横取りされる話 [DL版],Zutto Suki Datta Tonari no Seki no Onnanoko ga Shinyuu no Yokodori Sareru Hanashi,japanese,,kuroneko,doujinshi,original,,"netorare, schoolgirl uniform, sole female, sole male",43,2026-09-04 06:05:56,2026-09-04 06:05:56,2026-09-05 14:21:23
678329,[Dodeca Vitamin (Akisuko)] 26-sai I-cup ga 10-nen Ryuunen shite Joshikousei Yattecha Dame desu ka?,[ドデカビタミン (あきすこ)] 26歳Iカップが10年留年して女子校生やってちゃダメですか?,26-sai I-cup ga 10-nen Ryuunen shite Joshikousei Yattecha Dame desu ka?,japanese,akisuko,dodeca vitamin,doujinshi,original,,"schoolgirl uniform, gyaru, sole female, sole male",45,2026-09-04 06:09:05,2026-09-04 06:09:05,2026-09-05 14:22:37
678330,[Muufa] Bokura no Sex Gakkyuu,[むーふぁ] ボクらのセックス学級,Bokura no Sex Gakkyuu,japanese,muufa,,doujinshi,original,,"big breasts, schoolboy uniform, group, glasses, schoolgirl uniform, tall man, dark skin, lolicon, mind control, gyaru, teacher, shotacon, ponytail, twintails, classroom",133,2026-09-04 06:33:13,2026-09-04 06:33:13,2026-09-05 14:22:48
678331,[Echizen Bugyousho (Aramaki Echizen)] Ryuuinkou (Blue Archive) [Digital],[越前奉行所 (荒巻越前)] 竜淫香 (ブルーアーカイブ) [DL版],Ryuuinkou,japanese,aramaki echizen,echizen bugyousho,doujinshi,blue archive,"sensei, kisaki ryuuge","defloration, sole female, sole male, hair buns, halo",27,2026-09-04 06:35:23,2026-09-04 06:35:23,2026-09-05 14:22:59
678332,[T Landolt] Seikaku ga Warui Gal ga Rei no Heya de Wakaraserareru Hanashi [Digital],[Tランドルト] 性格が悪いギャルが例の部屋でわからせられる話 [DL版],Seikaku ga Warui Gal ga Rei no Heya de Wakaraserareru Hanashi,japanese,t landolt,punipunikan,doujinshi,original,,"big breasts, glasses, schoolgirl uniform, stockings, gyaru, collar, sole female, sole male, beauty mark, twintails",25,2026-09-04 06:37:08,2026-09-04 06:37:08,2026-09-05 14:23:10
678333,(C108) [CHRONOLOG (Sakurazawa Izumi)] Itoshi no Naedoko [Chinese] [紫藤汉化组],(C108) [CHRONOLOG (桜沢いづみ)] いとしのなえどこ [中国翻訳],Itoshi no Naedoko,"translated, chinese",sakurazawa izumi,chronolog,doujinshi,original,,"elf, lolicon, tentacles",32,2026-09-04 06:42:57,2026-09-04 06:42:57,2026-09-05 14:23:21
678334,[MC (Roze)] 性交実習が導入された学校,[MC (Roze)] 性交実習が導入された学校,性交実習が導入された学校,japanese,roze,mc,doujinshi,original,,"big breasts, group, glasses, schoolgirl uniform, nakadashi, harem, tracksuit, full color, teacher, twintails, very long hair",103,2026-09-04 06:49:27,2026-09-04 06:49:27,2026-09-05 14:23:33
678335,darkhcat,,darkhcat,japanese,,,doujinshi,original,,imageset,34,2026-09-04 06:51:42,2026-09-04 06:51:42,2026-09-05 14:24:49
678336,[Execio] 催●アプリで冴えない童貞な俺の生活が,[エクセシオ] 催●アプリで冴えない童貞な俺の生活が,催●アプリで冴えない童貞な俺の生活が,japanese,,execio,doujinshi,original,,"big breasts, netorare, schoolgirl uniform, nakadashi, mind control, full color, stockings, pantyhose, mosaic censorship, teacher, ponytail",45,2026-09-04 06:54:59,2026-09-04 06:54:59,2026-09-05 14:25:01
678337,"[Banana Style] Anime Chara to Sex Dekiru Appli 40, Tanya from (Saga of Tanya the evil)",アニメキャラとセックルできるアプリ40、「〇女戦記」ターニャ編,"Anime Chara to Sex Dekiru Appli 40, Tanya from",japanese,,banana style,doujinshi,youjo senki | saga of tanya the evil,tanya von degurechaff,"glasses, nakadashi, footjob, mind control, full color, mosaic censorship, dilf, sole female, sole male",43,2026-09-04 06:57:51,2026-09-04 06:57:51,2026-09-05 14:25:12
678338,(Kirikirimai) Wild & Positive (Axis Power Hetalia) [English],,Wild & Positive,"english, translated",,kirikirimai,doujinshi,axis powers hetalia,"japan, italy | feliciano vargas","anal, males only, yaoi, blowjob",27,2026-09-04 06:59:39,2026-09-04 06:59:39,2026-09-05 14:25:24
678339,[Kansen Shoujo (Noto Kurumi)] Shoya Kaitai [Digital],[甘泉少女 (のとくるみ)] 初夜懐胎 [DL版],Shoya Kaitai,japanese,mitsurugi aoi | noto kurumi,kansen shoujo,doujinshi,original,,"big breasts, pregnant, schoolgirl uniform, sex toys, stockings, mosaic censorship, impregnation, sole female, sole male",44,2026-09-04 07:02:35,2026-09-04 07:02:35,2026-09-05 14:25:35
678340,[Sayryu] Dansou Joseito to Kouchou Sensei ga Honki Kotsukurisuru Hanashi [Digital],[性竜] 男装女生徒と校長先生が本気子作りする話 [DL版],Dansou Joseito to Kouchou Sensei ga Honki Kotsukurisuru Hanashi,japanese,sayryu,,doujinshi,original,,"nakadashi, exhibitionism, tanlines, dilf, impregnation, tomboy, pixie cut",38,2026-09-04 07:05:12,2026-09-04 07:05:12,2026-09-05 14:25:46
678341,[yamaroku] The Story of the Class President and the Gyaru Getting Kidnapped Together and Comforting Each Other with Lesbian Sex Afterwards,[yamaroku] 委員長とギャルがまとめて拉致られたあと慰めレズセする話,The Story of the Class President and the Gyaru Getting Kidnapped Together and Comforting Each Other with Lesbian Sex Afterwards,japanese,,,doujinshi,original,,"kissing, group, glasses, ahegao, defloration, gyaru, blowjob",48,2026-09-04 07:08:15,2026-09-04 07:08:15,2026-09-05 14:26:59
678342,[Crayfish (Mizuki Ebi)] Hakuchuumu,[crayfish (水生えび)] 白昼夢,Hakuchuumu,japanese,mizuki ebi,crayfish,doujinshi,original,,"anal, crossdressing, males only, yaoi, tomgirl, josou seme, anal intercourse",101,2026-09-04 07:15:00,2026-09-04 07:15:00,2026-09-05 14:27:10
678343,[1102 (Ruka)] Aesthetic xxx (Ensemble Stars!),[1102 (瑠夏)] エステティックxxx (あんさんぶるスターズ！),Aesthetic xxx,japanese,ruka,1102,doujinshi,ensemble stars,"izumi sena, ritsu sakuma","kissing, condom, nakadashi, anal, x-ray, males only, yaoi, blowjob, anal intercourse, multiple orgasms, nipple stimulation",64,2026-09-04 07:19:36,2026-09-04 07:19:36,2026-09-05 14:27:23
678344,[Hakuginmokusei (Poshi)] Kei-chan ni Amaetai (Blue Archive) [Digital],[白銀木犀 (ぽし)] ケイちゃんに甘えたい (ブルーアーカイブ) [DL版],Kei-chan ni Amaetai,japanese,poshi,hakuginmokusei,doujinshi,blue archive,"sensei, kei tendou","pantyjob, stockings, bukkake, sole female, sole male, very long hair, apparel bukkake, halo",22,2026-09-04 07:21:14,2026-09-04 07:21:14,2026-09-05 14:27:34
678345,[KashiNoKi (Midori No Rupe)] Saimin Appli to Homeostatis #2 [Digital],[カシノ木 (緑のルーペ)] 催眠アプリとホメオスタシス #2 [DL版],Saimin Appli to Homeostatis #2,japanese,midori no rupe,kashinoki,doujinshi,original,,"unusual pupils, glasses, nakadashi, lolicon, mind control, full color, multi-work series, mosaic censorship, very long hair",72,2026-09-04 07:34:54,2026-09-04 07:34:54,2026-09-05 14:27:45
678346,[yamaroku] [NTR] A Story Where Every Girl I Encounter Gets Stealed Away,[yamaroku] 出会う女全員NTR話,A Story Where Every Girl I Encounter Gets Stealed Away,japanese,,,doujinshi,original,,"piercing, glasses, netorare, ahegao, full color, gyaru, blackmail, twintails, makeup, nipple piercing",65,2026-09-04 07:38:44,2026-09-04 07:38:44,2026-09-05 14:27:56
678347,[Hitsuji no Udonya (Inamimi)] Muchi Muchi Tennen Joshidaisei no Dosukebe Jorei Taikenroku [Chinese] [阿南個人漢化],[ひつじのうどん屋 (いなみみ)] 無知むち天然女子大生のドスケベ除霊体験録 [中国翻訳],Muchi Muchi Tennen Joshidaisei no Dosukebe Jorei Taikenroku,"translated, chinese",inamimi,hitsuji no udonya,doujinshi,original,,"handjob, kissing, big breasts, fundoshi, bbw, big ass, nakadashi, ahegao, hairy, x-ray, defloration, stockings, cum bath, paizuri, gokkun, dilf, big penis, bbm, sole female, sole male, shaved head, thick eyebrows, nipple stimulation",54,2026-09-04 07:42:09,2026-09-04 07:42:09,2026-09-05 14:29:09
678348,[Komaneko Jinja (Komaneko)] Hirotta Iede Shoujo ga Doero Sugiru!! [Digital],[狛猫神社 (狛猫)] 拾った家出少女がドエロすぎる!! [DL版],Hirotta Iede Shoujo ga Doero Sugiru!!,japanese,komaneko,komaneko jinja,doujinshi,original,,"big breasts, dilf, bbm, sole female, sole male, bald",27,2026-09-04 07:44:02,2026-09-04 07:44:02,2026-09-05 14:29:20
678349,[Seibunkaken (Yanagida Fumita)] Mittei Arika no Junan Chuu,[性文化研 (柳田史太)] 密偵アリカの受難 中,Mittei Arika no Junan Chuu,japanese,yanagida fumita,seibunkaken,doujinshi,original,,"maid, dark skin, full color, multi-work series, fingering, rape",51,2026-09-04 07:53:38,2026-09-04 07:53:38,2026-09-05 14:29:31
678350,[ShiftAltOn (Tonda)] Soku Hame Oujo - Easy Fxxk Princess,[シフタルトン (トンダ)] 即ハメ王女,Soku Hame Oujo - Easy Fxxk Princess,japanese,tonda,shiftalton,doujinshi,original,,"big breasts, group, nakadashi, dark skin, double penetration, bukkake, stomach deformation, cumflation, anal intercourse",20,2026-09-04 07:55:16,2026-09-04 07:55:16,2026-09-05 14:29:43
678351,[Yukikagerou (KANZUME)] Kenritsu Gakuen Futsuuka no Nichijou [Digital],[雪陽炎 (KANZUME)] 県立学園普通科の日常 [DL版],Kenritsu Gakuen Futsuuka no Nichijou,japanese,kanzume,yukikagerou,doujinshi,original,,"big breasts, group, glasses, schoolgirl uniform, harem, hairy, hairy armpits, big penis, twintails",150,2026-09-04 08:05:11,2026-09-04 08:05:11,2026-09-05 14:29:54
678352,[1102 (Ruka)] Nothing (Ensemble Stars!),[1102 (瑠夏)] Nothing (あんさんぶるスターズ！),Nothing,japanese,ruka,1102,doujinshi,ensemble stars,"izumi sena, ritsu sakuma","kissing, nakadashi, anal, x-ray, males only, yaoi, anal intercourse, multiple orgasms, nipple stimulation",62,2026-09-04 08:09:52,2026-09-04 08:09:52,2026-09-05 14:30:05
678353,"[Hitsuji Kikaku (Muneshiro)] Osucollab OC (Nekomata Okayu, Rindo Chihaya) [Digital]",[ヒツジ企画 (むねしろ)] オスコラボOC (猫又おかゆ、輪堂千速) [DL版],Osucollab OC,japanese,muneshiro,hitsuji kikaku,doujinshi,hololive,"nekomata okayu, rindo chihaya","kissing, big breasts, bbw, group, nakadashi, ahegao, huge breasts, anal, ffm threesome, x-ray, stockings, blowjob, catgirl, sole male, kemonomimi, tail, vtuber",33,2026-09-04 08:12:12,2026-09-04 08:12:12,2026-09-05 14:31:21
678354,[Ramanda] Gamers! (COMIC Anthurium 2026-09) [English] [atang] [Digital],[ラマンダ] ゲーマーず! (COMIC アンスリウム 2026年9月号) [英訳] [DL版],Gamers!,"english, translated",ramanda,,manga,,,"squirting, virginity, big breasts, full censorship, big ass, masturbation, nakadashi, anal, hairy, defloration, paizuri, fingering, tall girl, sole female, sole male, beauty mark, wholesome",39,2026-09-04 08:14:46,2026-09-04 08:14:46,2026-09-05 14:31:33
678355,[NCP] 常識崩壊！どんな卑猥なコトしても問題ない世界（フルカラー総集編151ページ）,[NCP] 常識崩壊！どんな卑猥なコトしても問題ない世界（フルカラー総集編151ページ）,常識崩壊！どんな卑猥なコトしても問題ない世界（フルカラー総集編151ページ）,japanese,,ncp,doujinshi,original,,"big breasts, full color",153,2026-09-04 08:25:00,2026-09-04 08:25:00,2026-09-05 14:31:44
678356,"[DOZA Village (Dozamura)] Netorare Bokukko Mama ~Ninshin Kakutei Sex demo Ikenakatta Ichininshou ""Boku"" no Mama-san ga Taninbou de Hajimete Nakaiki suru Ohanashi~",[DOZA Village (どざむら)] 寝取られボクっ子ママ 〜妊娠確定セックスでもイケなかった一人称「ボク」のママさんが他人棒ではじめて中イキするお話〜,"Netorare Bokukko Mama ~Ninshin Kakutei Sex demo Ikenakatta Ichininshou ""Boku"" no Mama-san ga Taninbou de Hajimete Nakaiki suru Ohanashi~",japanese,dozamura,doza village,doujinshi,original,,"milf, mmf threesome, group, netorare, anal, hairy, drugs, double penetration, fingering, mosaic censorship, dilf, tomboy, collar, sole female, pixie cut, large tattoo",40,2026-09-04 08:27:43,2026-09-04 08:27:43,2026-09-05 14:31:56
678357,[Kokusan JK (Velzhe)] Kagi Catch Challenge!! [Digital],[国産JK (ベルゼ)] 鍵キャッチチャレンジ!! [DL版],Kagi Catch Challenge!!,japanese,velzhe,kokusan jk,doujinshi,original,,"squirting, big breasts, masturbation, schoolgirl uniform, hairy, solo action, exhibitionism, filming, blackmail, shotacon, sole female, no penetration, mesuiki, smalldom",53,2026-09-04 08:37:39,2026-09-04 08:37:39,2026-09-05 14:32:07
678358,"[Sabaku] Kouya no Majo Hashiishika | Hashishka, the Witch of the Wastelands [English] [Digital]",[砂漠] 荒野の魔女 ハシーシカ [英訳] [DL版],"Kouya no Majo Hashiishika | Hashishka, the Witch of the Wastelands","english, translated",sabaku,,manga,,,"snuff, lolicon, no penetration",35,2026-09-04 08:44:22,2026-09-04 08:44:22,2026-09-05 14:32:18
678359,[Mata Ashita. (Oohira Sunset)] Junkan Milk (Azur Lane) [Digital],[また明日。 (太平さんせっと)] じゅんかんみるく (アズールレーン) [DL版],Junkan Milk,japanese,oohira sunset,mata ashita.,doujinshi,azur lane,"shikikan, cowpens","handjob, big breasts, enema, milking, huge breasts, anal, lactation, stockings, cowgirl, paizuri, sole female, sole male, horns, gloves, burping",26,2026-09-04 08:46:13,2026-09-04 08:46:13,2026-09-05 14:33:32
678360,[Vpan's EXTASY (Satou Kuuki)] Vpan's Summer Scrap 2026 [English],[Vパン'sエクスタシー (左藤空気)] Vパンの切れはし2026なつ,Vpan's Summer Scrap 2026,"english, translated",satou kuuki,vpans extasy,doujinshi,meitantei precure,cure eclair,"kissing, corruption, piercing, magical girl, latex, blindfold, crotch tattoo, ponytail",10,2026-09-04 08:47:06,2026-09-04 08:47:06,2026-09-05 14:33:43
678361,[丁昊个人胡乱翻译] [layer] 来自桑丘的特殊服务 (边狱公司) [中国翻訳],,来自桑丘的特殊服务,"translated, chinese",,,doujinshi,limbus company,,"big breasts, full color, mosaic censorship",7,2026-09-04 08:47:51,2026-09-04 08:47:51,2026-09-05 14:33:54
678362,(C108) [Miburi (MIBRY)] THEY NEED MORE POWER! (Kage no Jitsuryokusha ni Naritakute!) [Chinese] [路人漢化],(C108) [ミッブリー (MIBRY)] THEY NEED MORE POWER! (陰の実力者になりたくて!) [Chinese] [路人漢化],THEY NEED MORE POWER!,"translated, chinese",mibry,miburi,doujinshi,kage no jitsuryokusha ni naritakute | the eminence in shadow,"beta, zeta, alpha, delta, gamma, cid kagenou, epsilon, eta","elf, big breasts, swimsuit, group, harem, multi-work series, kemonomimi",58,2026-09-04 08:51:37,2026-09-04 08:51:37,2026-09-05 14:34:06
678363,"[Toyasuaina (Toyasu Aina)] Koibito Gokko to Honki no Ondo - Pretend Contract, Real Heat  恋人契约与真心的温度 (Gakuen IDOLM@STER) [Chinese] [至倾礼个人汉化] [Digital]",[トヤスアイナ (十安愛七)] 恋人契約と本気の温度 (学園アイドルマスター) [中国翻訳] [DL版],"Koibito Gokko to Honki no Ondo - Pretend Contract, Real Heat  恋人契约与真心的温度","translated, chinese",toyasu aina,toyasuaina,doujinshi,the idolmaster,"producer, rinami himesaki","kissing, big breasts, schoolgirl uniform, nakadashi, sole female, sole male",32,2026-09-04 08:53:46,2026-09-04 08:53:46,2026-09-05 14:34:17
678364,(C108) [AERODOG (inu)] Chicchaku Natte mo Ecchi na Koto wa Rinami Onee-chan ni Makasenasai! | 即使變小了色色的事情也還是交給莉波姊姊吧！ (Gakuen IDOLM@STER) [Chinese] [Amerins漢化],(C108) [AERODOG (inu)] ちっちゃくなってもエッチなことは莉波お姉ちゃんに任せなさい! (学園アイドルマスター) [中国翻訳],Chicchaku Natte mo Ecchi na Koto wa Rinami Onee-chan ni Makasenasai! | 即使變小了色色的事情也還是交給莉波姊姊吧！,"translated, chinese",inu,aerodog,doujinshi,the idolmaster,"producer, rinami himesaki","handjob, big breasts, glasses, big ass, nakadashi, femdom, x-ray, gokkun, blowjob, age regression, shotacon, sole female, sole male, nipple stimulation",35,2026-09-04 09:00:10,2026-09-04 09:00:10,2026-09-05 14:34:29
678365,[Negoroya] Having Sex With My Mother in Law In Her Fifties [English],[ねごろ屋]五十路の義母が毎週世話を焼いてきて鬱陶しい,Having Sex With My Mother in Law In Her Fifties,"english, translated",,negoroya,doujinshi,original,,"inseki, milf, kissing, big breasts, cheating, nakadashi, mother, hairy, incest, paizuri, mosaic censorship, blowjob, sole female, old lady",33,2026-09-04 09:06:38,2026-09-04 09:06:38,2026-09-05 14:34:40
678366,[iwao] 風舞希さん,,風舞希さん,japanese,iwao,,doujinshi,mato seihei no slave | chained soldier,"fubuki azuma, yuuki wakura","milf, big breasts, sole female, sole male, eye-covering bang",10,2026-09-04 09:07:31,2026-09-04 09:07:31,2026-09-05 14:35:53
678367,[Kiya Shii] Saimin (COMIC Mate Legend Vol.8 2016-04) [Chinese] [想抱雷妈汉化组] [Decensored],[木谷椎] さいみん (コミック Mate legend Vol.8 2016年4月号) [中国翻訳] [無修正],Saimin,"translated, chinese",kiya shii,,manga,,,"kissing, uncensored, nakadashi, sex toys, lab coat, sleeping, lolicon, defloration, mind control, incest, pantyhose, fingering, daughter, blowjob, yandere, sole female",21,2026-09-04 09:11:07,2026-09-04 09:11:07,2026-09-05 14:36:04
678368,King Halo NTR,[くみやべ] King Halo NTR (ウマ娘 プリティーダービー),King Halo NTR,japanese,kumiyabe,,doujinshi,uma musume pretty derby,king halo,"netorare, gyaru-oh, defloration, impregnation, sole female, sole male, horse girl, kemonomimi",27,2026-09-04 09:12:57,2026-09-04 09:12:57,2026-09-05 14:36:15
678369,[Chuuka Mantou (Yagami Dai)] Spanking,,Spanking,japanese,yagami dai,chuuka mantou,doujinshi,ranma 12,ranma saotome,"spanking, sex toys, defloration, gender morph, gender change",4,2026-09-04 09:13:32,2026-09-04 09:13:32,2026-09-05 14:36:27
678370,(C106) [Kekeran Paseran (Keke)] Chuki Chuki Muchuki (Blue Archive),(C106) [ケケランパセラン (ケケ)] ちゅきちゅきむちゅき (ブルーアーカイブ),Chuki Chuki Muchuki,japanese,keke,,doujinshi,blue archive,"mutsuki asagi, sensei","lolicon, blowjob, sole female, sole male, ponytail, no penetration, very long hair, halo",23,2026-09-04 09:18:16,2026-09-04 09:18:16,2026-09-05 14:36:38
678371,[Handful☆Happiness! (Nanahara Fuyuki)] DECOY DAISY SECRET DEBRIEFING II [Chinese] [无毒汉化组] [Digital],[Handful☆Happiness! (七原冬雪)] DECOY*DAISY SECRET DEBRIEFING II [中国翻訳] [DL版],DECOY DAISY SECRET DEBRIEFING II,"translated, chinese",nanahara fuyuki,handful happiness,doujinshi,original,,"squirting, bdsm, kissing, big breasts, piercing, mmf threesome, big nipples, group, masturbation, urination, nakadashi, ahegao, anal, sex toys, bondage, eyemask, dark skin, x-ray, latex, masked face, multi-work series, drugs, stockings, bodysuit, orgasm denial, gaping, fingering, filming, mind break, rape, tomboy, big clit, big penis, collar, bbm, slave, sole female, bald, harness, pixie cut, gloves, anal intercourse, exposed clothing, nipple stimulation, nipple piercing, high heels",36,2026-09-04 09:25:13,2026-09-04 09:25:13,2026-09-05 14:36:49
678372,[CRIE (Sukima)] Ano Amiya-san ga Rosmontis ni Taberarechau Ohanashi.  (Arknights) [Digital],[CRIE (すきま)] あのアーミヤさんがロスモンティスにたべられちゃうお話。 (アークナイツ) [DL版],Ano Amiya-san ga Rosmontis ni Taberarechau Ohanashi.,japanese,sukima,crie,doujinshi,arknights,"amiya, rosmontis","squirting, kissing, cunnilingus, females only, yuri, fingering, mosaic censorship, kemonomimi, multiple orgasms, nipple stimulation",32,2026-09-04 09:27:30,2026-09-04 09:27:30,2026-09-05 14:38:04
678373,[uniuni (Kitsunezumi)] Netorare Massage | 被寝取按摩 [Chinese] [チームR18] [Digital],[uniuni (きつねづみ)] ネトラレマッサージ [中国翻訳] [DL版],Netorare Massage | 被寝取按摩,"translated, chinese",,uniuni,doujinshi,original,,"kissing, cunnilingus, glasses, netorare, nakadashi, bikini, x-ray, defloration, fingering, mosaic censorship, dilf, bbm, sole female, bald, nipple stimulation",31,2026-09-04 09:29:42,2026-09-04 09:29:42,2026-09-05 14:38:15
678374,[Aramaa] Osananajimin-chi ga PinSalo Yatteru | My Childhood Friend's Place is a Pink Salon [English],[あらまあ] 幼なじみンチがピンサロやってる [英訳],Osananajimin-chi ga PinSalo Yatteru | My Childhood Friend's Place is a Pink Salon,"english, translated",,aramaa,doujinshi,original,,"milf, big breasts, big ass, schoolgirl uniform, prostitution, condom, nakadashi, huge breasts, paizuri, mosaic censorship, blowjob, sole male, beauty mark",53,2026-09-04 09:33:13,2026-09-04 09:33:13,2026-09-05 14:38:27
678375,[KOKO (Waike Nao)] Omakase Kudasai Goshujin-sama 1.5 ~side story~ | 请交给我吧主人1.5～side story～ [Chinese] [Morgan@clovers studio] [Digital],[KOKO (和池ナオ)] おまかせくださいご主人さま1.5～side story～ [中国翻訳] [DL版],Omakase Kudasai Goshujin-sama 1.5 ~side story~ | 请交给我吧主人1.5～side story～,"translated, chinese",waikke,2sai,doujinshi,original,,"maid, big breasts, breast feeding, exhibitionism, multi-work series, stockings, paizuri, blowjob, sole female, sole male, twintails, hidden sex, nipple stimulation",29,2026-09-04 09:35:12,2026-09-04 09:35:12,2026-09-05 14:38:38
678376,[Potala (Potter.L)]Imōto mitai ni omotte ita toshishita osananajimi to saikai shitara shinchō 250 cm ni natte ita!!~-Ryoku mo zunō mo shinchō mo ze ~~ n bu makete nasu sube naku moteasoba reru hanashi ~,[ポッター・L]妹みたいに思っていた年下幼馴染と再会したら身長250cmになっていた!!～力も頭脳も身長もぜ～～んぶ負けてなすすべなく弄ばれる話～,Imōto mitai ni omotte ita toshishita osananajimi to saikai shitara shinchō 250 cm ni natte ita!!~-Ryoku mo zunō mo shinchō mo ze ~~ n bu makete nasu sube naku moteasoba reru hanashi ~,japanese,potter.l,,doujinshi,original,,"schoolgirl uniform, tall girl",40,2026-09-04 09:38:02,2026-09-04 09:38:02,2026-09-05 14:38:49
678377,[Can do Now! (Minarai Zouhyou)] Boku o Rikaishite Kureru Anoko ga Boku o Ijimeru Aitsu ni Yari Suterareteita Hanashi | 理解我的那个女孩被欺负我的那个家伙玩完就扔的故事 [Chinese] [チームR18] [Digital],[ギャランがドゥー! (見習い雑兵)] 僕を理解してくれるあの子が僕をいじめるあいつにヤり捨てられていた話 [中国翻訳] [DL版],Boku o Rikaishite Kureru Anoko ga Boku o Ijimeru Aitsu ni Yari Suterareteita Hanashi | 理解我的那个女孩被欺负我的那个家伙玩完就扔的故事,"translated, chinese",minarai zouhyou,can do now,doujinshi,original,,"kissing, netorare, big ass, schoolgirl uniform, condom, x-ray, gyaru-oh, defloration, mosaic censorship, rape, sole female, sole male, nipple stimulation",46,2026-09-04 09:46:56,2026-09-04 09:46:56,2026-09-05 14:39:00
678378,[rbqinori]绝区零本完整,,绝区零本完整,japanese,rbqinori,,doujinshi,zenless zone zero,"evelyn chevalier, astra yao","torture, amputee, snuff, bondage, stockings, personality excretion",49,2026-09-04 09:50:01,2026-09-04 09:50:01,2026-09-05 14:40:14
678379,[Madarame Dorago An (Madarame Dragon Ryuu)] Jitome de Kyonyuu na Kouhai-chan ga Cool ni Zenbu Uketomete Kureru Hanashi [Chinese] [干干GanGan] [Digital],[マダラメドラゴ庵 (斑目ドラゴン竜)] ジト目で巨乳な後輩ちゃんがクールに全部受けとめてくれる話 [中国翻訳] [DL版],Jitome de Kyonyuu na Kouhai-chan ga Cool ni Zenbu Uketomete Kureru Hanashi,"translated, chinese",,,doujinshi,original,,"handjob, big breasts, swimsuit, emotionless sex, nakadashi, x-ray, multi-work series, gokkun, school swimsuit, blowjob, sole female, sole male",22,2026-09-04 09:51:38,2026-09-04 09:51:38,2026-09-05 14:40:25
678380,[Ayanakitori] Yomichi de Encounter suru Futanari-chan (MTL),[アヤナキトリ] 夜道でエンカウントするふたなりちゃん,Yomichi de Encounter suru Futanari-chan,"english, translated",,,doujinshi,original,,rough translation,8,2026-09-04 09:52:23,2026-09-04 09:52:23,2026-09-05 14:40:37
678381,[Madarame Dorago An (Madarame Dragon Ryuu)] Jitome de Kyonyuu na Kouhai-chan ga Cool ni Zenbu Uketomete Kureru Hanashi 2 [Chinese] [干干GanGan] [Digital],[マダラメドラゴ庵 (斑目ドラゴン竜)] ジト目で巨乳な後輩ちゃんがクールに全部受けとめてくれる話 2 [中国翻訳] [DL版],Jitome de Kyonyuu na Kouhai-chan ga Cool ni Zenbu Uketomete Kureru Hanashi 2,"translated, chinese",,,doujinshi,original,,"big breasts, swimsuit, emotionless sex, schoolgirl uniform, nakadashi, multi-work series, paizuri, school swimsuit, blowjob, sole female, sole male",29,2026-09-04 09:54:11,2026-09-04 09:54:11,2026-09-05 14:40:48
678382,[Ayanakitori] Succubus-chan to Yume no Futanari (MTL),[アヤナキトリ] サキュバスちゃんと夢のふたなり,Succubus-chan to Yume no Futanari,"english, translated",,,doujinshi,original,,rough translation,8,2026-09-04 09:55:02,2026-09-04 09:55:02,2026-09-05 14:41:00
678383,[Tanaka-ke no Kamo (Tanaka Ahiru)] Kitauge  | 吹奏乐部员阴毛记录 (Hibike! Euphonium) [香草芒果汉化] [Digital],[田中家の鴨 (たなかあひる)] キタウゲ (響け!ユーフォニアム)  [中国翻訳]  [DL版],Kitauge  | 吹奏乐部员阴毛记录,"translated, chinese",tanaka ahiru,tanaka-ke no kamo,doujinshi,hibike euphonium,kumiko oumae,"hairy, exhibitionism, nudity only",25,2026-09-04 09:56:47,2026-09-04 09:56:47,2026-09-05 14:41:11
678384,[Pechimaru] Shinkon Wendy-chan to Ichaicha suru Manga (Fairy Tail) [Chinese] [種付大叔個人漢化],[ぺちまる] 新婚ウェンディちゃんとイチャイチャする漫画 (フェアリーテイル) [中国翻訳],Shinkon Wendy-chan to Ichaicha suru Manga,"translated, chinese",pechimaru,,doujinshi,fairy tail,wendy marvell,"unusual pupils, anal, lingerie, muscle, sole female, twintails, very long hair, anal intercourse, rough translation",37,2026-09-04 09:59:17,2026-09-04 09:59:17,2026-09-05 14:42:24
678385,[逢坂ミナミ] 義姉さんと夢,[逢坂ミナミ] 義姉さんと夢 (Webコミックトウテツ Vol.127),義姉さんと夢,japanese,ohsaka minami,,manga,,,"inseki, netorare, cheating, nakadashi, incest, sole female, sole male",24,2026-09-04 10:04:26,2026-09-04 10:04:26,2026-09-05 14:42:35
678386,[Nannan] Nidome ha Shoujiki︱第二次就对自己诚实 [Chinese][全1卷],[喃喃] 二度目は正直︱第二次就對自己誠實 [Chinese][全1卷],Nidome ha Shoujiki︱第二次就对自己诚实,"translated, chinese",nannan,,manga,,,"business suit, handjob, group, anal, males only, tankoubon, yaoi, blowjob, watermarked, anal intercourse, nipple stimulation",246,2026-09-04 10:19:13,2026-09-04 10:19:13,2026-09-05 14:42:46
678387,"[HUMIHAKO (Shiromaru)] Motoyan Hitozuma Taiiku Kyoushi, Onsen Ryokan nite Kyouei Mizugi de Ochiru | 原不良人妻体育教师，在温泉旅馆身着竞技泳衣堕落 [Chinese] [xx笑笑生个人机翻] [Digital]",[ふみはこ (白丸)] 元ヤン人妻体育教師、温泉旅館にて競泳水着で堕ちる [中国翻訳] [DL版],"Motoyan Hitozuma Taiiku Kyoushi, Onsen Ryokan nite Kyouei Mizugi de Ochiru | 原不良人妻体育教师，在温泉旅馆身着竞技泳衣堕落","translated, chinese",shiro maru,,doujinshi,original,,"milf, kissing, big breasts, swimsuit, netorare, cheating, nakadashi, x-ray, multi-work series, mosaic censorship, teacher, blackmail, sole female, sole male, eye-covering bang, rough translation, nipple stimulation, onsen",47,2026-09-04 10:22:25,2026-09-04 10:22:25,2026-09-05 14:42:57
678388,[Koniro Drops (Morishima Kon)] Kuso Zako Yuusha-Sama to Mahoutsukai-san | 废柴勇者大人与魔法师小姐 [Chinese] [光年翻譯] [Digital],[紺色ドロップス (森島コン)] クソザコ勇者様と魔法使いさん [中国翻訳] [DL版],Kuso Zako Yuusha-Sama to Mahoutsukai-san | 废柴勇者大人与魔法师小姐,"translated, chinese",morishima kon,koniro drops,doujinshi,original,,"pegging, witch, full censorship, emotionless sex, ahegao, anal, femdom, bondage, bukkake, tiara, tentacles, shotacon, sole male, clothed female nude male, anal intercourse, nipple stimulation",39,2026-09-04 10:29:46,2026-09-04 10:29:46,2026-09-05 14:43:09
678389,アリスと娘ちゃん 復習+グレスケ+無毛差分+メイキング,アリスと娘ちゃん 復習+グレスケ+無毛差分+メイキング,アリスと娘ちゃん 復習+グレスケ+無毛差分+メイキング,japanese,himajin no izu,,doujinshi,touhou project,alice margatroid,"futanari, wings, dickgirl on female",56,2026-09-04 10:33:21,2026-09-04 10:33:21,2026-09-05 14:43:20
678390,(C75) [Studio Katsudon (Manabe Jouji)] Plug Suit Fetish Soushuuhen (Neon Genesis Evangelion) [English],(C75) [スタジオかつ丼 (真鍋譲治)] プラグスーツ・フェチ総集編 (新世紀エヴァンゲリオン)  [英訳],Plug Suit Fetish Soushuuhen,"english, translated",manabe jouji,studio katsudon,doujinshi,neon genesis evangelion,"shinji ikari, rei ayanami, asuka langley soryu","handjob, group, big ass, facesitting, ahegao, ffm threesome, femdom, latex, footjob, assjob, bodysuit, sumata, rape, blowjob, chikan, clothed female nude male, no penetration, soushuuhen, apparel bukkake, rough translation",227,2026-09-04 11:16:17,2026-09-04 11:16:17,2026-09-05 14:43:31
678391,(ashizuki) Debu kara Hajimeru Suteki na Nichijou 1 - 3,,Debu kara Hajimeru Suteki na Nichijou 1 - 3,"english, translated",ashizuki,,doujinshi,original,,"maid, big breasts, group, story arc, nakadashi, scanmark, harem, full color, gyaru, rough translation",251,2026-09-04 11:32:13,2026-09-04 11:32:13,2026-09-05 14:43:43
678392,(C101) [UROBOROS (Utatane Hiroyuki)] Kagonotori (Mobile Suit Gundam: The Witch from Mercury) [Chinese] [Temp個人翻譯],(C101) [UROBOROS (うたたねひろゆき)] カゴノトリ (機動戦士ガンダム 水星の魔女) [中国翻訳],Kagonotori,"translated, chinese",utatane hiroyuki,uroboros,doujinshi,mobile suit gundam the witch from mercury,"secelia dote, rouji chante","big breasts, group, femdom, dark skin, stockings, rape, leotard, blowjob, shotacon, sole female, eye-covering bang, nipple stimulation",22,2026-09-04 11:36:47,2026-09-04 11:36:47,2026-09-05 14:43:54
678393,[An-Arc XXX (Hamo)] A story about a serious salaryman corrupted by a nympho high school girl.,[An-Arc XXX (Hamo)] Majime na Salaryman ga JK Chijo ni Otosareru Hanashi,A story about a serious salaryman corrupted by a nympho high school girl.,"english, translated",hamo,an-arc,doujinshi,original,,"business suit, netorare, cheating, schoolgirl uniform, nakadashi, moral degeneration, exhibitionism, full color, bukkake, mosaic censorship, blackmail, chikan, sole female, sole male, hidden sex, rough translation",40,2026-09-04 11:39:34,2026-09-04 11:39:34,2026-09-05 14:44:05
678394,"[SMUGGLER (Kazuwo Daisuke)] Ano Hi, Sunao ni Suki to Ieta nara - If only I could have honestly said that I loved you that day.[English] [Sonarin迫] [Digital]",[SMUGGLER (カズヲダイスケ)] あの日、素直に好きと言えたなら [DL版],"Ano Hi, Sunao ni Suki to Ieta nara - If only I could have honestly said that I loved you that day.","english, translated",kazuwo daisuke,smuggler,doujinshi,original,,"big breasts, schoolboy uniform, netorare, story arc, schoolgirl uniform, condom, defloration, multi-work series, gyaru, inverted nipples, blowjob, sole female, sole male, beauty mark, twintails, nipple stimulation",53,2026-09-04 11:43:05,2026-09-04 11:43:05,2026-09-05 14:44:16
678395,[Samuwo] Migawarari no Ayano Sensei | Ayano-sensei in My Place [English] [Sonarin迫],[さむを] 身代わりのあやの先生,Migawarari no Ayano Sensei | Ayano-sensei in My Place,"english, translated",samuwo,,doujinshi,original,,"kissing, big breasts, humiliation, mmf threesome, netorare, story arc, masturbation, nakadashi, moral degeneration, asphyxiation, dark skin, x-ray, full color, stockings, filming, rape, voyeurism, teacher, blackmail, muscle, body writing, sole female, shaved head, beauty mark, gloves, very long hair",127,2026-09-04 12:06:56,2026-09-04 12:06:56,2026-09-05 14:44:28
678396,"[Chelchel Park (Rachel)] Landmine Girl, Love Overload 1 | Jiraikei, Ai Mashimashi 1 [Eng] [XO Manga]",[ちぇるちぇるぱーく (れいちぇる)] 地雷系、愛マシマシ1,"Landmine Girl, Love Overload 1 | Jiraikei, Ai Mashimashi 1","english, translated",rachel,,doujinshi,original,,"kissing, big breasts, netorare, hairy, multi-work series, paizuri, blowjob, yandere, sole male, twintails, rough translation, painted nails",82,2026-09-04 12:12:13,2026-09-04 12:12:13,2026-09-05 14:44:39
678397,"[Chelchel Park (Rachel)] Landmine Girl, Love Overload 3 | Jiraikei, Ai Mashimashi 3 [Eng] [XO Manga]",[ちぇるちぇるぱーく (れいちぇる)] 地雷系、愛マシマシ3,"Landmine Girl, Love Overload 3 | Jiraikei, Ai Mashimashi 3","english, translated",rachel,,doujinshi,original,,"netorare, anal, hairy, tracksuit, defloration, multi-work series, stockings, eyepatch, paizuri, yandere, sole male, beauty mark, rough translation",92,2026-09-04 12:18:20,2026-09-04 12:18:20,2026-09-05 14:44:50
678398,星井工房 (星井ガル) エトワール 傀儡化敗北 前編,星井工房 (星井ガル) エトワール 傀儡化敗北 前編,星井工房 (星井ガル) エトワール 傀儡化敗北 前編,japanese,,hoshii koubou,doujinshi,original,,artistcg,107,2026-09-04 12:25:45,2026-09-04 12:25:45,2026-09-05 14:45:01
678399,[Destr0ychan (紗綾)] Kyou mo Igarashi-kun ga Toutoi Otaku︱今天也以五十岚至上的阿宅 [Chinese][1-7][完],[デストロイ (紗綾) ] 今日も五十嵐くんが尊いオタク︱今天也以五十嵐至上的阿宅 [Chinese][1-7][完],Kyou mo Igarashi-kun ga Toutoi Otaku︱今天也以五十岚至上的阿宅,"translated, chinese",,,manga,,,"anal, males only, tankoubon, yaoi, muscle, watermarked, anal intercourse",190,2026-09-04 12:37:53,2026-09-04 12:37:53,2026-09-05 14:45:13
678400,[Omusubidou (Egaki Numa)] Namaiki na Gal Ane o  Ore Nari no Houhou  de Wakaraseru Hanashi - Part 1 [Digital],,Namaiki na Gal Ane o  Ore Nari no Houhou  de Wakaraseru Hanashi - Part 1,"english, translated",egaki numa,,doujinshi,original,,"big breasts, scanmark, sleeping, incest, rape, sister, sole female, sole male, rough translation",28,2026-09-04 12:43:27,2026-09-04 12:43:27,2026-09-06 14:00:16
678401,[Yuunagiya (Yuunagi)] Janne no Hamedori Kiroku (Fate/Grand Order) [Chinese] [甜族星人x我不看本子汉化] [Digital],[夕凪屋 (ユウナギ)] 邪ンヌのハメ撮り記録 (Fate/Grand Order) [中国翻訳] [DL版],Janne no Hamedori Kiroku,"translated, chinese",yuunagi,yuunagiya,doujinshi,fate grand order,"jeanne alter, gudao | ritsuka fujimaru","kissing, leg lock, big breasts, swimsuit, full censorship, big ass, nakadashi, paizuri, blowjob, collar, sole male, ponytail, very long hair",25,2026-09-04 12:45:14,2026-09-04 12:45:14,2026-09-05 14:47:46
678402,[Youkandou (Youkan)] Gohoubi ni dainashi [Chinese] [WKH汉化] [Digital],[ようかん堂 (ようかん)] ごほうびに台無し [中国翻訳] [DL版],Gohoubi ni dainashi,"translated, chinese",youkan,youkandou,doujinshi,original,,"chastity belt, pegging, strap-on, schoolgirl uniform, anal, femdom, crossdressing, footjob, tomgirl, twintails, ruined orgasm",34,2026-09-04 12:47:47,2026-09-04 12:47:47,2026-09-05 14:47:57
678403,[Ani ga Saru (Takashi)] Masou Otome Juuden Chuu! Suyasuya Ecchi de Buzama Haiboku [Chinese] [Sainae汉化] [Digital],[兄が猿 (たかし)] 魔装乙女♂充電中!すやすやえっちで無様敗北 [中国翻訳] [DL版],Masou Otome Juuden Chuu! Suyasuya Ecchi de Buzama Haiboku,"translated, chinese",takashi,ani ga saru,doujinshi,original,,"nun, big ass, anal, crossdressing, sleeping, males only, yaoi, pantyhose, tomgirl, small penis, gloves, anal intercourse",47,2026-09-04 12:51:04,2026-09-04 12:51:04,2026-09-05 14:48:08
678404,[Studio HALTO (Nakaharu)] Kounai ichi no Bishounen to xxx Shita Hanashi 4 [Chinese] [oo2oo个人汉化],[Studio HALTO (ナカハル)] 校内一の美少年と×××した話 4 [中国翻訳],Kounai ichi no Bishounen to xxx Shita Hanashi 4,"translated, chinese",nakaharu,studio halto,doujinshi,original,,"anal, crossdressing, multi-work series, males only, yaoi, tomgirl, anal intercourse",44,2026-09-04 12:53:48,2026-09-04 12:53:48,2026-09-05 14:48:20
678405,[Enarizushi] Otokonoko Demo Aishite Kuremasu ka? [Chinese] [oo2oo个人汉化],[えなりずし] 男の娘でも愛してくれますか？[中国翻訳],Otokonoko Demo Aishite Kuremasu ka?,"translated, chinese",,enarizushi,doujinshi,original,,"sweating, schoolboy uniform, anal, males only, yaoi, mosaic censorship, tomgirl, small penis, mesuiki, eye-covering bang, anal intercourse",56,2026-09-04 12:57:11,2026-09-04 12:57:11,2026-09-05 14:48:31
678406,[Doro Noujou 2tan (Dorota Bou)] Omake Manga (One Piece) [Digital],[泥農場2反 (泥田坊)] おまけまんが (ワンピース) [DL版],Omake Manga,japanese,dorota bou,doro noujou,doujinshi,one piece,"boa hancock, nami, nico robin",big breasts,6,2026-09-04 12:57:52,2026-09-04 12:57:52,2026-09-05 14:48:42
678407,[Haraheridou (Herio)] Tonari no Ayane-san Ryokan de Shippori Hen [English] [Digital],[はらヘリ堂 (ヘリを)] となりのあやねさん 旅館でしっぽり編 [英訳] [DL版],Tonari no Ayane-san Ryokan de Shippori Hen,"english, translated",herio,haraheridou,doujinshi,original,,"big breasts, glasses, story arc, nakadashi, kimono, multi-work series, paizuri, blowjob, sole female, sole male, beauty mark",96,2026-09-04 13:04:04,2026-09-04 13:04:04,2026-09-05 14:49:55
678408,[Herio] Oishii Milk no Tame no Sukkara (COMIC ExE 71) [English] [Digital],[ヘリを] おいしい牛乳の為のすっから (コミック エグゼ 71) [英訳] [DL版],Oishii Milk no Tame no Sukkara,"english, translated",herio,,manga,,,"big breasts, swimsuit, full censorship, bikini, lactation, cowgirl, paizuri, sole female, sole male, kemonomimi, ponytail",32,2026-09-04 13:06:18,2026-09-04 13:06:18,2026-09-05 14:50:06
678409,(C108) [MIDDLY (Midorinocha)] Colorful Connect 14th:Dive (Princess Connect! Re:Dive) [Chinese],(C108) [MIDDLY (みどりのちや)] カラフルコネクト 14th:Dive (プリンセスコネクト!Re:Dive) [中国翻訳],Colorful Connect 14th:Dive,"translated, chinese",midorinocha,middly,doujinshi,princess connect,,"harem, full color, sole male",38,2026-09-04 13:09:01,2026-09-04 13:09:01,2026-09-05 14:50:18
678410,"[no image] Megami-sama to Ichaicha Love Nichijou (Megami ""Isekai Tensei Nani ni Naritai desu ka"" Ore ""Yuusha no Rokkotsu de"")",[no image] 女神様とイチャイチャラブ日常♡ (女神「異世界転生何になりたいですか」俺「勇者の肋骨で」),Megami-sama to Ichaicha Love Nichijou,japanese,,,doujinshi,megami isekai tensei nani ni naritai desu ka ore yuusha no rokkotsu de,"megami-sama, ore","nakadashi, lolicon, sole female, sole male",17,2026-09-04 13:12:51,2026-09-04 13:12:51,2026-09-05 14:50:29
678411,[Senpenbankashiki (DATE)] Tanin ni Naru Kusuri 8 | 变成他人的药水 8 [Chinse] [Newlife个人汉化] [Digital],[千変万化式 (DATE)] 他人になるクスリ 8 [中国翻訳] [DL版],Tanin ni Naru Kusuri 8 | 变成他人的药水 8,"translated, chinese",date,senpenbankashiki,doujinshi,original,,"cunnilingus, females only, full censorship, glasses, masturbation, schoolgirl uniform, yuri, multi-work series, possession, fingering, gender change",34,2026-09-04 13:15:15,2026-09-04 13:15:15,2026-09-05 14:50:40
678412,[AKYS本舗] 我的妈妈正在和朋友做爱  [ai翻译 ai修复 ai嵌字],[AKYS本舗] 僕のママが友達とセックスをしている,我的妈妈正在和朋友做爱,"translated, chinese",,akys honpo,doujinshi,original,,"milf, big breasts, netorare, cheating, mother, full color, incest, shotacon, ponytail, rough translation",32,2026-09-04 13:21:23,2026-09-04 13:21:23,2026-09-05 14:50:51
678413,Tachi tte itteta yo ne? - Moto kano ga konna ni kawaii nante kiitenai - 2,【霧島】タチって言ってたよね？‐元カノがこんなにかわいいなんて聞いてない‐2,Tachi tte itteta yo ne? - Moto kano ga konna ni kawaii nante kiitenai - 2,"translated, chinese",,,doujinshi,original,,"kissing, females only, full censorship, yuri, fingering",80,2026-09-04 13:26:28,2026-09-04 13:26:28,2026-09-05 14:52:04
678414,[ぶーちゃん（GOD緑茶）] 駄目母と駄目息子の旅行前日 [ai翻译 ai修复 ai嵌字],[ぶーちゃん（GOD緑茶）]駄目母と駄目息子の旅行前日,駄目母と駄目息子の旅行前日,"translated, chinese",,god ryokutya,doujinshi,original,,"big breasts, mother, blowjob, rough translation",11,2026-09-04 13:27:33,2026-09-04 13:27:33,2026-09-05 14:52:16
678415,お〇んちんに囲まれてめちゃくちゃ乱れちゃう翠さん,お〇んちんに囲まれてめちゃくちゃ乱れちゃう翠さん,お〇んちんに囲まれてめちゃくちゃ乱れちゃう翠さん,japanese,,,doujinshi,original,,"harem, sole female",4,2026-09-04 13:28:03,2026-09-04 13:28:03,2026-09-05 14:52:27
678416,[Tsurumiya Mimi] Hataya Misuzu vs Temari P Junyuu Tekoki Haiboku Hen (Gakuen IDOLM@STER),[鶴宮みみ] 秦谷美鈴vs手鞠P 授乳手コキ敗北編 (学園アイドルマスター),Hataya Misuzu vs Temari P Junyuu Tekoki Haiboku Hen,japanese,turumiya mimi,,doujinshi,the idolmaster,misuzu hataya,"sole female, sole male",5,2026-09-04 13:28:33,2026-09-04 13:28:33,2026-09-05 14:52:38
678417,[紫木はなな] “爸爸……已经先睡着了吧？”危险期让妈妈怀孕大作战【全彩】(1) (カゲキヤコミック)  [ai翻译 ai修复 ai嵌字],[紫木はなな]「パパ…先に寝ちゃったね？」危険日にママを孕ませ大作戦【フルカラー】(1) (カゲキヤコミック),“爸爸……已经先睡着了吧？”危险期让妈妈怀孕大作战【全彩】,"translated, chinese",,shiki hanana,doujinshi,original,,"milf, full censorship, glasses, cheating, mother, full color, impregnation, sole male, rough translation",34,2026-09-04 13:30:40,2026-09-04 13:30:40,2026-09-05 14:52:50
678418,[Kuju Siam] Beneno Sho ~Tabi suru Shounen to Giruga Zoku no Kemono~︱毒之书 ~流浪少年和基尔卡族兽人~ [Chinese][全1卷],[九重シャム] ベネノ書 ～旅する少年とギルガ族の獣～︱毒之書 ~流浪少年和基爾卡族獸人~ [Chinese][全1卷],Beneno Sho ~Tabi suru Shounen to Giruga Zoku no Kemono~︱毒之书 ~流浪少年和基尔卡族兽人~,"translated, chinese",,,manga,,,"anal, males only, tankoubon, yaoi, watermarked, kemonomimi, tail, anal intercourse",214,2026-09-04 13:44:08,2026-09-04 13:44:08,2026-09-05 14:53:01
678419,ビキニアーマーずん子に魔力供給,ビキニアーマーずん子に魔力供給,ビキニアーマーずん子に魔力供給,japanese,high re,,doujinshi,,zunko tohoku,"big breasts, metal armor",8,2026-09-04 13:45:03,2026-09-04 13:45:03,2026-09-05 14:54:14
678420,[Butter Drip] Onshi no Niizuma ga Ero Sugite [Chinese],[ばたーどりっぷ] 恩師の新妻がエロすぎて [中国翻訳],Onshi no Niizuma ga Ero Sugite,"translated, chinese",,butter drip,doujinshi,original,,"squirting, milf, big breasts, netorare, big ass, cheating, nakadashi, ahegao, x-ray, bunny girl, blowjob, big penis, sole female, sole male, nipple stimulation, extraneous ads, netorase",69,2026-09-04 13:49:34,2026-09-04 13:49:34,2026-09-05 14:54:25
678421,[GN (Girl's Number)] 江之川早千惠的放学后乱交勤务  [ai翻译 ai修复 ai嵌字],[GN (Girl's Number)] 江ノ川早千恵の放課後乱交勤務,江之川早千惠的放学后乱交勤务,"translated, chinese",girls number,gn,doujinshi,original,,"milf, scat, big breasts, pregnant, bbw, dark nipples, mother, hairy, blood, gaping, hairy armpits, rough translation, vaginal birth",38,2026-09-04 13:52:16,2026-09-04 13:52:16,2026-09-05 14:54:36
678422,訓練と称してミヤコに逆レイプされちゃう漫画,訓練と称してミヤコに逆レイプされちゃう漫画,訓練と称してミヤコに逆レイプされちゃう漫画,japanese,satomi rin,,doujinshi,blue archive,"sensei, miyako tsukiyuki","swimsuit, nakadashi, femdom, bondage, sole female, sole male, ponytail, halo",5,2026-09-04 13:52:50,2026-09-04 13:52:50,2026-09-05 14:54:48
678423,体操服マリーと晄輪大祭後に即エッチ,体操服マリーと晄輪大祭後に即エッチ,体操服マリーと晄輪大祭後に即エッチ,japanese,satomi rin,,doujinshi,blue archive,mari iochi,"sole female, sole male, kemonomimi, halo",5,2026-09-04 13:53:19,2026-09-04 13:53:19,2026-09-05 14:54:59
678424,[Courreges Accel] Houkago Houshi-bu (Kari) ~Seifu Kounin!? Kyoushi Senyou Gakuen Fuuzoku~ | 放学后侍奉部（暂定）～政府公认！？教师专用校园风俗～ [Chinese] [Morgan@clovers studio] [Digital],[クレージュアクセル] 放課後奉仕部(仮)～政府公認！?教師専用学園風俗～ [中国翻訳] [DL版],Houkago Houshi-bu (Kari) ~Seifu Kounin!? Kyoushi Senyou Gakuen Fuuzoku~ | 放学后侍奉部（暂定）～政府公认！？教师专用校园风俗～,"translated, chinese",,courreges accel,doujinshi,original,,"big breasts, swimsuit, big ass, schoolgirl uniform, nakadashi, huge breasts, anal, sex toys, oil, hairy, cosplaying, bikini, x-ray, stockings, paizuri, gokkun, lingerie, teacher, school swimsuit, blowjob, big penis, sole female, sole male, kemonomimi, twintails, tail, gloves, very long hair, anal intercourse, nipple stimulation",41,2026-09-04 13:55:59,2026-09-04 13:55:59,2026-09-05 14:55:10
678425,[Courreges Accel] Houkago Houshi-bu (Kari) ~Seifu Kounin!? Kyoushi Senyou Gakuen Fuuzoku~ | 放学后侍奉部（暂定）～政府公认！？教师专用校园风俗～ [Chinese] [Morgan@clovers studio] [Digital] [no Pubic Hair],[クレージュアクセル] 放課後奉仕部(仮)～政府公認！?教師専用学園風俗～ [中国翻訳] [DL版] [無陰毛版],Houkago Houshi-bu (Kari) ~Seifu Kounin!? Kyoushi Senyou Gakuen Fuuzoku~ | 放学后侍奉部（暂定）～政府公认！？教师专用校园风俗～,"translated, chinese",,courreges accel,doujinshi,original,,"big breasts, swimsuit, big ass, schoolgirl uniform, nakadashi, huge breasts, anal, sex toys, oil, cosplaying, bikini, x-ray, stockings, paizuri, gokkun, lingerie, teacher, school swimsuit, blowjob, big penis, sole female, sole male, kemonomimi, twintails, tail, gloves, very long hair, anal intercourse, exposed clothing, nipple stimulation",41,2026-09-04 13:58:48,2026-09-04 13:58:48,2026-09-05 14:56:23
678426,"[Niku Niku Kyoudan (Nikudoufu)] Give Me More of that White Stuff, Sensei | Sensei Shiroi Are Motto Choudai (Blue Archive)[English]",[肉肉教団 (にくどうふ)] 先生白いアレもっとちょうだい (ブルーアーカイブ),"Give Me More of that White Stuff, Sensei | Sensei Shiroi Are Motto Choudai","english, translated",nikudoufu,niku niku kyoudan,doujinshi,blue archive,"izumi shishidou, sensei","big breasts, bbw, vomit, condom, nakadashi, x-ray, paizuri, gokkun, impregnation, big penis, sole female, sole male, horns, burping, halo",25,2026-09-04 14:00:31,2026-09-04 14:00:31,2026-09-05 14:56:35
678427,"[Dodameyasan (Sasakuma Kyouta)] Moto Mahoushoujo ga Iru Fuuzokuten -Saimin Sennou Wakarase ⇔ Mesuka Gohoushi, Kyousei Kirikae Play | 原魔法少女在风俗店里~被催眠洗脑 嚣张妄为⇔乖乖侍奉 强制转换play~ [Chinese] [space6ar] [Digital]",[ドダメ屋さん (ささくまきょうた)] 元魔法少女がいる風俗店 ～催眠洗脳で生意気わからせ⇔メス化ご奉仕、強制切り替えプレイ～ [中国翻訳] [DL版],"Moto Mahoushoujo ga Iru Fuuzokuten -Saimin Sennou Wakarase ⇔ Mesuka Gohoushi, Kyousei Kirikae Play | 原魔法少女在风俗店里~被催眠洗脑 嚣张妄为⇔乖乖侍奉 强制转换play~","translated, chinese",sasakuma kyouta,dodameyasan,doujinshi,original,,"handjob, big breasts, garter belt, unusual pupils, magical girl, prostitution, condom, ahegao, footjob, defloration, mind control, multi-work series, stockings, paizuri, gokkun, bukkake, mind break, mosaic censorship, big penis, sole female, sole male, bald, twintails, gloves, hair buns",34,2026-09-04 14:02:56,2026-09-04 14:02:56,2026-09-05 14:56:46
678428,"[100P Hands (Hecaton)] DOUBLE BLOOM | 双重绽放 (Arknights, Arknights: Endfield) [Chinese] [拉特兰C汉化组] [Digital]",[100P Hands (ヘカトン)] DOUBLE BLOOM (アークナイツ、アークナイツ: エンドフィールド) [中国翻訳] [DL版],DOUBLE BLOOM | 双重绽放,"translated, chinese",hekaton,,doujinshi,"arknights, arknights endfield","doctor, utage, yvonne","big breasts, kemonomimi",18,2026-09-04 14:04:13,2026-09-04 14:04:13,2026-09-05 14:56:58
678429,[Shirasu Latte (Shirasu)] Nekura de Jimi demo Ii desu ka? 2｜即使又阴沉又不起眼也可以吗?2 [Chinese] [我愛毛毛] [Digital],[しらすラテ (しらす)] 根暗で地味でもいいですか?2 [中国翻訳] [DL版],Nekura de Jimi demo Ii desu ka? 2｜即使又阴沉又不起眼也可以吗?2,"translated, chinese",shirasu | fuyubaru shishamo,shirasu latte,doujinshi,original,,"kissing, big breasts, bbw, big ass, schoolgirl uniform, condom, nakadashi, ahegao, huge breasts, hairy, gyaru-oh, multi-work series, big areolae, stockings, apron, fingering, mosaic censorship, blowjob, muscle, sole female, sole male, eye-covering bang",41,2026-09-04 14:06:59,2026-09-04 14:06:59,2026-09-05 14:57:09
678430,[Shirasu Latte (Shirasu)] Nekura de Jimi demo Ii desu ka? 3｜即使又阴沉又不起眼也可以吗?3 [Chinese] [我愛毛毛] [Digital],[しらすラテ (しらす)] 根暗で地味でもいいですか?3 [中国翻訳] [DL版],Nekura de Jimi demo Ii desu ka? 3｜即使又阴沉又不起眼也可以吗?3,"translated, chinese",shirasu | fuyubaru shishamo,shirasu latte,doujinshi,original,,"maid, kissing, big breasts, big ass, nakadashi, ahegao, huge breasts, hairy, bikini, x-ray, multi-work series, big areolae, stockings, cowgirl, apron, paizuri, gokkun, fingering, big penis, collar, catgirl, sole female, sole male, kemonomimi, ponytail, horns, high heels",45,2026-09-04 14:10:07,2026-09-04 14:10:07,2026-09-05 14:57:20
678431,[とら納言] 未开化孤岛是天堂吗？前篇～被盯上的母亲与甜蜜部族生活 & 和村中女人们造小孩～  [ai翻译 ai修复 ai嵌字],[とら納言] 未開の孤島は天国か?前編〜狙われる母とラブラブ部族生活&村の女達と子作り〜,未开化孤岛是天堂吗？前篇～被盯上的母亲与甜蜜部族生活 & 和村中女人们造小孩～,"translated, chinese",,,doujinshi,original,,"milf, big breasts, dark nipples, snuff, mother, dark skin, incest, big areolae, guro, rough translation",33,2026-09-04 14:16:46,2026-09-04 14:16:46,2026-09-05 14:57:31
678432,可愛く誘っても最中はぶちゃくなっちゃうsrちゃん,可愛く誘っても最中はぶちゃくなっちゃうsrちゃん,可愛く誘っても最中はぶちゃくなっちゃうsrちゃん,japanese,,,doujinshi,original,,"sole female, sole male",6,2026-09-04 14:17:25,2026-09-04 14:17:25,2026-09-05 14:58:44
678433,[クチナシ館 (安東・M・ドーソン)] 色情猎奇！女忍者血烟忍法帖  [ai翻译 ai修复 ai嵌字],[クチナシ館 (安東・M・ドーソン)] エログロ!くのいち血煙忍法帖,色情猎奇！女忍者血烟忍法帖,"translated, chinese",kisirian,goro mask,manga,,,"pregnant, snuff, ryona, mother, incest, guro, rape, large insertions, kunoichi, gloves, mouth mask, doujinshi, rough translation, vaginal birth",80,2026-09-04 14:32:01,2026-09-04 14:32:01,2026-09-05 14:58:55
678434,[Riboshika] Netorase Recoil 1&2 (Lycoris Recoil),[リボシカ] ネトラセ・リコイル1&2 (リコリス・リコイル),Netorase Recoil 1&2,japanese,riboshika,,doujinshi,lycoris recoil,"chisato nishikigi, takina inoue","group, netorare, dark skin, full color, bbm, bisexual, bald",38,2026-09-04 14:34:47,2026-09-04 14:34:47,2026-09-05 14:59:06
678435,[A*NIBA (Inaba)]Nouiki Zecchou ASMR︱脑内绝顶ASMR [Chinese][全1卷],[A*NIBA (因幡)] 脳イキ絶頂ASMR︱腦內絕頂ASMR [Chinese][全1卷],Nouiki Zecchou ASMR︱脑内绝顶ASMR,"translated, chinese",inaba,a niba,manga,,,"handjob, masturbation, anal, males only, tankoubon, yaoi, watermarked, anal intercourse",174,2026-09-04 14:45:46,2026-09-04 14:45:46,2026-09-05 14:59:18
678436,[地瓜 & 橡圈飞机 | 橡圈飛機] 斯文坏猫猫 | 斯文壞貓貓 1-12 [Chinese] [Ongoing],,斯文坏猫猫 | 斯文壞貓貓 1-12,"translated, chinese",,,manga,,,webtoon,249,2026-09-04 15:04:31,2026-09-04 15:04:31,2026-09-05 14:59:29
678437,[Bolp. & 哇答4] 她们的最爱.ZIP |  她們的最愛.ZIP 1-17 [Chinese] [Ongoing],,她们的最爱.ZIP |  她們的最愛.ZIP 1-17,"translated, chinese",,,manga,,,"big breasts, webtoon",275,2026-09-04 15:26:11,2026-09-04 15:26:11,2026-09-05 14:59:40
678438,[ERO404 & 耀安& 五谷傳教士 | 五谷传教士 ] 人妻猎人 | 人妻獵人 127-132 [Chinese] [Ongoing],,人妻猎人 | 人妻獵人 127-132,"translated, chinese",,,manga,,,webtoon,72,2026-09-04 15:32:14,2026-09-04 15:32:14,2026-09-05 14:59:51
678439,[秘密值勤中 & 酥酥脆脆 ] 人妻回春馆 |  人妻回春館 1-17 [Chinese] [Ongoing],,人妻回春馆 |  人妻回春館 1-17,"translated, chinese",,,manga,,,"big breasts, story arc, webtoon",237,2026-09-04 15:50:44,2026-09-04 15:50:44,2026-09-05 15:01:03
678440,[Full Pon Twintail (Omochi Nabe)] 田舎にあるHな学校 [Chinese] [ペンギン堂] [Digital],[フルポンツインテール (おもちなべ)] 田舎にあるHな学校 [中国翻訳] [DL版],田舎にあるHな学校,"translated, chinese",omochi nabe,full pon twintail,doujinshi,original,,"big breasts, glasses, nakadashi, harem, x-ray, full color, stockings, paizuri, tomboy, twintails, pixie cut",27,2026-09-04 15:52:59,2026-09-04 15:52:59,2026-09-05 15:01:15
678441,[サモラメ]乳首當てられたら絕対服従の世界(小羌寶個人漢化),,乳首當てられたら絕対服従の世界,"translated, chinese",samorame,,doujinshi,original,,"big breasts, big nipples, netorare, mind control, big areolae, inverted nipples, rough translation",37,2026-09-04 15:55:22,2026-09-04 15:55:22,2026-09-05 15:01:26
678442,[[Nishi no Kiosk (Souichi Keishi)]] 監禁調教されたノンケの強制メス堕ち連続絶頂︱被监禁调教的直男强○雌化连续高潮 [Chinese][全1话],[西のキオスク (そういち警視)] 監禁調教されたノンケの強制メス堕ち連続絶頂︱被监禁调教的直男强○雌化连续高潮 [Chinese][全1话],] 監禁調教されたノンケの強制メス堕ち連続絶頂︱被监禁调教的直男强○雌化连续高潮,"translated, chinese",souichi keishi,nishi no kiosk,doujinshi,original,,"handjob, bdsm, big breasts, nakadashi, anal, sex toys, x-ray, males only, yaoi, muscle, big penis, watermarked, anal intercourse, multiple orgasms",29,2026-09-04 15:57:27,2026-09-04 15:57:27,2026-09-05 15:01:37
678443,[オスワーニ] リクエストいただいたものです (乙女ゲー世界はモブに厳しい世界です),[オスワーニ] リクエストいただいたものです (乙女ゲー世界はモブに厳しい世界です),リクエストいただいたものです,japanese,osuwaani,,doujinshi,otome game sekai wa mob ni kibishii sekai desu,angelica rapha redgrave,"sweating, big breasts, sole female, sole male",4,2026-09-04 15:57:58,2026-09-04 15:57:58,2026-09-05 15:01:48
678444,[Marumitei] Himegoto Musume. 1-,[まる巳亭] ヒメゴトむすめ。1-,Himegoto Musume. 1-,japanese,marumitei,,doujinshi,original,,"dark skin, multi-work series, incest, daughter, blindfold, twintails, very long hair",30,2026-09-04 16:04:01,2026-09-04 16:04:01,2026-09-05 15:01:59
678445,[Marumitei] Himegoto Musume. 2-,[まる巳亭] ヒメゴトむすめ。2-,Himegoto Musume. 2-,japanese,marumitei,,doujinshi,original,,"dark skin, multi-work series, incest, daughter, twintails, very long hair",32,2026-09-04 16:10:06,2026-09-04 16:10:06,2026-09-05 15:03:12
678446,[Marumitei] Himegoto Musume. 3-,[まる巳亭] ヒメゴトむすめ。3-,Himegoto Musume. 3-,japanese,marumitei,,doujinshi,original,,"dark skin, multi-work series, incest, daughter, twintails, very long hair",26,2026-09-04 16:15:18,2026-09-04 16:15:18,2026-09-05 15:03:24
678447,[ほたてちゃん] 風呂キャン界隈の彼女を持つと色々大変だよねってヤツ,[ほたてちゃん] 風呂キャン界隈の彼女を持つと色々大変だよねってヤツ,風呂キャン界隈の彼女を持つと色々大変だよねってヤツ,japanese,hotate-chan,,doujinshi,original,,"big breasts, bbw, nakadashi, dark skin, smell, smegma, inverted nipples, big penis, sole female, sole male",6,2026-09-04 16:15:59,2026-09-04 16:15:59,2026-09-05 15:03:35
678448,[ほたてちゃん] カゲキな教え〇,[ほたてちゃん] カゲキな教え〇,カゲキな教え〇,japanese,hotate-chan,,doujinshi,original,,"sweating, big breasts, dark skin, big penis, sole female, sole male",6,2026-09-04 16:16:34,2026-09-04 16:16:34,2026-09-05 15:03:46
678449,[ほたてちゃん] 搾精病棟,[ほたてちゃん] 搾精病棟,搾精病棟,japanese,hotate-chan,,doujinshi,original,,"sweating, big breasts, sole female, sole male",7,2026-09-04 16:17:18,2026-09-04 16:17:18,2026-09-05 15:03:57
678450,[Yoshio Ereki] Itsumademo Issho ni Ganbarimashou [Chinese] [ペンギン堂] [Digital],[よしおエレキ] いつまでも一緒に頑張りましょう [中国翻訳] [DL版],Itsumademo Issho ni Ganbarimashou,"translated, chinese",yoshio ereki | toneridan,,doujinshi,original,,"squirting, milf, kissing, big breasts, netorare, big ass, cheating, schoolgirl uniform, breast feeding, nakadashi, ahegao, sex toys, asphyxiation, bikini, x-ray, apron, lingerie, fingering, dilf, blackmail, blowjob, bbm, sole female, bald, beauty mark, ponytail, crying, nipple stimulation",39,2026-09-04 16:19:47,2026-09-04 16:19:47,2026-09-05 15:04:08
678451,[Tashinamo (Sinasimu)] Omorashi Akume ga Shitai! | 想要体验失禁高潮 [Chinese] [Digital],[たしなも (しなしむ)] おもらしアクメがしたいっ! [中国翻訳] [DL版],Omorashi Akume ga Shitai! | 想要体验失禁高潮,"translated, chinese",sinasimu,tashinamo,doujinshi,original,,"squirting, masturbation, urination, sole female, omorashi, rough translation",21,2026-09-04 16:21:24,2026-09-04 16:21:24,2026-09-05 15:05:24
678452,(C108) [Noir Complex (NR)] Liliweiss to Mendan Suru | Meeting with Liliweiss (Goddess Of Victory: Nikke) [English] [na0kun],(C108) [Noir Complex (NR)] リリーバイスと面談する (勝利の女神:NIKKE) [英訳],Liliweiss to Mendan Suru | Meeting with Liliweiss,"english, translated",nr,noir complex,doujinshi,goddess of victory nikke,liliweiss,"big breasts, nakadashi, pantyhose, sole female, sole male, pixie cut, high heels",36,2026-09-04 16:23:57,2026-09-04 16:23:57,2026-09-05 15:05:35
678453,[Yoshio Ereki] Itsumademo Issho ni Ganbarimashou [Digital],[よしおエレキ] いつまでも一緒に頑張りましょう [DL版],Itsumademo Issho ni Ganbarimashou,japanese,yoshio ereki | toneridan,,doujinshi,original,,"milf, netorare, dark skin, sole female, bald",39,2026-09-04 16:26:29,2026-09-04 16:26:29,2026-09-05 15:05:46
678454,"[Kurukuru] Cool-kei Dansou Onna ni Kanojo Netorareta kara, Wakarasete Yatta 3 | 被冷面系男装女睡走了自己的女朋友于是对其进行调教3 [Chinese] [傅易个人汉化]",[くるくる] クール系男装女に彼女寝取られたから、わからせてやった3 [中国翻訳],"Cool-kei Dansou Onna ni Kanojo Netorareta kara, Wakarasete Yatta 3 | 被冷面系男装女睡走了自己的女朋友于是对其进行调教3","translated, chinese",kurukuru,,doujinshi,original,,"squirting, kissing, big breasts, swimsuit, netorare, story arc, big ass, masturbation, cheating, schoolgirl uniform, nakadashi, ahegao, bikini, x-ray, multi-work series, big areolae, paizuri, smell, blackmail, tomboy, inverted nipples, blowjob, beauty mark, pixie cut, large tattoo",123,2026-09-04 16:34:03,2026-09-04 16:34:03,2026-09-05 15:05:58
678455,[Ebidama (AHedtra)] Chikubi de Iku made Derarenai Heya (Blue Archive) [Digital],[海老玉 (AHedtra)] 乳首でイくまで出られない部屋 (ブルーアーカイブ) [DL版],Chikubi de Iku made Derarenai Heya,japanese,ahedtra,,doujinshi,blue archive,"alice tendou, sensei, kei tendou","group, ffm threesome, lolicon, sole male, nipple stimulation, halo",16,2026-09-04 16:37:09,2026-09-04 16:37:09,2026-09-05 15:06:09
678456,农学博士异世界无双～以禁忌知识构筑的魔物娘后宫～  第1卷,農学博士の異世界無双～禁忌の知識で築くモンスター娘ハーレム～,农学博士异世界无双～以禁忌知识构筑的魔物娘后宫～  第1卷,"translated, chinese",,,manga,,,rough translation,177,2026-09-04 16:48:09,2026-09-04 16:48:09,2026-09-05 15:06:21
678457,[NEO-XIS (Sawtatsu)] Mesuana  Usagikan  ~Fukushuu no Usagi wa  Shiawase ni Somaru~ [Digital],[NEO-AXIS (そうたつ)] 雌穴兎姦 ～復讐の兎は淫欲に染まる～ [DL版],Mesuana  Usagikan  ~Fukushuu no Usagi wa  Shiawase ni Somaru~,japanese,sawtatsu,,doujinshi,original,,"unusual pupils, nakadashi, ahegao, lolicon, bunny girl, big penis, bbm, stomach deformation, sole female, sole male, bald, kemonomimi, cumflation, eye-covering bang",42,2026-09-04 16:56:40,2026-09-04 16:56:40,2026-09-05 15:07:34
678458,COMIC LO 2026-10 [Digital],COMIC LO 2026年10月号 [DL版],COMIC LO 2026-10,japanese,"hikoma hiroyuki, takahashi note, maeshima ryou, wasabi, nanamoto, oniku., monchan rev3, minakami riku, molokonomi | hiraya nobori, hayake, koshino, vanicooo, yuruchin kyouso, ide shota, menbou, yoshiki-chan, ganen | tororo ganen, umebachiman",,manga,,,"glasses, schoolgirl uniform, anthology, lolicon, incest, mosaic censorship, sister, tomboy, school swimsuit, shotacon, twintails, classroom",484,2026-09-04 18:26:51,2026-09-04 18:26:51,2026-09-05 15:07:45
678459,[Ebidama (AHedtra)] Chikubi de Iku made Derarenai Heya (Blue Archive) [Chinese] [Digital],[海老玉 (AHedtra)] 乳首でイくまで出られない部屋 (ブルーアーカイブ) [中国語] [DL版],Chikubi de Iku made Derarenai Heya,chinese,ahedtra,,doujinshi,blue archive,"alice tendou, sensei, kei tendou","group, ffm threesome, sole male, bisexual, nipple stimulation, halo",16,2026-09-04 18:28:26,2026-09-04 18:28:26,2026-09-05 15:07:56
678460,[ISHIHARA Keiko] Mitsugimono wa Reiketsu Ryoushu ni Unmei o Sasageru︱贡品要将命运献给冷血领主 [Chinese][第1卷],[石原ケイコ] 貢ぎ物は冷血領主に運命を捧げる︱貢品要將命運獻給冷血領主 [Chinese][第1卷],Mitsugimono wa Reiketsu Ryoushu ni Unmei o Sasageru︱贡品要将命运献给冷血领主,"translated, chinese",,,manga,,,"anal, males only, tankoubon, yaoi, watermarked, anal intercourse",191,2026-09-04 18:40:49,2026-09-04 18:40:49,2026-09-05 15:08:08
678461,[Kinomoto Anzu] Chiisai Hadaka ga Iin desho? [Digital],[きのもと杏] ちいさいハダカがいいんでしょ？ [DL版],Chiisai Hadaka ga Iin desho?,japanese,kinomoto anzu,,manga,,,"kissing, glasses, foot licking, lolicon, x-ray, footjob, incest, tanlines, tankoubon, sister, twintails",185,2026-09-04 19:14:11,2026-09-04 19:14:11,2026-09-05 15:08:19
678462,[Minakami Riku] Daisuki Datta Oniichan (COMIC LOE VOL.24 noir 4) [Chinese],[ミナカミ理久] 大好きだったお従兄ちゃん (COMIC LOE VOL.24 noir 4) [中国翻訳],Daisuki Datta Oniichan,"translated, chinese",minakami riku,,manga,,,"mmf threesome, group, netorare, nakadashi, cousin, lolicon, x-ray, defloration, incest, mosaic censorship, rape, sole female, gang rape, netorase",34,2026-09-04 19:20:55,2026-09-04 19:20:55,2026-09-05 15:08:30
678463,[Alfre-Tori] Heroine Profile⑪,[あるふれっ鸟] ヒロインプロフィール⑪,Heroine Profile⑪,japanese,alfre-tori,,doujinshi,original,,"big breasts, corruption, group, demon girl, multi-work series, gender change",22,2026-09-04 19:22:30,2026-09-04 19:22:30,2026-09-05 15:08:42
678464,[Yoshiki-chan] Punipeta Jittori Asemizuku [Digital],[よしきちゃん] ぷにぺたじっとり汗みずく [DL版],Punipeta Jittori Asemizuku,japanese,yoshiki-chan,,manga,,,"squirting, sweating, cunnilingus, glasses, schoolgirl uniform, nakadashi, anal, lolicon, x-ray, incest, tankoubon, stockings, rimjob, fingering, sister, blowjob, twintails, hair buns, anal intercourse",199,2026-09-04 20:01:07,2026-09-04 20:01:07,2026-09-05 15:09:55
678465,[Yukataro]魔法使いマヌバがレズサキュバスに捕まってひたすらクリ責めされてしまう,[Yukataro]魔法使いマヌバがレズサキュバスに捕まってひたすらクリ責めされてしまう,魔法使いマヌバがレズサキュバスに捕まってひたすらクリ責めされてしまう,japanese,yukataro | kawayuka taro,,doujinshi,original,,"squirting, ahegao, big clit, clit growth, clit stimulation",20,2026-09-04 20:02:49,2026-09-04 20:02:49,2026-09-05 15:10:07
678466,[Ebita (AHedtra)] Tada no Itazura da yo (Blue Archive) [Digital],[海老玉 (ahedtra)] ただの悪戯だよ (ブルーアーカイブ) [DL版],Tada no Itazura da yo,japanese,ahedtra,,doujinshi,blue archive,nozomi tachibana,"netorare, lolicon, sole female, twintails, halo",20,2026-09-04 20:07:00,2026-09-04 20:07:00,2026-09-05 15:10:18
678467,[Ebita (AHedtra)] Tada no Itazura da yo | 不過是惡作劇而已 (Blue Archive) [Chinese] [Digital],[海老玉 (ahedtra)] ただの悪戯だよ (ブルーアーカイブ) [中国語] [DL版],Tada no Itazura da yo | 不過是惡作劇而已,chinese,ahedtra,,doujinshi,blue archive,nozomi tachibana,"elf, netorare, lolicon, twintails, halo",20,2026-09-04 20:11:04,2026-09-04 20:11:04,2026-09-05 15:10:29
678468,(C90) [sobaworks (Akisoba)] unRighteousness Plantae (Ragnarok Online) [Remastered],(C90) [sobaworks (秋蕎麦)] unRighteousness Plantae (ラグナロクオンライン) [Remastered],unRighteousness Plantae,japanese,akisoba,sobaworks,doujinshi,ragnarok online,lord knight,"elf, big breasts, nakadashi, anal, multi-work series, anal intercourse",17,2026-09-04 20:12:18,2026-09-04 20:12:18,2026-09-05 15:10:40
678469,[Syunichi Kansuu (Syunichi)] Seiyoku ga Bug-tta Seito ~Ichinose Asuna~ | The Student Whose Libido Bugged Out ~Ichinose Asuna~ (Blue Archive) [English] [Digital],[しゅにち関数 (しゅにち)] 性欲がバグった生徒〜一之瀬アスナ〜 (ブルーアーカイブ) [英訳] [DL版],Seiyoku ga Bug-tta Seito ~Ichinose Asuna~ | The Student Whose Libido Bugged Out ~Ichinose Asuna~,"english, translated",syunichi,syunichi kansuu,doujinshi,blue archive,"asuna ichinose, sensei","kissing, big breasts, big ass, masturbation, schoolgirl uniform, nakadashi, ahegao, huge breasts, gyaru, blowjob, sole female, sole male, very long hair, eye-covering bang, halo",34,2026-09-04 20:14:36,2026-09-04 20:14:36,2026-09-05 15:10:51
678470,[Yukataro]女僧侶スピカがセイレーンに捕まって歌声の振動で強制絶頂,[Yukataro]女僧侶スピカがセイレーンに捕まって歌声の振動で強制絶頂,女僧侶スピカがセイレーンに捕まって歌声の振動で強制絶頂,japanese,yukataro | kawayuka taro,,doujinshi,original,,"squirting, big breasts, nun, monster girl, group, females only, breast feeding, yuri, lactation, bodysuit, mermaid, mind break, fff threesome, mesuiki",32,2026-09-04 20:16:42,2026-09-04 20:16:42,2026-09-05 15:11:03
678471,[バカ乳首] 藤田ことね (学園アイドルマスター),[バカ乳首] 藤田ことね (学園アイドルマスター),藤田ことね,japanese,bakachikubi,,doujinshi,the idolmaster,kotone fujita,"sweating, unusual pupils, blowjob face, x-ray, blowjob, sole female, sole male, focus blowjob, nipple stimulation",3,2026-09-04 20:17:10,2026-09-04 20:17:10,2026-09-05 15:12:16
678472,[Tengusa (tokorot)] Oshiete Koubi Sensei [Digital],[テングサ (tokorot)] おしえてこうび先生 [DL版],Oshiete Koubi Sensei,japanese,tokorot,tengusa,doujinshi,original,,"group, nakadashi, ahegao, anal, ffm threesome, lolicon, sole female, sole male, twintails, anal intercourse",40,2026-09-04 20:24:41,2026-09-04 20:24:41,2026-09-05 15:12:28
678473,[バカ乳首] 花海佑芽 おまけ漫画2P＋台詞無し差分 (学園アイドルマスター),[バカ乳首] 花海佑芽 おまけ漫画2P＋台詞無し差分 (学園アイドルマスター),花海佑芽 おまけ漫画2P＋台詞無し差分,japanese,bakachikubi,,doujinshi,the idolmaster,ume hanami,"big breasts, dilf, inverted nipples, sole female, sole male, nipple stimulation",4,2026-09-04 20:25:09,2026-09-04 20:25:09,2026-09-05 15:12:39
678474,[バカ乳首] 葛城リーリヤ おまけ漫画1P＋台詞無し差分 (学園アイドルマスター),[バカ乳首] 葛城リーリヤ おまけ漫画1P＋台詞無し差分 (学園アイドルマスター),葛城リーリヤ おまけ漫画1P＋台詞無し差分,japanese,bakachikubi,,doujinshi,the idolmaster,lilja katsuragi,"sweating, big breasts, collar, sole female, sole male, kemonomimi, leash, gloves",3,2026-09-04 20:25:34,2026-09-04 20:25:34,2026-09-05 15:12:50
678475,[バカ乳首] ライザ 漫画3P (ライザのアトリエ),[バカ乳首] ライザ 漫画3P (ライザのアトリエ),ライザ 漫画3P,japanese,bakachikubi,,doujinshi,atelier ryza | ryza no atelier,reisalin stout | ryza,"gyaru, blowjob, collar, sole female, sole male",3,2026-09-04 20:25:59,2026-09-04 20:25:59,2026-09-05 15:13:01
678476,[バカ乳首] 有村麻央 おまけ漫画1P＋台詞無し差分 (学園アイドルマスター),[バカ乳首] 有村麻央 おまけ漫画1P＋台詞無し差分 (学園アイドルマスター),有村麻央 おまけ漫画1P＋台詞無し差分,japanese,bakachikubi,,doujinshi,the idolmaster,mao arimura,"big breasts, sole female, sole male, eye-covering bang",3,2026-09-04 20:26:27,2026-09-04 20:26:27,2026-09-05 15:13:13
678477,[ぽののぞ] ブリトマート,,ブリトマート,japanese,pononozo,,doujinshi,fate grand order,britomart,"big breasts, sole female, sole male",21,2026-09-04 20:27:56,2026-09-04 20:27:56,2026-09-05 15:14:28
678478,[ぽののぞ] オルガマリー所長,,オルガマリー所長,japanese,pononozo,,doujinshi,fate grand order,olga marie animusphere,replaced,14,2026-09-04 20:29:01,2026-09-04 20:29:01,2026-09-05 15:14:39
678479,[ぽののぞ] テュフォン姉妹,,テュフォン姉妹,japanese,pononozo,,doujinshi,fate grand order,typhon ephemeros,"ffm threesome, small breasts, sole male",45,2026-09-04 20:31:55,2026-09-04 20:31:55,2026-09-05 15:14:50
678480,[ぽののぞ] 【完成版】FGOおっぱいブロック崩し,,【完成版】FGOおっぱいブロック崩し,"japanese, english",pononozo,,doujinshi,fate grand order,,,9,2026-09-04 20:32:43,2026-09-04 20:32:43,2026-09-05 15:15:02
678481,[Genkai Hatsudensho (Nakamo)] Hirotta Neko ga Gal de Gokudou no Musume datta Hanashi,[限界発電所 (那鴨)] 拾った猫がギャルで極道の娘だった話,Hirotta Neko ga Gal de Gokudou no Musume datta Hanashi,japanese,nakamo,genkai hatsudensho,doujinshi,original,,"big breasts, big ass, tailjob, nakadashi, dark skin, assjob, gyaru, collar, catgirl, sole female, sole male, twintails, tail, eye-covering bang",52,2026-09-04 20:36:00,2026-09-04 20:36:00,2026-09-05 15:15:13
678482,[Mata Ashita. (Oohira Sunset)] Chichikoki Gakuen Paizuri Iinkai 2 [Digital],[また明日。 (太平さんせっと)] ちちこき学園パイズリ委員会2 [DL版],Chichikoki Gakuen Paizuri Iinkai 2,japanese,oohira sunset,mata ashita.,doujinshi,original,,"twins, big breasts, group, schoolgirl uniform, harem, multiple paizuri, multi-work series, paizuri, inverted nipples, sole male, beauty mark, no penetration, focus paizuri",40,2026-09-04 20:38:49,2026-09-04 20:38:49,2026-09-05 15:15:24
678483,[Maritozzo (Toku Soncho)] Hikkoshi Saki wa Ecchi na Gal Tsuki One Room!?,[Maritozzo (とく村長)] 引っ越し先はえっちなギャル憑きワンルーム！？,Hikkoshi Saki wa Ecchi na Gal Tsuki One Room!?,japanese,toku soncho,maritozzo,doujinshi,original,,"big breasts, schoolgirl uniform, paizuri, sole female, sole male, beauty mark",44,2026-09-04 20:47:25,2026-09-04 20:47:25,2026-09-05 15:16:37
678484,[ぽののぞ] 水着リリス,,水着リリス,japanese,pononozo,,doujinshi,fate grand order,lilith,"swimsuit, replaced, nakadashi",15,2026-09-04 20:48:34,2026-09-04 20:48:34,2026-09-05 15:16:48
678485,[Studio Himawari (Himukai Kyousuke)] Saimin Gakuen Fuuzoku HypLab 5 Oyakodon Hen  [Digital],[スタジオ☆ひまわり (日向恭介)] 催眠学園風俗ひゅぷらば5母娘丼編 [DL版],Saimin Gakuen Fuuzoku HypLab 5 Oyakodon Hen,japanese,himukai kyousuke,studio himawari,doujinshi,original,,"maid, big breasts, schoolgirl uniform, nakadashi, ffm threesome, multiple paizuri, mind control, multi-work series, lactation, stockings, filming, inverted nipples, oyakodon, beauty mark, gloves",60,2026-09-04 20:52:22,2026-09-04 20:52:22,2026-09-05 15:16:59
678486,[ぽののぞ] オルガマリー所長 (Fate/Grand Order),[ぽののぞ] オルガマリー所長 (Fate/Grand Order),オルガマリー所長,japanese,pononozo,,doujinshi,fate grand order,"olga marie animusphere, gudao | ritsuka fujimaru","sole female, sole male",13,2026-09-04 20:53:27,2026-09-04 20:53:27,2026-09-05 15:17:11
678487,[ぽののぞ] 水着リリス (Fate/Grand Order),[ぽののぞ] 水着リリス (Fate/Grand Order),水着リリス,japanese,pononozo,,doujinshi,fate grand order,"gudao | ritsuka fujimaru, lilith","big breasts, x-ray, sole female, sole male, horns, beach",14,2026-09-04 20:54:37,2026-09-04 20:54:37,2026-09-05 15:17:22
678488,[Yoriko] Terano-kun to Kumazaki-kun 2︱寺野与熊崎 2 [Chinese][全1卷],[依子] 寺野くんと熊崎くん 2︱寺野與熊崎 2 [Chinese][全1卷],Terano-kun to Kumazaki-kun 2︱寺野与熊崎 2,"translated, chinese",,,manga,,,"anal, multi-work series, males only, tankoubon, yaoi, watermarked, anal intercourse",222,2026-09-04 21:07:52,2026-09-04 21:07:52,2026-09-05 15:17:33
678489,[Minamo Duki (Kanna)]  Pichi Muchi Netoralayer  Kanojo wa Himitsu o  Mamoru Tame ni Netorareru,[水面月 (カンナ)] ぴち♥ムチ ネトラレイヤー 彼女は秘密を守るために寝取られる,Pichi Muchi Netoralayer  Kanojo wa Himitsu o  Mamoru Tame ni Netorareru,japanese,kanna | kisaragi kanna,minamo zuki,doujinshi,original,,"big breasts, netorare, condom, bodystocking, dark skin, full color, mosaic censorship, blackmail, sole female, gloves, very long hair",42,2026-09-04 21:11:00,2026-09-04 21:11:00,2026-09-05 15:18:45
678490,(C108) [Ringoya (Alp)] C108 Omakebon (Love Live! Sunshine!!、Gakuen IDOLM@STER) [Chinese] [DiamondDogs],(C108) [リンゴヤ (あるぷ)] C108 おまけ本 (ラブライブ! サンシャイン!!、学園アイドルマスター) [中国翻訳],C108 Omakebon,"translated, chinese",alp,ringoya,doujinshi,"the idolmaster, love live sunshine","you watanabe, rinami himesaki","kissing, big breasts, swimsuit, nakadashi, school swimsuit",10,2026-09-04 21:11:52,2026-09-04 21:11:52,2026-09-05 15:18:57
678491,[Pirates Cat] Kattara Nandemo   Shite Ageru  [Digital],[パイレーツキャット] 勝ったら何でもシてアゲる♥ [DL版],Kattara Nandemo   Shite Ageru,japanese,pirates cat,,doujinshi,original,,"big breasts, group, glasses, big ass, schoolgirl uniform, nakadashi, ahegao, ffm threesome, dark skin, gyaru, blowjob, sole male",85,2026-09-04 21:17:25,2026-09-04 21:17:25,2026-09-05 15:19:09
678492,[TCalmBlue (Various) ] 天真烂漫10 Tenshin Ranman Gigantic 10th,,天真烂漫10 Tenshin Ranman Gigantic 10th,"translated, chinese",,calmblue,doujinshi,original,,"trampling, giantess, rough translation",167,2026-09-04 21:28:12,2026-09-04 21:28:12,2026-09-05 15:19:20
678493,[アドラブリュー (辰鵜)] カイザーPMC生徒兵士化計画 CASE:ケイ (ブルーアーカイブ),[アドラブリュー (辰鵜)] カイザーPMC生徒兵士化計画 CASE:ケイ (ブルーアーカイブ),カイザーPMC生徒兵士化計画 CASE:ケイ,japanese,tattsuu,adorablew,doujinshi,blue archive,kei tendou,"corruption, netorare, mind control",8,2026-09-04 21:28:58,2026-09-04 21:28:58,2026-09-05 15:19:31
678494,[ぷ玉] サツキ 4ページ (ブルーアーカイブ),[ぷ玉] サツキ 4ページ (ブルーアーカイブ),サツキ 4ページ,japanese,putama,,doujinshi,blue archive,"sensei, satsuki kyougoku","sweating, kissing, big breasts, swimsuit, nakadashi, bikini, sole female, sole male, horns, painted nails, halo, beach",4,2026-09-04 21:29:26,2026-09-04 21:29:26,2026-09-05 15:19:43
678495,[campeace & ziroon] 危险同学会 | 危險同學會 112-129 [Chinese] [Ongoing],,危险同学会 | 危險同學會 112-129,"translated, chinese",,,manga,,,"big breasts, story arc, webtoon",283,2026-09-04 21:52:56,2026-09-04 21:52:56,2026-09-05 15:19:54
678496,[松河] 飼い主はじめました。 (COMIC 快楽天 2025年9月号)[廉价汉化组],,飼い主はじめました。,"translated, chinese",matsukawa,,manga,,,"nurse, group, full censorship, ffm threesome, cosplaying, blowjob, sole male, kemonomimi, tail",35,2026-09-04 21:56:18,2026-09-04 21:56:18,2026-09-05 15:21:07
678497,《雪梨的假期》（Chinese）,,《雪梨的假期》（Chinese）,chinese,,,doujinshi,pokemon | pocket monsters,"gardevoir, kirlia","squirting, big breasts, monster girl, nakadashi, ahegao, ryona, big penis, sole female, smalldom",12,2026-09-04 21:57:20,2026-09-04 21:57:20,2026-09-05 15:21:18
678498,[Shey-Dey] Unlocking my shadows   [EN],,Unlocking my shadows,"english, translated",,,manga,,,yaoi,67,2026-09-04 22:01:36,2026-09-04 22:01:36,2026-09-05 15:21:29
678499,[Subachikyu! (Subachi)] Sei Houshi Bu Recruiter Mensetsu | 性侍奉部招聘面试 [Chinese] [Morgan@clovers studio] [Digital],[すばちきゅ! (すばち)] 性奉仕部リクルーター面談 [中国翻訳] [DL版],Sei Houshi Bu Recruiter Mensetsu | 性侍奉部招聘面试,"translated, chinese",subachi,subachikyu,doujinshi,original,,"business suit, kissing, cunnilingus, big ass, breast feeding, nakadashi, anal, exhibitionism, x-ray, gokkun, smell, fingering, dilf, blowjob, bbm, sole female, sole male, bald, ponytail, anal intercourse, nipple stimulation",65,2026-09-04 22:05:49,2026-09-04 22:05:49,2026-09-05 15:21:40
678500,[Kome Nouka (Komezawa)] Mesuochi Trip 3 [Digital],[こめ農家 (こめざわ)] メスオチトリップ3 [DL版],Mesuochi Trip 3,japanese,komezawa,kome nouka,doujinshi,original,,"masturbation, anal, sex toys, crossdressing, multi-work series, males only, yaoi, stockings, filming, tomgirl, clamp, twintails, anal intercourse, nipple stimulation",37,2026-09-04 22:08:18,2026-09-04 22:08:18,2026-09-05 15:21:51
678501,[たっく] U110のU149 + ゲーム開発進捗 [日本語、英語],[たっく] U110のU149 + ゲーム開発進捗 [日本語、英語],U110のU149 + ゲーム開発進捗,"japanese, english",takku,,doujinshi,the idolmaster,arisu tachibana,"lolicon, bbm, sole female",26,2026-09-04 22:13:25,2026-09-04 22:13:25,2026-09-05 15:22:02
678502,[あのん2億年] C108新刊,[あのん2億年] C108新刊,C108新刊,japanese,anon 2-okunen,,doujinshi,original,,"lolicon, smell, smegma, blowjob, focus blowjob",14,2026-09-04 22:15:57,2026-09-04 22:15:57,2026-09-05 15:23:16
678503,[Miraosu] Staff-ka,[みらおす] スタッフ化,Staff-ka,"translated, chinese",miraosu,,doujinshi,original,,"big breasts, females only, sex toys, yuri, mind control, full color, fingering, gender morph, gender change, rough translation",12,2026-09-04 22:16:55,2026-09-04 22:16:55,2026-09-05 15:23:28
678504,[ebi ko no fantajii heya (ebi ko yaki)] Lily flower arrangement during the vacation time of the magical girl [Digital],[エビ子のファンタジー部屋 (エビ子焼き)] 魔法少女休庭時間的百合花藝 (魔法少女ノ魔女裁判) [中国語] [DL版],Lily flower arrangement during the vacation time of the magical girl,chinese,,,doujinshi,mahou shoujo no majo saiban | magical girl witch trials,"anan natsume, noa jougasaki","kissing, cunnilingus, females only, yuri, fingering, mosaic censorship, tribadism, tentacles",30,2026-09-04 22:19:03,2026-09-04 22:19:03,2026-09-05 15:23:39
678505,[くみやべ] 圣王光环NTR (卖瓜老板个人翻译),,圣王光环NTR,chinese,kumiyabe,,doujinshi,uma musume pretty derby,king halo,"netorare, impregnation, horse girl, kemonomimi",29,2026-09-04 22:21:05,2026-09-04 22:21:05,2026-09-05 15:23:50
678506,[Miraosu] Youji-ka,[みらおす] 幼児化,Youji-ka,"translated, chinese",miraosu,,doujinshi,original,,"transformation, big breasts, breast feeding, low lolicon, age regression, ponytail, twintails, gender morph, gender change, rough translation",3,2026-09-04 22:21:31,2026-09-04 22:21:31,2026-09-05 15:24:01
678507,[Fukafuka Kobako] 女配信者が復活するにはHするしかない！ [Chinese] [ペンギン堂] [Digital],[ふかふか小箱] 女配信者が復活するにはHするしかない！ [中国翻訳] [DL版],女配信者が復活するにはHするしかない！,"translated, chinese",,,doujinshi,original,,"big breasts, big ass, bikini, bunny girl, gokkun, lingerie, mosaic censorship, blowjob, shotacon, sole female, sole male, kemonomimi, smalldom",20,2026-09-04 22:25:53,2026-09-04 22:25:53,2026-09-05 15:24:12
678508,[ebi ko no fantajii heya (ebi ko yaki)] Lily flower arrangement during the vacation time of the magical girl 2 [Digital],[エビ子のファンタジー部屋 (エビ子焼き)] 魔法少女休庭時間的百合花藝2 (魔法少女ノ魔女裁判) [中国語] [DL版],Lily flower arrangement during the vacation time of the magical girl 2,chinese,,,doujinshi,mahou shoujo no majo saiban | magical girl witch trials,"anan natsume, miria saeki","kissing, garter belt, cunnilingus, females only, yuri, stockings, fingering, mosaic censorship, tribadism",30,2026-09-04 22:28:10,2026-09-04 22:28:10,2026-09-05 15:25:25
678509,[Miraosu] Oppai Volley TSF,[みらおす] おっぱいバレーTSF,Oppai Volley TSF,"translated, chinese",miraosu,,doujinshi,original,,"big breasts, tracksuit, yuri, mind control, full color, bloomers, no penetration, gender morph, gender change, rough translation, nipple stimulation",10,2026-09-04 22:29:09,2026-09-04 22:29:09,2026-09-05 15:25:36
678510,[Yapo] 先輩と後輩 其の,[Yapo] 先輩と後輩 其の,先輩と後輩 其の,japanese,yapo,,doujinshi,original,,"crossdressing, males only, yaoi, tomgirl",8,2026-09-04 22:29:50,2026-09-04 22:29:50,2026-09-05 15:25:47
678511,[sen1000] 着るコ〇ドーム🍎その５９,[sen1000] 着るコ〇ドーム🍎その５９,着るコ〇ドーム🍎その５９,japanese,sen,,doujinshi,original,,,43,2026-09-04 22:32:44,2026-09-04 22:32:44,2026-09-05 15:25:59
678512,"[SENNEN Aino] Yuki-chan, Aishiteru!︱小侑，我爱你！ [Chinese][全1卷]",[千年藍乃] ユキちゃん愛してる！︱小侑，我愛你!！ [Chinese][全1卷],"Yuki-chan, Aishiteru!︱小侑，我爱你！","translated, chinese",,,manga,,,"anal, males only, tankoubon, yaoi, muscle, watermarked, anal intercourse",262,2026-09-04 22:49:00,2026-09-04 22:49:00,2026-09-05 15:26:10
678513,COMIC Orga Vol.89,COMICオルガ vol.89,COMIC Orga Vol.89,japanese,"korisu, ere 2 earo | kinokoya, rorimo, tebin",,manga,,,"milf, big breasts, triple penetration, double anal, group, double blowjob, double vaginal, anthology, nakadashi, ahegao, huge breasts, anal, sex toys, ffm threesome, demon girl, hairy, dark skin, x-ray, double penetration, big areolae, stockings, fingering, impregnation, blowjob, blindfold, horns, tail, eye-covering bang, anal intercourse",118,2026-09-04 22:56:48,2026-09-04 22:56:48,2026-09-05 15:26:25
678514,[Pandalix (GogoPanda)] Inran Neko wa Yoru ni Naku Koumon Seikou Hen PART II | 淫乱之猫于夜晚啼叫 肛门性交篇 PART II [Chinese] [欶澜汉化组] [Digital],[ぱんだりっくす (ごーごーぱんだ)] 淫乱猫は夜に啼く 肛門性交編 PART II [中国翻訳] [DL版],Inran Neko wa Yoru ni Naku Koumon Seikou Hen PART II | 淫乱之猫于夜晚啼叫 肛门性交篇 PART II,"translated, chinese",gogopanda,pandalix,doujinshi,original,,"anal, sex toys, lolicon, multi-work series, double penetration, stockings, sole female, sole male, focus anal, anal intercourse",21,2026-09-04 23:01:05,2026-09-04 23:01:05,2026-09-05 15:27:39
678515,[ほしゃら] ぺこらママへプレゼント (ホロライブ),[ほしゃら] ぺこらママへプレゼント (ホロライブ),ぺこらママへプレゼント,japanese,hoshara,,doujinshi,hololive,pekoras mother,"milf, big breasts, mmf threesome, group, anal, full color, double penetration, bunny girl, shotacon, sole female, shaved head, kemonomimi, vtuber, anal intercourse, smalldom",5,2026-09-04 23:02:12,2026-09-04 23:02:12,2026-09-05 15:27:50
678516,[Fishneak] 心屠拷憐惨 斬 上巻,[Fishneak (クロFn)] 心屠拷憐惨 斬 上巻 (史上最強の弟子ケンイチ),心屠拷憐惨 斬 上巻,japanese,kuro fn,fishneak,doujinshi,historys strongest disciple kenichi | shijou saikyou no deshi kenichi,,"big breasts, corruption, piercing, exhibitionism, multi-work series, stockings, blowjob, nipple piercing",46,2026-09-04 23:11:04,2026-09-04 23:11:04,2026-09-05 15:28:01
678517,[ほしゃら] 3bakaと遊ぼう！(にじさんじ),[ほしゃら] 3bakaと遊ぼう！(にじさんじ),3bakaと遊ぼう！,japanese,hoshara,,doujinshi,nijisanji,"ange katrina, lize helesta, inui toko","group, harem, full color, blowjob, sole male, kemonomimi, vtuber, no penetration, multimouth blowjob, focus blowjob",9,2026-09-04 23:11:59,2026-09-04 23:11:59,2026-09-05 15:28:12
678518,[Anthology] Saipuni! 11-genme,[アンソロジー] 催ぷにッ！ 11限目,Saipuni! 11-genme,japanese,"kouzuki rio, rakuria, d kaketsu, okusaka maeue, kumajiro, hyouri, kasabuta | memory, matsumomo mahiru | aps.",,manga,,,"anthology, nakadashi, anal, lolicon, mind control, incest, lingerie, dilf, impregnation, daughter, collar, catgirl, tail plug, anal intercourse",129,2026-09-04 23:36:37,2026-09-04 23:36:37,2026-09-05 15:28:25
678519,[Mogiki Hayami] Cattleya no Kyoushou [Digital],[十はやみ] カトレアの嬌笑 [DL版],Cattleya no Kyoushou,japanese,mogiki hayami,,manga,,,"futanari, big breasts, femdom, demon girl, shemale, latex, tankoubon, shotacon, horns, gloves",200,2026-09-05 00:14:32,2026-09-05 00:14:32,2026-09-06 14:00:18
678520,COMIC Shigekiteki SQUIRT!! Vol.74 [Digital],コミック刺激的 SQUIRT！！Vol.74 [DL版],COMIC Shigekiteki SQUIRT!! Vol.74,japanese,"zero no mono, denpa yukkuri, asada shinjin, satou suplex",,manga,,,"milf, big breasts, cheating, schoolgirl uniform, anthology, nakadashi, anal, sex toys, hairy, bukkake, teacher, impregnation, blowjob, shotacon, anal intercourse",110,2026-09-05 00:34:34,2026-09-05 00:34:34,2026-09-06 14:00:29
678521,[ICHI Arata] Suki da to Iitai Dake na no ni︱只是想说喜欢你 [Chinese][单][全1卷],[壱あらた] スキだと言いたいだけなのに︱只是想说喜欢你 [Chinese][单][全1卷],Suki da to Iitai Dake na no ni︱只是想说喜欢你,"translated, chinese",,,manga,,,"anal, males only, tankoubon, yaoi, blowjob, watermarked, anal intercourse",212,2026-09-05 00:47:18,2026-09-05 00:47:18,2026-09-06 14:00:41
678522,COMIC Kuriberon DUMA 2026-09 Vol.88,COMIC クリベロン DUMA 2026年9月号 Vol.88,COMIC Kuriberon DUMA 2026-09 Vol.88,japanese,"sunagawa tara, hasblow cream, kokudakaya, kurogane satsuki | kurogane maki, drossel, uc, umino ryo, kotobuki mairo | zubrowk, uncow, hirariha, tamakichi. jirou, echigooriman, rong",,manga,,,"milf, torture, piercing, group, glasses, cheating, anthology, ryona, anal, hairy, blood, double penetration, tanlines, gokkun, mosaic censorship, impregnation, blowjob, nipple piercing",516,2026-09-05 01:19:12,2026-09-05 01:19:12,2026-09-06 14:00:52
678523,[μ-CuTe (MAG)] Saimin  Appli tte  Nan desu ka? (Meitantei Precure!) [Digital],[μ-CuTe (まぐ)] 催眠あぷりってなんですか? (名探偵プリキュア!) [DL版],Saimin  Appli tte  Nan desu ka?,japanese,mag,mu-cute,doujinshi,meitantei precure,"cure answer | anna akechi, cure mystique | mikuru kobayashi","unusual pupils, nakadashi, ffm threesome, eyemask, dark skin, lolicon, mind control, sole male, very long hair",26,2026-09-05 01:24:56,2026-09-05 01:24:56,2026-09-06 14:01:05
678524,"[Chimple Hotters (Chimple Hotter)] My Sun-Kissed, Busty Stepsister Wants to Milk Me Dry [Digital] [English] [Nocturnal Yuri R-18] [greenpenbluepen]",[チンプルホッターズ (チンプル堀田)] 黒ギャル巨乳義妹は僕を優しく搾精したい1.5 ～文化祭でコスプレエッチする [英訳] [DL版],"My Sun-Kissed, Busty Stepsister Wants to Milk Me Dry","english, translated",chimple hotter,chimple hotters,doujinshi,original,,"inseki, big breasts, dark skin, multi-work series, incest, bunny girl, pantyhose, gyaru, mosaic censorship, leotard, sister, sole female, sole male, beauty mark, high heels",29,2026-09-05 01:31:01,2026-09-05 01:31:01,2026-09-06 14:01:16
678525,[Zaki Zaraki] Isse no Sei [Digital],[ザキザラキ] いっせーのぉ性ッ [DL版],Isse no Sei,japanese,zaki zaraki,,manga,,,"group, lolicon, tankoubon, stockings, sketch lines",433,2026-09-05 02:51:31,2026-09-05 02:51:31,2026-09-06 14:02:32
678526,[Hatoba Akane] Touma Senki Cecilia IF ~Valkyrie-tai Tokkunchuu~,[波止場茜] 討魔戦姫セシリアIF~ワルキューレ隊特訓中,Touma Senki Cecilia IF ~Valkyrie-tai Tokkunchuu~,"japanese, english",hatoba akane,,doujinshi,original,,"scat, big breasts, swimsuit, huge breasts, hairy, multi-work series, bbm",12,2026-09-05 02:52:45,2026-09-05 02:52:45,2026-09-06 14:02:43
678527,[Hatoba Akane] Touma Senki Cecilia IF ~Valkyrie-tai Tokkunchuu~ [Cropped],[波止場茜] 討魔戦姫セシリアIF~ワルキューレ隊特訓中,Touma Senki Cecilia IF ~Valkyrie-tai Tokkunchuu~,japanese,hatoba akane,,doujinshi,original,,"scat, big breasts, swimsuit, huge breasts, hairy, multi-work series, bbm",12,2026-09-05 02:53:47,2026-09-05 02:53:47,2026-09-06 14:02:55
678528,[Threshold (Exeter)] Hanamaru Bitch  Anna-chan (Meitantei Precure!) [Digital],[スレッショルド (エクゼター)] はなまるびっちあんなちゃん (名探偵プリキュア!) [DL版],Hanamaru Bitch  Anna-chan,japanese,exeter,threshold,doujinshi,meitantei precure,"cure answer | anna akechi, cure mystique | mikuru kobayashi","dark skin, bbm",26,2026-09-05 02:55:39,2026-09-05 02:55:39,2026-09-06 14:03:07
678529,[Minamino Sazan] Erizuri Manga (Blue Archive) [English],[南乃さざん ] エリズリ漫画 (ブルーアーカイブ) [英訳],Erizuri Manga,"english, translated",kanno takanori | minamino sazan,,doujinshi,blue archive,"sensei, eri shirao","big breasts, witch, schoolgirl uniform, huge breasts, paizuri, bukkake, sole female, sole male, clothed paizuri, ponytail, no penetration, focus paizuri, halo",10,2026-09-05 02:56:29,2026-09-05 02:56:29,2026-09-06 14:03:18
678530,Chichikoki Academy Paizuri Committee 2,,Chichikoki Academy Paizuri Committee 2,"english, translated",oohira sunset,mata ashita.,doujinshi,original,,"big breasts, scanmark, multi-work series, paizuri, no penetration, focus paizuri, rough translation",40,2026-09-05 02:59:07,2026-09-05 02:59:07,2026-09-06 14:03:30
678531,(C108) [Korokoro Saikoro (Choco Dice)] Yuujou to Shinai to (Mahou Shoujo no Majo Saiban) [Chinese] [橘远催婚协会汉化组],(C108) [ころころサイコロ (ちょこだいす)] 友情と親愛と (魔法少女ノ魔女裁判) [中国翻訳],Yuujou to Shinai to,"translated, chinese",choco dice,korokoro saikoro,doujinshi,mahou shoujo no majo saiban | magical girl witch trials,"sherry tachibana, hanna toono","kissing, females only, yuri, fingering",18,2026-09-05 03:00:29,2026-09-05 03:00:29,2026-09-06 14:04:46
678532,The Strongest Gals VS. The Endlessly Energetic Old Guys [Berull],最強ギャルVS精力無限おじさん [べるる],The Strongest Gals VS. The Endlessly Energetic Old Guys,"english, translated",berull,,doujinshi,original,,"futanari, big breasts, pregnant, dark nipples, ahegao, full color, multi-work series, lactation, gyaru, bukkake, big penis, sole female, male on dickgirl, sole dickgirl, bald, full-packaged futanari",7,2026-09-05 03:01:16,2026-09-05 03:01:16,2026-09-06 14:05:01
678533,[MeltdoWN COmet (Yukiu Con)] Reiwa Shasei Challenge!!,,Reiwa Shasei Challenge!!,"english, translated",yukiu con,meltdown comet,doujinshi,original,,"handjob, nakadashi, scanmark, lolicon, incest, sister, blowjob, ponytail, rough translation",7,2026-09-05 03:02:58,2026-09-05 03:02:58,2026-09-06 14:05:13
678534,[Inudamashi (Akainu Pochi)] Mikamo Neru Sennou Saimin Tougijou (Blue Archive) [Digital],[いぬだまし (赤犬ポチ)] 美甘ネル洗脳催眠闘技場 (ブルーアーカイブ) [DL版],Mikamo Neru Sennou Saimin Tougijou,japanese,akainu pochi,inudamashi,doujinshi,blue archive,neru mikamo,"humiliation, machine, netorare, masturbation, ryona, robot, lolicon, mind control, mind break, halo",37,2026-09-05 03:10:20,2026-09-05 03:10:20,2026-09-06 14:05:24
678535,"Please Exorcise Me, Officer!",,"Please Exorcise Me, Officer!",english,jloid,,doujinshi,original,,"handjob, big breasts, big nipples, group, uncensored, big ass, prostate massage, nakadashi, ahegao, anal, big balls, x-ray, full color, masked face, big areolae, yaoi, gokkun, blowjob, muscle, big penis, horns, mmm threesome, anal intercourse, multiple orgasms, big muscles",27,2026-09-05 03:15:29,2026-09-05 03:15:29,2026-09-06 14:05:36
678536,ファームくまのき_熊ノ木咲月_ねこみみしっぽでおかえりなさい！？_オリジナル_DL版,[ファームくまのき (熊ノ木咲月)] ねこみみしっぽでおかえりなさい!? [中国翻訳] [DL版] [ページ欠落],ファームくまのき_熊ノ木咲月_ねこみみしっぽでおかえりなさい！？_オリジナル_DL版,"translated, chinese",kumanoki satsuki,farm kumanoki,doujinshi,original,,"anal, sex toys, incomplete, catgirl, sole female, tail plug, kemonomimi, extraneous ads",26,2026-09-05 03:17:19,2026-09-05 03:17:19,2026-09-06 14:05:47
678537,"[Buttyakedo (Micchan)] Sensei, Chotto Futari de Nukedashimasen ka? | 老師 我們兩個要不要偷偷溜出去一下呀？ (Blue Archive) [Chinese] [Digital]",[ぶっちゃけ堂 (みっちゃん)] 先生、ちょっと二人で抜けだしませんか? (ブルーアーカイブ) [中国翻訳] [DL版],"Sensei, Chotto Futari de Nukedashimasen ka? | 老師 我們兩個要不要偷偷溜出去一下呀？","translated, chinese",micchan,buttyakedo,doujinshi,blue archive,"ako amau, sensei","big breasts, nakadashi, ahegao, sole female, extraneous ads, halo",30,2026-09-05 03:19:20,2026-09-05 03:19:20,2026-09-06 14:05:58
678538,[Buttyakedo (Micchan)] Hina to Mizugi de Polynesian Sex Suru Hon (Blue Archive) [Chinese] [Digital],[ぶっちゃけ堂 (みっちゃん)] ヒナと水着でポリネシアンセックスする本 (ブルーアーカイブ) [中国翻訳] [DL版],Hina to Mizugi de Polynesian Sex Suru Hon,"translated, chinese",micchan,buttyakedo,doujinshi,blue archive,hina sorasaki,"lolicon, school swimsuit, sole female, horns, very long hair, extraneous ads",29,2026-09-05 03:24:41,2026-09-05 03:24:41,2026-09-06 14:07:16
678539,[Imajin Kouji ]パコハメホームステイ,[イマジン孝二] パコハメホームステイ (ANGEL倶楽部 2026年9月号) [中国翻訳] [DL版],パコハメホームステイ,"translated, chinese",imajin kouji,,manga,,,"big breasts, dark skin, stockings, big penis, sole female, sole male, bald, extraneous ads",24,2026-09-05 03:26:34,2026-09-05 03:26:34,2026-09-06 14:07:30
678540,[Baksheesh AT ]あの夏のアクメ岩,[バクシーシAT] あの夏のアクメ岩 (ANGEL倶楽部 2026年9月号) [中国翻訳] [DL版],あの夏のアクメ岩,"translated, chinese",at | baksheesh at,,manga,,,"big breasts, swimsuit, bikini, shotacon, sole female, sole male, extraneous ads, beach",25,2026-09-05 03:31:54,2026-09-05 03:31:54,2026-09-06 14:07:47
678541,[Sweet Candle (Tsukiji)] Osananajimi ni Kokuhaku Shichaimashita. | 一不小心被青梅竹馬告白了 [Chinese] [Digital],[Angel Bless (月路)] 幼馴染みに告白しちゃいました。 [中国翻訳] [DL版],Osananajimi ni Kokuhaku Shichaimashita. | 一不小心被青梅竹馬告白了,"translated, chinese",tsukiji,angel bless,doujinshi,original,,"schoolgirl uniform, full color, sole female, twintails, extraneous ads",27,2026-09-05 03:33:47,2026-09-05 03:33:47,2026-09-06 14:07:58
678542,[Prahapripa (Rinsun)] Oji-san Doutei Kusaiyo w (Meitantei Precure!) [Digital],[ぷらはぷりぱ (リンスン)] おじさん童貞くさいよw (名探偵プリキュア!) [DL版],Oji-san Doutei Kusaiyo w,japanese,rinsun,prahapripa,doujinshi,meitantei precure,"cure answer | anna akechi, cure mystique | mikuru kobayashi","group, ffm threesome, latex, bunny girl",22,2026-09-05 03:35:27,2026-09-05 03:35:27,2026-09-06 14:08:12
678543,[ONEGROSS (いちよんよん)] レジェンドゼリー排泄オナニーサポート,[ONEGROSS (いちよんよん)] レジェンドゼリー排泄オナニーサポート,レジェンドゼリー排泄オナニーサポート,japanese,144,onegross,doujinshi,"beat blades haruka | choukou sennin haruka, original, choukou shinki ixseal, choukou tenshi escalayer",,"scat, pregnant, inflation",44,2026-09-05 03:38:27,2026-09-05 03:38:27,2026-09-06 14:09:28
678544,[Pop Machine-gun (Kaho Ren)] Boyish no Ane ni Renshuudai to Shite Shiborareta,,Boyish no Ane ni Renshuudai to Shite Shiborareta,"english, translated",kaho ren | renry,pop machine-gun,doujinshi,original,,"big breasts, cheating, scanmark, incest, sister, tomboy, shotacon, sole female, sole male, pixie cut, rough translation",28,2026-09-05 03:43:57,2026-09-05 03:43:57,2026-09-06 14:09:39
678545,[So-matou (So-ma)] Saimin Gurugu Ruruka (Meitantei Precure!) [Digital],[そーま党 (そーま)] 催眠☆ぐるぐるるか (名探偵プリキュア!) [DL版],Saimin Gurugu Ruruka,japanese,so-ma,so-matou,doujinshi,meitantei precure,cure arcana shadow | ruruka moria,"lolicon, mind control, bbm, sole female, sole male",22,2026-09-05 03:48:26,2026-09-05 03:48:26,2026-09-06 14:09:52
678546,[Shuukyuu 8-ka (Hoshina Mimiwo)] Kenzen na Massage Ten de Ochinpo Hoshigatte Gomennasai -Moto Kare ni Massage de NTR-rechaimashita- [Digital],[週休8日 (星奈みみヲ)] 健全なマッサージ店でおち〇ぽ欲しがってごめんなさい～元彼にマッサージでNTRれちゃいました～ [DL版],Kenzen na Massage Ten de Ochinpo Hoshigatte Gomennasai -Moto Kare ni Massage de NTR-rechaimashita-,japanese,hoshina mimiwo,shuukyuu 8-ka,doujinshi,original,,"netorare, nakadashi, sex toys, fingering, muscle, big penis, multiple orgasms",80,2026-09-05 03:53:40,2026-09-05 03:53:40,2026-09-06 14:10:04
678547,[Asupara Bacon] Mushi no Mori no Elf-chan 3 [Digital],[明日原ベーコン] 虫の森のエルフちゃん3 (オリジナル) [DL版],Mushi no Mori no Elf-chan 3,japanese,,,doujinshi,original,,"futanari, elf, big breasts, monster girl, big nipples, clit growth, dickgirl on dickgirl, closed eyes, snail girl, full-packaged futanari",32,2026-09-05 03:55:50,2026-09-05 03:55:50,2026-09-06 14:10:16
678548,[Momonigiri (Arie Suzu)] Akuma no Sanagishitsu -Goshujin-sama ni Kousoku xx Sarete Midara na Karada ni Kaihatsu Sareru- [Digital],[ももにぎり (ありえすず)] 悪魔の蛹室～ご主人様に拘束××されて淫らな身体に開発される～ (オリジナル) [DL版],Akuma no Sanagishitsu -Goshujin-sama ni Kousoku xx Sarete Midara na Karada ni Kaihatsu Sareru-,japanese,arie suzu,momonigiri,doujinshi,original,,"maid, squirting, kissing, transformation, leg lock, big breasts, gag, corruption, unusual pupils, cunnilingus, glasses, masturbation, nakadashi, sex toys, bondage, dark skin, x-ray, stockings, sumata, demon, mind break, sole female, sole male, crotch tattoo, dark sclera, multiple orgasms, clit stimulation, nipple stimulation, painted nails, suspended",103,2026-09-05 04:02:05,2026-09-05 04:02:05,2026-09-06 14:10:29
678549,[Kirikirimai (Enu)] Joou-sama no Oshokuji,[切切枚 (ゑぬ)] 女王さまのおしょくじ,Joou-sama no Oshokuji,japanese,enu,kirikirimai,doujinshi,original,,"futanari, wings, big breasts, prostate massage, femdom, demon girl, shemale, breast expansion, stockings, orgasm denial, lingerie, gothic lolita, leotard, giantess, tomgirl, blowjob, age regression, feminization, tail, dickgirl on female",121,2026-09-05 04:09:56,2026-09-05 04:09:56,2026-09-06 14:11:45
678550,"(C57) [12KAFFEINS (Shidaka Akikuni)] Kanojo wa, Sore o Gamandekinai (Final Fantasy VII) English rewrite",(C57) [12KAFFEINS (しだかあきくに)] 彼女は、それを我慢できない (ファイナルファンタジーVII),"Kanojo wa, Sore o Gamandekinai (Final Fantasy VII) English rewrite",english,shidaka akikuni,12kaffeins,doujinshi,final fantasy vii,tifa lockhart,"big breasts, sole female",28,2026-09-05 04:12:01,2026-09-05 04:12:01,2026-09-06 14:11:57
678551,[MSGK Chanz (ZARO)] MSGK Chanz -Mesugaki Yousei Gakkou Hen-,[MSGKちゃんず (ZARO)] MSGKちゃんず -メスガキ養成学校編-,MSGK Chanz -Mesugaki Yousei Gakkou Hen-,japanese,,,doujinshi,original,,"lolicon, mesugaki",19,2026-09-05 04:15:49,2026-09-05 04:15:49,2026-09-06 14:12:09
678552,[Shizuma no Ie (Shizuma)] Amayadori sasete ageta Kiyowa Josei ga Yariman datta Hanashi,[しづまの家 (しづま)] 雨宿りさせてあげた気弱女性がヤリマンだった話,Amayadori sasete ageta Kiyowa Josei ga Yariman datta Hanashi,japanese,shizuma,shizuma no ie,doujinshi,original,,"big breasts, paizuri, blowjob, sole female, sole male",45,2026-09-05 04:18:56,2026-09-05 04:18:56,2026-09-06 14:12:22
678553,[Zetsubou Shiromuji (Shousan Bouzu)] Kyonyuu no Oyako ni Osewa ni Nattemasu. Extra Hen 2 [Digital],[絶望しろむじ (しょうさん坊主)] 巨乳の母娘にお世話になってます。エクストラ編2 [DL版],Kyonyuu no Oyako ni Osewa ni Nattemasu. Extra Hen 2,japanese,shousan bouzu | shioyama bou,zetsubou shiromuji,doujinshi,original,,"milf, big breasts, pregnant, group, big ass, nakadashi, ffm threesome, harem, lolicon, x-ray, multi-work series, lactation, oppai loli, sole male, oyakodon, hair buns",51,2026-09-05 04:28:47,2026-09-05 04:28:47,2026-09-06 14:12:35
678554,[Urasaka Hikume (Various)] Urasaka Hikume Official Anthology Hikume Dream!!!! (Urasaka Hikume) [Digital],[裏坂ひくめ (よろず)] 裏坂ひくめ公式アンソロジー ひくめドリーム!!!! (裏坂ひくめ) [DL版],Urasaka Hikume Official Anthology Hikume Dream!!!!,japanese,,,doujinshi,,urasaka hikume,"big breasts, ahegao, blowjob face, blowjob, beauty mark, vtuber, goudoushi",36,2026-09-05 04:31:15,2026-09-05 04:31:15,2026-09-06 14:12:46
678555,[Koppun (Hone)] Korekara SEX Suru Hitotachi [Digital],[骨粉 (ホネ)] これから○○○する人達 [DL版],Korekara SEX Suru Hitotachi,japanese,hone,koppun,doujinshi,original,,"milf, virginity, big breasts, glasses, prostitution, cousin, lolicon, defloration, multi-work series, incest, gyaru, widow, dilf, shotacon",25,2026-09-05 04:36:00,2026-09-05 04:36:00,2026-09-06 14:14:04
678556,[Koppun (Hone)] Korekara SEX Suru Hitotachi 2 [Digital],[骨粉 (ホネ)] これから○○○する人達2 [DL版],Korekara SEX Suru Hitotachi 2,japanese,hone,koppun,doujinshi,original,,"big breasts, cheating, nakadashi, bikini, lolicon, gyaru-oh, multi-work series, paizuri, filming, blowjob, bbm, shotacon, mesugaki",38,2026-09-05 04:43:31,2026-09-05 04:43:31,2026-09-06 14:14:19
678557,[FishBone (Hujinon)]  M.P.vol. 29 -Sodateta Deshi (Osu) wa Aisuru Onshi (Otome) o Dakisomeru- - The Disciple Claims His Beloved Mentor [Digital],[FishBone (ふじのん)]  M.P.vol.29 -育てた弟子(オス)は愛する恩師(おとめ)を抱き染める- [DL版],M.P.vol. 29 -Sodateta Deshi (Osu) wa Aisuru Onshi (Otome) o Dakisomeru- - The Disciple Claims His Beloved Mentor,japanese,hujinon,fishbone,doujinshi,original,,"defloration, sole female, sole male, beauty mark",72,2026-09-05 04:48:10,2026-09-05 04:48:10,2026-09-06 14:14:31
678558,[Waage (shift)] Sortilège de Cœur (Blue Archive) [Digital],[Waage (shift)] Sortilège de Cœur (ブルーアーカイブ)  [DL版],Sortilège de Cœur,japanese,shift,waage,doujinshi,blue archive,"sensei, eri shirao","big breasts, breast feeding, hairy, lactation, rimjob, paizuri, sole female, sole male",51,2026-09-05 04:51:25,2026-09-05 04:51:25,2026-09-06 14:14:46
678559,"[Annomike] Meguri Asobi - A story of two people through spring, summer and winter. | 四季巡游物语 [Chinese] [猫瓶瓶汉化组] [Digital]",[あんのみけ] めぐりあそび [中国翻訳] [DL版],"Meguri Asobi - A story of two people through spring, summer and winter. | 四季巡游物语","translated, chinese",annomike,,manga,,,"inseki, kissing, schoolgirl uniform, nakadashi, lolicon, exhibitionism, tankoubon, stockings, fingering, sister, school swimsuit, blowjob, bbm, ponytail, hidden sex, very long hair, classroom, swimming pool",204,2026-09-05 05:30:59,2026-09-05 05:30:59,2026-09-06 14:14:58
678560,【全裸版】恋母性活～妈妈的爆乳是我的所有物~[中国翻译],【全裸版】恋母性活～ママの爆乳は僕のもの～ [中国翻訳],【全裸版】恋母性活～妈妈的爆乳是我的所有物~,"translated, chinese",rara8,kobuta no yakata,manga,,,"milf, scat, big breasts, pregnant, big nipples, nakadashi, huge breasts, anal, sex toys, mother, hairy, x-ray, full color, incest, big areolae, lactation, paizuri, mosaic censorship, impregnation, blowjob, sole female, sole male, ponytail, clothed male nude female, anal intercourse, doujinshi",73,2026-09-05 05:45:04,2026-09-05 05:45:04,2026-09-06 14:16:14
678561,[5traight] Tamago Waru no Hetakuso-bu (Love Live! Hasunosora Jogakuin School Idol Club),[すとれぇと] たまご割るのへたくそ部 (ラブライブ!蓮ノ空女学院スクールアイドルクラブ),Tamago Waru no Hetakuso-bu,japanese,massigura,,doujinshi,love live hasunosora jogakuin school idol club,"kozue otomune, kaho hinoshita","females only, yuri",2,2026-09-05 05:45:34,2026-09-05 05:45:34,2026-09-06 14:16:25
678562,(C108) [Hair Pin-rui Hogoku (hairclip)] Doushu!! Cosplay Misete Kudasai! (Genshin Impact),(C108) [ヘアピン類保護区 (へあくりっぷ)] 堂主!!コスプレ見せて下さい! (原神),Doushu!! Cosplay Misete Kudasai!,japanese,hairclip,,doujinshi,genshin impact,hu tao,"handjob, swimsuit, unusual pupils, schoolgirl uniform, nakadashi, small breasts, cheerleader, sole female, sole male, very long hair",22,2026-09-05 05:47:06,2026-09-05 05:47:06,2026-09-06 14:16:37
678563,[MTL][Nna Timun (yurarin)] Nee-chan to furo haitte akachan mo tsukutta [2026-06 COMIC MUGEN TENSEI],ねえちゃんと風呂入って赤ちゃんも作った,Nee-chan to furo haitte akachan mo tsukutta,"english, translated",yurarin,,manga,,,"pregnant, full censorship, lolicon, incest, sister, shotacon, rough translation, classroom, bathing room",34,2026-09-05 05:53:47,2026-09-05 05:53:47,2026-09-06 14:16:50
678564,[aQ Gohan] Sunna-chan (Zenless Zone Zero) [English],[aQごはん] 千夏ちゃん (ゼンレスゾーンゼロ) [英語],Sunna-chan,english,aq gohan,,doujinshi,zenless zone zero,sunna,"masturbation, sex toys, solo action, lolicon, full color, stockings, sole female, no penetration, nipple stimulation",6,2026-09-05 05:55:11,2026-09-05 05:55:11,2026-09-06 14:17:02
678565,[Poyeop] Jahoda,,Jahoda,english,poyeop,,doujinshi,genshin impact,"hilichurl, jahoda","uncensored, nakadashi, leotard, sole female, twintails",21,2026-09-05 05:56:43,2026-09-05 05:56:43,2026-09-06 14:17:14
678566,[ダミー] 汗だくえっち,[ダミー] 汗だくえっち,汗だくえっち,japanese,dummy,,doujinshi,original,,"sole female, sole male",6,2026-09-05 05:57:21,2026-09-05 05:57:21,2026-09-06 14:18:29
678567,[ダミー] 諦めてた女の子,[ダミー] 諦めてた女の子,諦めてた女の子,japanese,dummy,,doujinshi,original,,"big breasts, sole female, sole male",6,2026-09-05 05:57:54,2026-09-05 05:57:54,2026-09-06 14:18:41
678568,[Dummy] Off-kai de Deatta Ikemen Kyonyuu na Ko,[ダミー] オフ会で出会ったイケメン巨乳な子,Off-kai de Deatta Ikemen Kyonyuu na Ko,japanese,dummy,,doujinshi,original,,"big breasts, tomboy, sole female, sole male, pixie cut",25,2026-09-05 05:59:37,2026-09-05 05:59:37,2026-09-06 14:18:53
678569,[ダミー] 酔うと羽目を外しすぎちゃうお姉さん,[ダミー] 酔うと羽目を外しすぎちゃうお姉さん,酔うと羽目を外しすぎちゃうお姉さん,japanese,dummy,,doujinshi,original,,"nakadashi, hairy, x-ray, drunk, sole female, sole male",20,2026-09-05 06:01:10,2026-09-05 06:01:10,2026-09-06 14:19:06
678570,[ダミー] 一日だけ彼女になってくれた女の子,[ダミー] 一日だけ彼女になってくれた女の子,一日だけ彼女になってくれた女の子,japanese,dummy,,doujinshi,original,,"sole female, sole male",6,2026-09-05 06:01:51,2026-09-05 06:01:51,2026-09-06 14:19:18
678571,[ダミー] いじっぱりなお嫁さん,[ダミー] いじっぱりなお嫁さん,いじっぱりなお嫁さん,japanese,dummy,,doujinshi,original,,"sole female, sole male",6,2026-09-05 06:02:25,2026-09-05 06:02:25,2026-09-06 14:19:29
678572,[ダミー] お別れセックスする2人,[ダミー] お別れセックスする2人,お別れセックスする2人,japanese,dummy,,doujinshi,original,,"sole female, sole male",6,2026-09-05 06:03:16,2026-09-05 06:03:16,2026-09-06 14:20:45
678573,[ダミー] 結婚するまで我慢していた夫婦,[ダミー] 結婚するまで我慢していた夫婦,結婚するまで我慢していた夫婦,japanese,dummy,,doujinshi,original,,"sole female, sole male",6,2026-09-05 06:03:51,2026-09-05 06:03:51,2026-09-06 14:20:57
678574,[ダミー] 無口で無表情な彼女,[ダミー] 無口で無表情な彼女,無口で無表情な彼女,japanese,dummy,,doujinshi,original,,"sole female, sole male",6,2026-09-05 06:04:26,2026-09-05 06:04:26,2026-09-06 14:21:08
678575,[ダミー] 練習させてくれた仲の良い女の子,[ダミー] 練習させてくれた仲の良い女の子,練習させてくれた仲の良い女の子,japanese,dummy,,doujinshi,original,,"sole female, sole male",6,2026-09-05 06:05:01,2026-09-05 06:05:01,2026-09-06 14:21:20
678576,[ダミー] 酔いつぶれて友達の彼氏としちゃった子,[ダミー] 酔いつぶれて友達の彼氏としちゃった子,酔いつぶれて友達の彼氏としちゃった子,japanese,dummy,,doujinshi,original,,"big breasts, sole female, sole male",6,2026-09-05 06:05:37,2026-09-05 06:05:37,2026-09-06 14:21:36
678577,[ダミー] フラれた幼馴染の相談にのる女の子,[ダミー] フラれた幼馴染の相談にのる女の子,フラれた幼馴染の相談にのる女の子,japanese,dummy,,doujinshi,original,,"big breasts, nakadashi, sole female, sole male",9,2026-09-05 06:06:25,2026-09-05 06:06:25,2026-09-06 14:21:48
678578,[ダミー] ナンパ即落ちちゃん,[ダミー] ナンパ即落ちちゃん,ナンパ即落ちちゃん,japanese,dummy,,doujinshi,original,,"kissing, leg lock, big breasts, swimsuit, condom, ahegao, bikini, tanlines, sole female, sole male, twintails",17,2026-09-05 06:07:38,2026-09-05 06:07:38,2026-09-06 14:23:03
678579,[ダミー] アプリで出会った大きな女の子,[ダミー] アプリで出会った大きな女の子,アプリで出会った大きな女の子,japanese,dummy,,doujinshi,original,,"big breasts, shotacon, sole female, sole male",17,2026-09-05 06:11:13,2026-09-05 06:11:13,2026-09-06 14:23:16
678580,[Tokyo Ereki Studio (Azuma Ryo)] Ijimerarekko JK wa Choroi. | 被欺负的JK真好搞定。 [Digital] [江之下流个人AI润色] [Chinese],[東京電気スタジオ (あずま涼)] イジメられっこJKはチョロい。[DL版] [江之下流个人AI润色] [中国翻訳],Ijimerarekko JK wa Choroi. | 被欺负的JK真好搞定。,"translated, chinese",azuma ryo,tokyo ereki studio,doujinshi,original,,"big breasts, big ass, ahegao, hairy, rough translation",27,2026-09-05 06:13:06,2026-09-05 06:13:06,2026-09-06 14:23:27
678581,"(C106) [Yujinsanchi (YUJIN)] Sorry, Eris... I wanna do it (Mushoku Tensei ~Isekai Ittara Honki Dasu~) [English] [MilkMellow] [FullEng]",(C106) [YUJINさん家 (YUJIN)] ごめん...っエリスいまヤリたい... (無職転生 ～異世界行ったら本気だす～),"Sorry, Eris... I wanna do it","english, translated",yujin,,doujinshi,mushoku tensei,"eris boreas greyrat, rudeus greyrat","squirting, sweating, kissing, big breasts, big ass, nakadashi, hairy, cousin, x-ray, incest, blowjob, sole female, sole male, gloves, very long hair",28,2026-09-05 06:19:00,2026-09-05 06:19:00,2026-09-06 14:23:41
678582,[ヤキカルビー] お礼のはずが引き止めちゃう女王サマ,[ヤキカルビー] お礼のはずが引き止めちゃう女王サマ,お礼のはずが引き止めちゃう女王サマ,japanese,ya-ki,,doujinshi,original,,"elf, big breasts, sole female, sole male",15,2026-09-05 06:20:24,2026-09-05 06:20:24,2026-09-06 14:23:54
678583,[ヤキカルビー] 下宿してるいとこ,[ヤキカルビー] 下宿してるいとこ,下宿してるいとこ,japanese,ya-ki,,doujinshi,original,,"sweating, big breasts, condom, tracksuit, cousin, sumata, tomboy, sole female, sole male",25,2026-09-05 06:22:16,2026-09-05 06:22:16,2026-09-06 14:25:08
678584,[ヤキカルビー] 時間停止系能力が発現した！,[ヤキカルビー] 時間停止系能力が発現した！,時間停止系能力が発現した！,japanese,ya-ki,,doujinshi,original,,"big breasts, sole female, sole male",8,2026-09-05 06:22:58,2026-09-05 06:22:58,2026-09-06 14:25:20
678585,[ヤキカルビー] 10年間育てたエルフ娘番外編,[ヤキカルビー] 10年間育てたエルフ娘番外編,10年間育てたエルフ娘番外編,japanese,ya-ki,,doujinshi,original,,"elf, sole female, sole male",6,2026-09-05 06:23:33,2026-09-05 06:23:33,2026-09-06 14:25:31
678586,[ヤキカルビー] アイドルとえっちするマネ,[ヤキカルビー] アイドルとえっちするマネ,アイドルとえっちするマネ,japanese,ya-ki,,doujinshi,original,,"big breasts, sole female, sole male",11,2026-09-05 06:24:32,2026-09-05 06:24:32,2026-09-06 14:25:42
678587,[Ponzu Inukimera] Joshi no Manimani [Digital],[ぽんず犬キメラ] 女子のまにまに [DL版],Joshi no Manimani,japanese,ponzu inukimera,,manga,,,"big breasts, schoolgirl uniform, bondage, demon girl, footjob, tankoubon, stockings, harness, twintails, tail",234,2026-09-05 06:39:03,2026-09-05 06:39:03,2026-09-06 14:25:54
678588,[ヤキカルビー] 弱みを握られてるおばさん(33),[ヤキカルビー] 弱みを握られてるおばさん(33),弱みを握られてるおばさん,japanese,ya-ki,,doujinshi,original,,"big breasts, shotacon, sole female, sole male, smalldom",8,2026-09-05 06:41:01,2026-09-05 06:41:01,2026-09-06 14:26:06
678589,[ヤキカルビー] 弱すぎる魔法少女,[ヤキカルビー] 弱すぎる魔法少女,弱すぎる魔法少女,japanese,ya-ki,,doujinshi,original,,"big breasts, magical girl, muscle, sole female, sole male, horns",6,2026-09-05 06:41:39,2026-09-05 06:41:39,2026-09-06 14:27:19
678590,[ヤキカルビー] 扉を開けっぱなしにする癖があるい⚪︎⚪︎⚪︎ 漫画7ページ,[ヤキカルビー] 扉を開けっぱなしにする癖があるい⚪︎⚪︎⚪︎ 漫画7ページ,扉を開けっぱなしにする癖があるい⚪︎⚪︎⚪︎ 漫画7ページ,japanese,ya-ki,,doujinshi,original,,"sole female, sole male",8,2026-09-05 06:42:19,2026-09-05 06:42:19,2026-09-06 14:27:30
678591,[ヤキカルビー] 時間停止！悪用注意♡,[ヤキカルビー] 時間停止！悪用注意♡,時間停止！悪用注意♡,japanese,ya-ki,,doujinshi,original,,"sole female, sole male",11,2026-09-05 06:43:12,2026-09-05 06:43:12,2026-09-06 14:27:42
678592,[PatientZ]♦️（🦌）❌ ♠️,[PatientZ]♦️（🦌）❌ ♠️,♦️（🦌）❌ ♠️,japanese,patientz,,doujinshi,original,,"anal, males only, yaoi, possession, muscle, anal intercourse",12,2026-09-05 06:44:08,2026-09-05 06:44:08,2026-09-06 14:27:54
678593,[Kirameki Sanmyaku (Geki-Sum)] Paizuri Glück (Azur Lane) [Digital],[きらめき山脈 (ゲキサム)] 乳交グリュック (アズールレーン) [DL版],Paizuri Glück,japanese,geki-sum,kirameki sanmyaku,doujinshi,azur lane,"prinz eugen, shikikan","big breasts, swimsuit, race queen, bikini, bunny girl, paizuri, sole male, clothed paizuri, no penetration, focus paizuri",22,2026-09-05 06:45:42,2026-09-05 06:45:42,2026-09-06 14:28:05
678594,[Double Slash (Orishima Yupopo)] Cry for the moon (Inazuma Eleven),[ダブルスラッシュ (織島ユポポ)] Cry for the moon (イナズマイレブン),Cry for the moon,japanese,orishima yupopo,double slash,doujinshi,inazuma eleven go,"hakuryuu, shuu","males only, yaoi",24,2026-09-05 06:47:29,2026-09-05 06:47:29,2026-09-06 14:28:16
678595,(Love Forgiven) [Double Slash (Orishima Yupopo)] CROSSROAD (Meitantei Conan),(Love Forgiven) [ダブルスラッシュ (織島ユポポ)] CROSSROAD (名探偵コナン),CROSSROAD,japanese,orishima yupopo,double slash,doujinshi,detective conan | meitantei conan,"shuuichi akai, rei furuya | tooru amuro","males only, yaoi",36,2026-09-05 06:50:02,2026-09-05 06:50:02,2026-09-06 14:29:34
678596,[Kanimisoya (Kanikama)] 42cm Kyokon Yarichin Astolfo-Kun Otokonoko Cosplayer ga Cosplayer to Pakoru Hon (Fate Grand Order) [English] [mysterymeat3] [Digital],[かにみそ屋 (かにかま)] 42cm巨根ヤリチンアストルフォくん男の娘コスプレイヤーがコスプレイヤーとパコる本 (Fate/Grand Order) [英訳] [DL版],42cm Kyokon Yarichin Astolfo-Kun Otokonoko Cosplayer ga Cosplayer to Pakoru Hon,"english, translated",kanikama,kanimisoya,doujinshi,"kantai collection, fate grand order","shimakaze, astolfo, shigure ui","big breasts, nakadashi, huge breasts, crossdressing, cosplaying, lolicon, big balls, huge penis, stockings, tomgirl, big penis, stomach deformation, sole male, josou seme, cumflation",43,2026-09-05 06:58:02,2026-09-05 06:58:02,2026-09-06 14:29:47
678597,COMIC Unreal Vol. 124,コミックアンリアル Vol.124,COMIC Unreal Vol. 124,japanese,"pandain, horitomo, jabara tornado, garoudo, fukuinu, katou an | izumi hachi, naitou kirara, siroi sio, tanaka ichimi, kikuazami kaoru",,manga,,,"maid, squirting, futanari, bdsm, wings, big breasts, monster girl, group, anthology, nakadashi, ahegao, huge breasts, anal, blowjob face, ffm threesome, femdom, mother, demon girl, dark skin, slime girl, x-ray, double penetration, breast expansion, big areolae, lactation, paizuri, fingering, ball sucking, impregnation, daughter, inverted nipples, blowjob, big penis, tentacles, bbm, kemonomimi, horns, tail, mouth mask, multimouth blowjob, anal intercourse, dickgirl on female",290,2026-09-05 07:17:28,2026-09-05 07:17:28,2026-09-06 14:29:58
678598,"[RongChuhan] Onaka Suita! Annin Miru-chan, Demae o Tanomou! | 太餓了！杏仁咪嚕來點些外送吃吧！ [Uncensored] [Chinese] [Digital]",[栄初涵] おなかすいた!杏仁ミルちゃん、出前を頼もう! (杏仁ミル) [中国語] [無修正] [DL版],"Onaka Suita! Annin Miru-chan, Demae o Tanomou! | 太餓了！杏仁咪嚕來點些外送吃吧！",chinese,rongchuhan,,doujinshi,original,,"uncensored, nakadashi, tomboy, catgirl, sole female, sole male, kemonomimi, tail, vtuber",28,2026-09-05 07:19:37,2026-09-05 07:19:37,2026-09-06 14:30:09
678599,"[RongChuhan] Shokkaku Shoushitsu Joshi 2 - ""Ikite Iru Uchi ni... Ichido no Fureai ja Tarinai"" [Digital]",[栄初涵] 触覚消失女子2――「生きているうちに…一度の触れ合いじゃ足りない」 [DL版],"Shokkaku Shoushitsu Joshi 2 - ""Ikite Iru Uchi ni... Ichido no Fureai ja Tarinai""",japanese,rongchuhan,,doujinshi,original,,"nakadashi, ahegao, multi-work series, sole female, sole male, multiple orgasms",25,2026-09-05 07:21:26,2026-09-05 07:21:26,2026-09-06 14:30:21
678600,"[RongChuhan] Shokkaku Shoushitsu Joshi 3 - ""Nee... Mou Chotto, Issho ni Ite Kureru?"" [Digital]",[栄初涵] 触覚消失女子3――「ねえ…もうちょっと、一緒にいてくれる？」 [DL版],"Shokkaku Shoushitsu Joshi 3 - ""Nee... Mou Chotto, Issho ni Ite Kureru?""",japanese,rongchuhan,,doujinshi,original,,"bdsm, nakadashi, multi-work series, stockings, blowjob, collar, catgirl, deepthroat, sole female, sole male, tail plug, kemonomimi, leash, butt plug",25,2026-09-05 07:23:21,2026-09-05 07:23:21,2026-09-06 14:30:33
678601,"[RongChuhan] Shokkaku Shoushitsu Joshi 1 - ""Sensei... Watashi, Mou Sukui ga Nai n Desu ne"" | 觸覺消失少女1――「醫生…救不了我的」 [Chinese] [Digital]",[栄初涵] 触覚消失女子1――「先生…私、もう救いがないんですね」 [中国語] [DL版],"Shokkaku Shoushitsu Joshi 1 - ""Sensei... Watashi, Mou Sukui ga Nai n Desu ne"" | 觸覺消失少女1――「醫生…救不了我的」",chinese,rongchuhan,,doujinshi,original,,"bandages, nakadashi, sleeping, multi-work series, sole female, sole male",25,2026-09-05 07:25:13,2026-09-05 07:25:13,2026-09-06 14:30:44
678602,"[RongChuhan] Shokkaku Shoushitsu Joshi 2 - ""Ikiteiru Uchi ni... Ichido no Fureai ja Tarinai"" | 觸覺消失少女2——「在生前…僅僅一次的觸摸還不夠」 [Chinese] [Digital]",[栄初涵] 触覚消失女子2――「生きているうちに…一度の触れ合いじゃ足りない」 [中国語] [DL版],"Shokkaku Shoushitsu Joshi 2 - ""Ikiteiru Uchi ni... Ichido no Fureai ja Tarinai"" | 觸覺消失少女2——「在生前…僅僅一次的觸摸還不夠」",chinese,rongchuhan,,doujinshi,original,,"bandages, nakadashi, ahegao, multi-work series, sole female, sole male, multiple orgasms",25,2026-09-05 07:27:08,2026-09-05 07:27:08,2026-09-06 14:31:58
678603,"[RongChuhan] Shokkaku Shoushitsu Joshi 3 - ""Nee... Mou Chotto, Issho ni Ite Kureru?"" | 觸覺消失少女3——「呐…能再陪我一下嗎？」 [Chinese] [Digital]",[栄初涵] 触覚消失女子3――「ねえ…もうちょっと、一緒にいてくれる？」 [中国語] [DL版],"Shokkaku Shoushitsu Joshi 3 - ""Nee... Mou Chotto, Issho ni Ite Kureru?"" | 觸覺消失少女3——「呐…能再陪我一下嗎？」",chinese,rongchuhan,,doujinshi,original,,"bdsm, nakadashi, multi-work series, stockings, blowjob, collar, catgirl, deepthroat, sole female, sole male, tail plug, kemonomimi, leash, butt plug",25,2026-09-05 07:29:07,2026-09-05 07:29:07,2026-09-06 14:32:10
678604,[ヤキカルビー] 女子校の王子様,[ヤキカルビー] 女子校の王子様,女子校の王子様,japanese,ya-ki,,doujinshi,original,,"big breasts, sole female, sole male",13,2026-09-05 07:30:15,2026-09-05 07:30:15,2026-09-06 14:32:21
678605,[Furuisu Emi] Jikan Teishi Itsumo no You ni Tsutomesaki no Kirei na Josei ni Tanetsuke Shimasu,[フルイスエミ] 時間停止 いつものように勤め先のキレイな女性に種付けします [嘉文机翻汉化],Jikan Teishi Itsumo no You ni Tsutomesaki no Kirei na Josei ni Tanetsuke Shimasu,"translated, chinese",,full exist | furuisuemi,doujinshi,original,,"business suit, kissing, big breasts, time stop, group, glasses, big ass, nakadashi, full color, assjob, pantyhose, sumata, bukkake, mosaic censorship, dilf, blowjob, sole male, rough translation, high heels",41,2026-09-05 07:33:05,2026-09-05 07:33:05,2026-09-06 14:32:33
678606,[Chotto B-sen] Spiritual Soap Joshi wa Shiawase no Tame nara Nandemo Shinjiru. [Full Color-ban],,Spiritual Soap Joshi wa Shiawase no Tame nara Nandemo Shinjiru.,"translated, chinese",,chotto b-sen,doujinshi,original,,rough translation,36,2026-09-05 07:35:45,2026-09-05 07:35:45,2026-09-06 14:32:44
678607,[21/Bell hound (Various)] Shake up (Ookiku Furikabutte),[21/Bell hound (よろず)] Shake up (おおきく振りかぶって),Shake up,japanese,,,doujinshi,ookiku furikabutte | big windup,"hiroyuki oda, shuugo kanou","schoolboy uniform, males only, yaoi",48,2026-09-05 07:38:44,2026-09-05 07:38:44,2026-09-06 14:32:56
678608,[あねかわ] もしも！彼氏の近くにいてほしくないタイプの女が彼氏の妹で血が繋がっていなかったら！,[あねかわ] もしも！彼氏の近くにいてほしくないタイプの女が彼氏の妹で血が繋がっていなかったら！,もしも！彼氏の近くにいてほしくないタイプの女が彼氏の妹で血が繋がっていなかったら！,japanese,anekawa,,doujinshi,original,,"inseki, sweating, sister, sole female, sole male",4,2026-09-05 07:39:15,2026-09-05 07:39:15,2026-09-06 14:34:11
678609,[あねかわ] 根は悪くなさそうなデ◯パイギャル,[あねかわ] 根は悪くなさそうなデ◯パイギャル,根は悪くなさそうなデ◯パイギャル,japanese,anekawa,,doujinshi,original,,"sweating, big breasts, collar, sole female, sole male",4,2026-09-05 07:39:42,2026-09-05 07:39:42,2026-09-06 14:34:23
678610,[あねかわ] 半年前ぐらいに書いた学マスの合同のやつ,[あねかわ] 半年前ぐらいに書いた学マスの合同のやつ,半年前ぐらいに書いた学マスの合同のやつ,japanese,anekawa,,doujinshi,original,,sole female,10,2026-09-05 07:40:35,2026-09-05 07:40:35,2026-09-06 14:34:35
678611,[あねかわ] 処女営業Vtuber長乳おばさん(35),[あねかわ] 処女営業Vtuber長乳おばさん(35),処女営業Vtuber長乳おばさん,japanese,anekawa,,doujinshi,original,,"sweating, kissing, big breasts, dark skin, x-ray, sole female, sole male",4,2026-09-05 07:41:03,2026-09-05 07:41:03,2026-09-06 14:34:46
678612,[あねかわ] 寝取らせ異常性癖カノジョVS純愛女,[あねかわ] 寝取らせ異常性癖カノジョVS純愛女,寝取らせ異常性癖カノジョVS純愛女,japanese,anekawa,,doujinshi,original,,"gyaru-oh, sole female, sole male, netorase",5,2026-09-05 07:41:32,2026-09-05 07:41:32,2026-09-06 14:34:58
678613,[あねかわ] 彼氏持ち元カノエ〇メイド(え〇ちは応相談),[あねかわ] 彼氏持ち元カノエ〇メイド(え〇ちは応相談),彼氏持ち元カノエ〇メイド,japanese,anekawa,,doujinshi,original,,"maid, netorare, cheating, sole female, sole male",6,2026-09-05 07:42:06,2026-09-05 07:42:06,2026-09-06 14:35:09
678614,[あねかわ] 地味顔巨乳アッパーオタクいも〇と,[あねかわ] 地味顔巨乳アッパーオタクいも〇と,地味顔巨乳アッパーオタクいも〇と,japanese,anekawa,,doujinshi,original,,"sweating, sole female, sole male",5,2026-09-05 07:42:45,2026-09-05 07:42:45,2026-09-06 14:36:28
678615,[あねかわ] 生徒がひとりしかいない廃校寸前の学校で発達が遅れたり進んでたりする子と,[あねかわ] 生徒がひとりしかいない廃校寸前の学校で発達が遅れたり進んでたりする子と,生徒がひとりしかいない廃校寸前の学校で発達が遅れたり進んでたりする子と,japanese,anekawa,,doujinshi,original,,"dark skin, sole female, sole male",5,2026-09-05 07:43:13,2026-09-05 07:43:13,2026-09-06 14:36:39
678616,[あねかわ] 貞操観念逆転は定期的に擦りたい,[あねかわ] 貞操観念逆転は定期的に擦りたい,貞操観念逆転は定期的に擦りたい,japanese,anekawa,,doujinshi,original,,"sweating, sole female, sole male",4,2026-09-05 07:43:41,2026-09-05 07:43:41,2026-09-06 14:36:53
678617,[あねかわ] ケモ耳獣人幼馴染さん(♀)、カノジョ持ち幼馴染くんにうっかり発情してしまう…,[あねかわ] ケモ耳獣人幼馴染さん(♀)、カノジョ持ち幼馴染くんにうっかり発情してしまう…,ケモ耳獣人幼馴染さん(♀)、カノジョ持ち幼馴染くんにうっかり発情してしまう…,japanese,anekawa,,doujinshi,original,,"kissing, cheating, x-ray, sole female, sole male, kemonomimi",4,2026-09-05 07:44:04,2026-09-05 07:44:04,2026-09-06 14:37:05
678618,[あねかわ] コスプレ女(非性病持ち)絵師さん、原作愛からか即売会にてうっかり処〇オークションを開いてしまう・・・,[あねかわ] コスプレ女(非性病持ち)絵師さん、原作愛からか即売会にてうっかり処〇オークションを開いてしまう・・・,コスプレ女(非性病持ち)絵師さん、原作愛からか即売会にてうっかり処〇オークションを開いてしまう・・・,japanese,anekawa,,doujinshi,original,,"sweating, defloration, sole female, sole male",5,2026-09-05 07:44:33,2026-09-05 07:44:33,2026-09-06 14:37:16
678619,Shooting an AV with Kyon and Mikuru,[Kiliu] AV wo Toru Kyon to Mikuru,Shooting an AV with Kyon and Mikuru,"english, translated",kiliu,,doujinshi,the melancholy of haruhi suzumiya | suzumiya haruhi no yuuutsu,"haruhi suzumiya, mikuru asahina, kyon","sweating, big breasts, nakadashi, ahegao, x-ray, paizuri, blowjob, stomach deformation, sole female, sole male",4,2026-09-05 07:45:01,2026-09-05 07:45:01,2026-09-06 14:38:34
678620,"[Yokojima] Tsukiai Hajimeta Sukonbu ga Shiotaiou de, Ossan Sukonbu ni Otosareru Fubuki-san | Fubuki Gets Turned Off by Her New Boyfriend's Coldness and Ends Up Falling for the Old Man Instead ch. 1-5 (ongoing) [English] [Aishi21]",[ヨコジマ] 付き合い始めたすこん部が塩対応で、おっさんすこん部に落とされるフブキさん (白上フブキ),"Tsukiai Hajimeta Sukonbu ga Shiotaiou de, Ossan Sukonbu ni Otosareru Fubuki-san | Fubuki Gets Turned Off by Her New Boyfriend's Coldness and Ends Up Falling for the Old Man Instead ch. 1-5","english, translated",yokojima,,doujinshi,hololive,shirakami fubuki,"squirting, big breasts, glasses, netorare, condom, dark skin, full color, multi-work series, stockings, mosaic censorship, fox girl, bbm, sole male, kemonomimi, tail, vtuber",61,2026-09-05 07:48:54,2026-09-05 07:48:54,2026-09-06 14:38:46
678621,[Au79] 좋아하는 여자의 발과 결혼 和心仪女生的脚结婚,,좋아하는 여자의 발과 결혼 和心仪女生的脚结婚,"translated, chinese",au79,,doujinshi,original,,"sweating, big breasts, chastity belt, humiliation, femdom, foot licking, full color, orgasm denial, tall girl, slave, sole female, sole male, twintails, clothed female nude male, leash, no penetration, petplay, crying",7,2026-09-05 07:49:35,2026-09-05 07:49:35,2026-09-06 14:38:58
678622,[memory] Hidden Feature of the Aphrodisiac App [English] [MTL] [Digital],,Hidden Feature of the Aphrodisiac App,"english, translated",kasabuta | memory,,doujinshi,original,,"old man, swimsuit, nakadashi, lolicon, mind control, small breasts, rape, dilf, sunglasses, bbm, sole female, sole male, rough translation, beach",16,2026-09-05 07:52:52,2026-09-05 07:52:52,2026-09-06 14:39:17
678623,"[Cheeseyeast (Naka)] Slime Onee-san to Ikenai Ohanashi, Shimasho? [Digital]",[チーズ酵母 (なか)] スライムおねーさんとイケナイお話、しましょ? [DL版],"Slime Onee-san to Ikenai Ohanashi, Shimasho?",japanese,naka,cheeseyeast,doujinshi,original,,"big breasts, swimsuit, onahole, urethra insertion, monster girl, full censorship, ahegao, low lolicon, femdom, crossdressing, slime girl, tomgirl, school swimsuit, shotacon, kemonomimi, no penetration",40,2026-09-05 08:00:22,2026-09-05 08:00:22,2026-09-06 14:39:28
678624,"[OTOMEKIBUN (Sansyoku Amido.)] Kuwabara, AV Gakkou de Seishun! 21 [Digital]",[乙女気分 (三色網戸。)] 桑原、AV 学校で性春!21 [DL版],"Kuwabara, AV Gakkou de Seishun! 21",japanese,sansyoku amido.,otomekibun,doujinshi,original,,"big breasts, swimsuit, mmf threesome, group, nakadashi, ahegao, huge breasts, anal, bikini, x-ray, gyaru-oh, multi-work series, double penetration, filming, muscle, bbm, sole female, anal intercourse, nipple stimulation",39,2026-09-05 08:02:53,2026-09-05 08:02:53,2026-09-06 14:40:43
678625,[ほしゃら] 娘の代わりに抱かれる母,[ほしゃら] 娘の代わりに抱かれる母,娘の代わりに抱かれる母,japanese,hoshara,,doujinshi,nijisanji,dola,"milf, big breasts, condom, full color, sole female, sole male, horns, vtuber",28,2026-09-05 08:04:52,2026-09-05 08:04:52,2026-09-06 14:40:57
678626,[Mikandensya (Dan)] pamper Me! (THE IDOLM@STER MILLION LIVE!) [Digital] [MTL],[蜜柑電車 (ダン)] pamper Me! (アイドルマスター ミリオンライブ!) [DL版],pamper Me!,"english, translated",dan,mikandensya,doujinshi,the idolmaster,"producer, tsubasa ibuki","unusual pupils, nakadashi, stockings, waitress, blowjob, sole female, sole male, rough translation",27,2026-09-05 08:06:45,2026-09-05 08:06:45,2026-09-06 14:41:08
678627,[Wasuraruru Tegami (Binsen)] Tatoeba Konna Million Theater Vol. 12 Hitozuma Momoko (THE IDOLM@STER MILLION LIVE!) [Digital] [MTL],[忘らるる手紙 (びんせん)] 例えばこんなミリオンシアター vol.12 人妻桃子 (アイドルマスター ミリオンライブ!) [DL版],Tatoeba Konna Million Theater Vol. 12 Hitozuma Momoko,"english, translated",binsen,wasuraruru tegami,doujinshi,the idolmaster,"producer, momoko suou","nakadashi, sole female, sole male, rough translation",33,2026-09-05 08:09:01,2026-09-05 08:09:01,2026-09-06 14:41:20
678628,(C95) [PLANT (Tsurui)] Miki ga Mama ni Natte Ageru (THE IDOLM@STER) [MTL],(C95) [PLANT (鶴井)] ミキがママになってあげる (アイドルマスター),Miki ga Mama ni Natte Ageru,"english, translated",tsurui,plant,doujinshi,the idolmaster,"producer, miki hoshii","breast feeding, lingerie, sole female, sole male, ponytail, rough translation",43,2026-09-05 08:12:09,2026-09-05 08:12:09,2026-09-06 14:41:31
678629,[Etori] Mayonaka No Otoshimono [Chinese] [瑞树汉化组],[江鳥] 真夜中のオとしモノ [中国翻訳],Mayonaka No Otoshimono,"translated, chinese",etori yuuya,,manga,,,"glasses, nakadashi, anal, sleeping, males only, yaoi, drunk, gaping, tomgirl, blowjob, beauty mark, mesuiki, anal intercourse",12,2026-09-05 08:13:03,2026-09-05 08:13:03,2026-09-06 14:41:42
678630,[Shinen] It seems Creati has become a sex-disposal fleshlight (My Hero Academia),[天聖] クリエティさんは性処理肉便器になったようです (僕のヒーローアカデミア),It seems Creati has become a sex-disposal fleshlight,english,,,doujinshi,my hero academia | boku no hero academia,,"big breasts, big nipples, blowjob face, nipple fuck, big areolae, gokkun, sole female, bald",10,2026-09-05 08:13:50,2026-09-05 08:13:50,2026-09-06 14:42:55
678631,[明日方舟] 铃兰与忍冬的劫难前篇 敍拉古绑架案,[重生の拿鐵 (Latte囝）&YANx5] 鈴蘭與忍冬劫難 前篇 (Pixiv Fanbox),铃兰与忍冬的劫难前篇 敍拉古绑架案,chinese,latte,,doujinshi,arknights,"suzuran, vulpisfoglia","gag, bondage, pantyhose, fox girl, kemonomimi, tail",4,2026-09-05 08:14:21,2026-09-05 08:14:21,2026-09-06 14:43:10
678632,[べるる] にじさんじ水着ナンパ★合同誌 参加ページ (にじさんじ),[べるる] にじさんじ水着ナンパ★合同誌 参加ページ (にじさんじ),にじさんじ水着ナンパ★合同誌 参加ページ,japanese,berull,,doujinshi,nijisanji,sukoya kana,"big breasts, swimsuit, big ass, bikini, blowjob, sole female, sole male, vtuber, no penetration, beach",2,2026-09-05 08:14:41,2026-09-05 08:14:41,2026-09-06 14:43:21
678633,[あねかわ] エルフの里でなんか種〇マにされるシチュ＝神,[あねかわ] エルフの里でなんか種〇マにされるシチュ＝神,エルフの里でなんか種〇マにされるシチュ＝神,japanese,anekawa,,doujinshi,original,,"squirting, elf, sweating, big breasts, sole female, sole male",2,2026-09-05 08:15:04,2026-09-05 08:15:04,2026-09-06 14:43:32
678634,[Line Out (Rondonko)] Nande Watashiga,[ラインアウト (ろんどんこ)] なんでわたしが,Nande Watashiga,japanese,rondonko,line out,doujinshi,original,,"netorare, lolicon, defloration, multi-work series, rape, blackmail",67,2026-09-05 08:27:22,2026-09-05 08:27:22,2026-09-06 14:43:44
678635,[ダミー] 久しぶりに会った夫婦,[ダミー] 久しぶりに会った夫婦,久しぶりに会った夫婦,japanese,dummy,,doujinshi,original,,"kissing, x-ray, sole female, sole male",3,2026-09-05 08:27:49,2026-09-05 08:27:49,2026-09-06 14:43:56
678636,[ダミー] 相性を確かめたかった彼女,[ダミー] 相性を確かめたかった彼女,相性を確かめたかった彼女,japanese,dummy,,doujinshi,original,,"big breasts, sole female, sole male",3,2026-09-05 08:28:12,2026-09-05 08:28:12,2026-09-06 14:44:09
678637,"[Hotate-chan] Yatara to ""Oiroke no Jutsu"" o Segamareru Daidai Shinobu Kakei no JK",[ほたてちゃん] やたらと「おいろけの術」をせがまれる代々忍家系のJK,"Yatara to ""Oiroke no Jutsu"" o Segamareru Daidai Shinobu Kakei no JK",japanese,hotate-chan,,doujinshi,original,,"squirting, sweating, big breasts, unusual pupils, stockings, teacher, kunoichi, sole female, sole male, ponytail, gloves, mouth mask",4,2026-09-05 08:29:04,2026-09-05 08:29:04,2026-09-06 14:45:22
678638,[Hotate-chan] Namaiki na Imouto,[ほたてちゃん] 生意気な妹,Namaiki na Imouto,japanese,hotate-chan,,doujinshi,original,,"big breasts, sole female, sole male",7,2026-09-05 08:29:45,2026-09-05 08:29:45,2026-09-06 14:45:33
678639,[オスワーニ] 作画の安定しない魔王様,[オスワーニ] 作画の安定しない魔王様,作画の安定しない魔王様,japanese,osuwaani,,doujinshi,original,,horns,4,2026-09-05 08:30:15,2026-09-05 08:30:15,2026-09-06 14:45:46
678640,『からかい好きの彼女に寝取られ性癖を知られたら』,,『からかい好きの彼女に寝取られ性癖を知られたら』,japanese,,netorare no tami,doujinshi,original,,"leg lock, big breasts, netorare, midget, huge breasts, femdom, hairy, filming, tomgirl, first person perspective, shaved head, ponytail, very long hair, netorase",294,2026-09-05 08:46:54,2026-09-05 08:46:54,2026-09-06 14:45:57
678641,[iwao] 風舞希さん (魔都精兵のスレイブ),[iwao] 風舞希さん (魔都精兵のスレイブ),風舞希さん,japanese,iwao,,doujinshi,mato seihei no slave | chained soldier,"fubuki azuma, yuuki wakura","milf, big breasts, sole female, sole male, eye-covering bang",10,2026-09-05 08:47:51,2026-09-05 08:47:51,2026-09-06 14:46:08
678642,[Sawajiri Merou] Gal wa Gyaku Rape o Yamerarenai! [Chinese] [甜族星人赞助汉化] [Digital],[沢尻メロウ] ギャルは逆レイプをやめられないっ! [中国翻訳] [DL版],Gal wa Gyaku Rape o Yamerarenai!,"translated, chinese",rakujin | sawajiri merou,,manga,,,"handjob, milf, kissing, virginity, big breasts, garter belt, layer cake, cunnilingus, schoolboy uniform, group, glasses, story arc, prostate massage, schoolgirl uniform, facesitting, nakadashi, freckles, lab coat, ffm threesome, femdom, bondage, harem, exhibitionism, x-ray, defloration, drugs, tankoubon, stockings, rimjob, sumata, gyaru, ball sucking, teacher, blowjob, collar, chikan, sole male, very long hair, multimouth blowjob, multiple orgasms, nipple stimulation, painted nails, ball caressing, onsen, infirmary",212,2026-09-05 09:01:11,2026-09-05 09:01:11,2026-09-06 14:46:21
678643,[Coupe] Akumu Revenge 3 | Nightmare Revenge 3 [English],[こっぺ] 悪夢リベンジ 3 [英訳],Akumu Revenge 3 | Nightmare Revenge 3,"english, translated",coupe,,doujinshi,original,,"milf, sweating, big breasts, group, ffm threesome, multi-work series, oyakodon",32,2026-09-05 09:03:37,2026-09-05 09:03:37,2026-09-06 14:47:39
678644,(C108) [Salt Peanuts (Niea)] Cupid and Psyche (Third World Girl vol 1.5) (Toaru Kagaku no Railgun),(C108) [Salt Peanuts (にえあ)] Cupid and Psyche (Third World Girl vol 1.5) (とある科学の超電磁砲),Cupid and Psyche,japanese,niea,salt peanuts,doujinshi,toaru project,"misaki shokuhou, mikoto misaka","mmf threesome, group, full censorship, stockings, small breasts, very long hair",50,2026-09-05 09:07:21,2026-09-05 09:07:21,2026-09-06 14:47:52
678645,[Komorebi (Kyudoli)] Takamatsu Tomori wa Ai o Shiranai (BanG Dream! It's MyGO!!!!!) [Digital],[木漏れ日 (キュードリ)] 高松燈は愛を知らない (BanG Dream! It's MyGO!!!!!) [DL版],Takamatsu Tomori wa Ai o Shiranai,japanese,kyudoli,komorebi,doujinshi,bang dream,"anon chihaya, tomori takamatsu","females only, schoolgirl uniform, yuri",34,2026-09-05 09:09:33,2026-09-05 09:09:33,2026-09-06 14:48:04
678646,[Komorebi (Kyudoli)] Takamatsu Tomori wa Ai o Shiranai | Takamatsu Tomori Knows Nothing of Love (BanG Dream! It's MyGO!!!!!) [English] [Digital],[木漏れ日 (キュードリ)] 高松燈は愛を知らない (BanG Dream! It's MyGO!!!!!) [英訳] [DL版],Takamatsu Tomori wa Ai o Shiranai | Takamatsu Tomori Knows Nothing of Love,"english, translated",kyudoli,komorebi,doujinshi,bang dream,"anon chihaya, tomori takamatsu","females only, schoolgirl uniform, yuri",34,2026-09-05 09:11:46,2026-09-05 09:11:46,2026-09-06 14:48:15
678647,[EN] Haburare Zukai no Isekai Boukentan (The Adventure of a Rune Master) 08,ハブられルーン使いの異世界冒険譚,Haburare Zukai no Isekai Boukentan (The Adventure of a Rune Master) 08,"english, translated",hara tsumoi,,manga,,,"big breasts, multi-work series",39,2026-09-05 09:14:29,2026-09-05 09:14:29,2026-09-06 14:48:26
678648,"[HUMIHAKO (Shiromaru)] Motoyan Hitozuma Taiiku Kyoushi, Onsen Ryokan nite Kyouei Mizugi de Ochiru | Former delinquent housewife PE teacher, falls in a hot spring inn while wearing a competitive swimsuit [English] [Digital]",[ふみはこ (白丸)] 元ヤン人妻体育教師、温泉旅館にて競泳水着で堕ちる [英訳] [DL版],"Motoyan Hitozuma Taiiku Kyoushi, Onsen Ryokan nite Kyouei Mizugi de Ochiru | Former delinquent housewife PE teacher, falls in a hot spring inn while wearing a competitive swimsuit","english, translated",shiro maru,,doujinshi,original,,"big breasts, swimsuit, cheating, oil, multi-work series, muscle, sole female, eye-covering bang, rough translation, onsen",47,2026-09-05 09:17:39,2026-09-05 09:17:39,2026-09-06 14:48:38
678649,[Lemon Drop (Neri Yume Yuna)] Iriya-chan NTR Mesu Ochi Tokuiten 2 (Fate/Grand Order) [Digital],[れもんどろっぷ (練り夢ゆな)] イリヤちゃんNTRメス堕ち特異点2 (Fate/Grand Order) [DL版],Iriya-chan NTR Mesu Ochi Tokuiten 2,japanese,,lemon drop,doujinshi,"fate kaleid liner prisma illya, fate grand order",illyasviel von einzbern,"magical girl, netorare, nakadashi, lolicon, multi-work series, sole female",40,2026-09-05 09:24:43,2026-09-05 09:24:43,2026-09-06 14:49:53
678650,[Komine Tsubasa] Cross-Breeding [Digital],,Cross-Breeding,"english, translated",komine tsubasa | gokatsuin naka,,manga,,,"pregnant, group, cheating, scanmark, harem, pig, tankoubon, dilf, impregnation, rough translation",189,2026-09-05 09:36:28,2026-09-05 09:36:28,2026-09-06 14:50:04
678651,[Harusame Kanmidokoro (Harusame Kakigoori)] Soredemo Roshutsu wa Yameranai [Digital],[春雨甘味処 (春雨カキ氷)] それでも露出はやめられない [DL版],Soredemo Roshutsu wa Yameranai,japanese,harusame kakigoori,,doujinshi,original,,"masturbation, low lolicon, solo action, exhibitionism, sole female, no penetration, mesuiki",42,2026-09-05 09:39:23,2026-09-05 09:39:23,2026-09-06 14:50:15
678652,[MendakoPark (Yamamoto)] Misono Kouki (Blue Archive) [Digital],[めんだこぱぁく (やまもと)] 聖園香気 (ブルーアーカイブ) [DL版],Misono Kouki,japanese,yamamoto,mentaipark,doujinshi,blue archive,"mika misono, sensei","kissing, wings, ahegao, anal, x-ray, sole female, sole male, hair buns, anal intercourse, halo",22,2026-09-05 09:41:05,2026-09-05 09:41:05,2026-09-06 14:50:27
678653,[Qruppo×Mameojitan] Nukitashi Nukige mitai na shima ni sunderu watashi wa dosurya ii desuka R 第16话 | 生活在拔作一样的岛上我该怎么办才好 R 第16话 [Chinese] [糖果个人汉化],[Qruppo×まめおじたん] ぬきたし-抜きゲーみたいな島に住んでるわたしはどうすりゃいいですか R 第16话 [中国翻訳],Nukitashi Nukige mitai na shima ni sunderu watashi wa dosurya ii desuka R 第16话 | 生活在拔作一样的岛上我该怎么办才好 R 第16话,"translated, chinese",mameojitan,qruppo,manga,nukige mitai na shima ni sunderu watashi wa dou surya ii desu ka | is the island utopia or dystopia,,multi-work series,29,2026-09-05 09:43:02,2026-09-05 09:43:02,2026-09-06 14:50:39
678654,[idoraa] Leon and Hop | 丹帝X赫普 [Chinese] [李士奇汉化],,Leon and Hop | 丹帝X赫普,"translated, chinese",lilprincyvi,,manga,,,"males only, yaoi, muscle, facial hair",5,2026-09-05 09:43:38,2026-09-05 09:43:38,2026-09-06 14:50:50
678655,(COMITIA156) [trick&treat (tries)] Hakanaki Hitomi no Ojou-sama wa | The Lady with The Fragile Gaze... [English] [Crystallized],(コミティア156) [trick&treat (とりえす)] 儚き瞳のお嬢様は [英訳],Hakanaki Hitomi no Ojou-sama wa | The Lady with The Fragile Gaze...,"english, translated",tries,trick and treat,doujinshi,original,,"kissing, glasses, schoolgirl uniform, nakadashi, anorexic, defloration, pantyhose, small breasts, teacher, blowjob, sole female, sole male, very long hair, eye-covering bang, infirmary",49,2026-09-05 09:47:00,2026-09-05 09:47:00,2026-09-06 14:52:05
678656,[Enari] InCha Doushi de Tsukiatteta Hazu noni Ijimekko ni Doudou Netorare Takuran Sarete Shimau Hanashi,[江成] 陰キャ同士で付き合ってたはずのにいじめっ子に堂々寝取られ托卵されてしまう話,InCha Doushi de Tsukiatteta Hazu noni Ijimekko ni Doudou Netorare Takuran Sarete Shimau Hanashi,japanese,enari,,doujinshi,original,,"leg lock, big breasts, netorare, ahegao, phimosis, dark skin, big areolae, impregnation, blowjob, muscle, big penis, sole female, small penis",8,2026-09-05 09:47:49,2026-09-05 09:47:49,2026-09-06 14:52:17
678657,[Fujikawa Yotsuba & Kakatobushi] Otome no Okazu - Chapter 1-12 (ENGLISH),[藤川よつ葉 &かかとぶし] 乙女のおかず,Otome no Okazu - Chapter 1-12,"english, translated",end- | kakatobushi,,manga,,,"squirting, big breasts, females only, full censorship, glasses, story arc, big ass, masturbation, schoolgirl uniform, huge breasts, femdom, bondage, harem, hairy, solo action, yuri, multi-work series, paizuri, tribadism, tentacles, nipple stimulation",175,2026-09-05 09:58:54,2026-09-05 09:58:54,2026-09-06 14:52:29
678658,（ai渣翻）[Seibunkaken (Yanagida Fumita)] Mittei Arika no Junan Chuu,（ai渣翻）[性文化研 (柳田史太)] 密偵アリカの受難 中,（ai渣翻）[Seibunkaken (Yanagida Fumita)] Mittei Arika no Junan Chuu,"translated, chinese",yanagida fumita,seibunkaken,doujinshi,original,,"group, dark skin, stockings, rough translation",51,2026-09-05 10:03:08,2026-09-05 10:03:08,2026-09-06 14:52:41
678659,[Itsumoto Roi] Bokura no Libido - CHAPTER 1-14 (English),ボクらのリビドー [乙本ロイ],Bokura no Libido - CHAPTER 1-14,"english, translated",,,manga,,,"squirting, big breasts, full censorship, story arc, masturbation, schoolgirl uniform, low lolicon, foot licking, lolicon, multi-work series, stockings, smell, fingering, sole male, no penetration, nipple stimulation",312,2026-09-05 10:59:28,2026-09-05 10:59:28,2026-09-06 14:52:53
678660,[Unsalted☆Butter] Futanari Kyoushu-sama ga Yuuwaku no Ryuuzoku ni ippai Kaijuu♡sarechau Hon (Trickcal: Chibi Go) [Digital],[あんそるてっど☆ばたー] ふたなり教主様が誘惑の竜族にいっぱい懐柔♡されちゃう本 (トリッカル・もちもちほっぺ大作戦) [DL版],Futanari Kyoushu-sama ga Yuuwaku no Ryuuzoku ni ippai Kaijuu♡sarechau Hon,japanese,,,doujinshi,trickcal revive,vivi,"futanari, wings, dragon, lolicon",15,2026-09-05 11:02:34,2026-09-05 11:02:34,2026-09-06 14:53:05
678661,[atahuta] aqtnの乳首オナニー中毒治療その,[atahuta] aqtnの乳首オナニー中毒治療その,aqtnの乳首オナニー中毒治療その,japanese,atahuta,,doujinshi,hololive,minato aqua,"big breasts, swimsuit, huge breasts, bikini, stockings, sole female, sole male, kemonomimi, twintails, vtuber, no penetration, nipple stimulation",5,2026-09-05 11:03:08,2026-09-05 11:03:08,2026-09-06 14:54:28
678662,[Chikiko] Jyukan Nikubenki Kasumi,,Jyukan Nikubenki Kasumi,"english, translated",chikiko,,doujinshi,original,,"dog, bestiality, scanmark, horse, pig, tankoubon, manga, rough translation",199,2026-09-05 11:42:33,2026-09-05 11:42:33,2026-09-06 14:54:39
678663,(C99) [Studio KIMIGABUCHI (Kimimaru)] Jujutsu no Aoi Haru (Jujutsu Kaisen)[Chinese] [Temp個人翻譯],(C99) [スタジオKIMIGABUCHI (きみまる)] 呪術の青い春 (呪術廻戦)[中国翻訳],Jujutsu no Aoi Haru,"translated, chinese",kimimaru | entokkun,studio kimigabuchi,doujinshi,jujutsu kaisen,nobara kugisaki,monster,22,2026-09-05 11:44:21,2026-09-05 11:44:21,2026-09-06 14:54:52
678664,[Chikico] Moshimo Kemono de Kanjitara [English] [Digital],[チキコ] もしも獣で姦じたら [英訳] [DL版],Moshimo Kemono de Kanjitara,"english, translated",chikiko,,manga,,,"scanmark, tankoubon, rough translation",200,2026-09-05 11:56:15,2026-09-05 11:56:15,2026-09-06 14:55:04
678665,"[Happy Sex to - (Kurusu Han)] Hatsukoi to Hajimete｜First Love, First Time [English] [Crystallized] [Digital]",[ハピセトー (来栖判)] 初恋とハジメテ [英訳] [DL版],"Hatsukoi to Hajimete｜First Love, First Time","english, translated",kurusu han,happy sex to -,doujinshi,original,,"lolicon, defloration, blowjob, sole female, sole male",34,2026-09-05 12:02:54,2026-09-05 12:02:54,2026-09-06 14:55:15
678666,【金齿】【時〇羽衣】被虐篇&虐待篇【雪糕少女汉化组】,被虐篇&虐待篇,【金齿】【時〇羽衣】被虐篇&虐待篇【雪糕少女汉化组】,"translated, chinese",kinba-chan,,doujinshi,,shigure ui,"handjob, urethra insertion, sex toys, femdom, bondage, phimosis, tickling, sole female, clothed female nude male, vtuber, domination loss, clit stimulation, extraneous ads",23,2026-09-05 12:04:30,2026-09-05 12:04:30,2026-09-06 14:55:31
678667,[Ushinomiya] Shinderu Ano ko wa Sukebe Shojo (Hatsujo MuchiMuchi Girl) [English] [Kumoku] [Digital],,Shinderu Ano ko wa Sukebe Shojo,"english, translated",ushinomiya,,manga,,,"big breasts, femdom, bondage, ghost, rape, prehensile hair, sole female, sole male, very long hair",17,2026-09-05 12:08:16,2026-09-05 12:08:16,2026-09-06 14:56:48
678668,[Chikiko] Kemo Koi ~Naze Hito wa Kemono to Koi ni Ochiru no ka~,,Kemo Koi ~Naze Hito wa Kemono to Koi ni Ochiru no ka~,"english, translated",chikiko,,doujinshi,original,,"gag, enema, cervix penetration, dog, bestiality, ahegao, anal, sex toys, scanmark, bondage, tankoubon, manga, rough translation",227,2026-09-05 12:51:30,2026-09-05 12:51:30,2026-09-06 14:57:00
678669,[も] 8月更新分 (ドラゴンクエスト),[も] 8月更新分 (ドラゴンクエスト),8月更新分,japanese,kireina mochi,,doujinshi,dragon quest,"kon the knight, bianca whitaker","milf, big breasts, horse boy, netorare, nakadashi, monster, blowjob, sole female, sole male, horse cock, ponytail",28,2026-09-05 12:53:30,2026-09-05 12:53:30,2026-09-06 14:57:14
678670,[Haruta Plant (Nagasawa Youta)] Hatsujou Mistake! (Blue Archive) [Digital],[ハルタプラント (ナガサワ遥太)] 発情みすていく! (ブルーアーカイブ) [DL版],Hatsujou Mistake!,japanese,,,doujinshi,blue archive,"neru mikamo, sensei, seia yurizono","group, ffm threesome, lolicon, sole male, beauty mark, very long hair, halo",37,2026-09-05 13:00:56,2026-09-05 13:00:56,2026-09-06 14:57:40
678671,[ShiftAltOn (Tonda)] Soku Hame Oujo - Easy Fxxk Princess [机翻中文],[シフタルトン (トンダ)] 即ハメ王女,Soku Hame Oujo - Easy Fxxk Princess,"translated, chinese",tonda,shiftalton,doujinshi,original,,"big breasts, group, nakadashi, dark skin, double penetration, bukkake, anal intercourse, rough translation",20,2026-09-05 13:02:26,2026-09-05 13:02:26,2026-09-06 14:58:56
678672,[天聖] シルフィさん騙されNTR💕 (無職転生 ～異世界行ったら本気だす～) [Chinese],[天聖] シルフィさん騙されNTR💕 (無職転生 ～異世界行ったら本気だす～) [中国翻訳],シルフィさん騙されNTR💕,"translated, chinese",shinen,,doujinshi,mushoku tensei,sylphiette,"elf, big breasts, netorare, full color, big areolae, mosaic censorship, impregnation, body writing, sole female",26,2026-09-05 13:04:20,2026-09-05 13:04:20,2026-09-06 14:59:08
678673,"[Makin] Asa Okitara Futanari ni | When I Woke Up In The Morning, I Had Become A Futanari [English] [Decensored]",[まきん] 朝起きたらふたなりに [英訳] [進行中],"Asa Okitara Futanari ni | When I Woke Up In The Morning, I Had Become A Futanari","english, translated",makin,,doujinshi,original,,"futanari, milf, big breasts, netorare, uncensored, cheating, nakadashi, blowjob face, femdom, mother, lolicon, incest, daughter, blowjob, big penis, deepthroat, sole female, sole dickgirl, smalldom, full-packaged futanari, dickgirl on female, futanarization",18,2026-09-05 13:08:12,2026-09-05 13:08:12,2026-09-06 14:59:19
678674,[Nishitsukasa Hajime] Yogosareta Kioku (Honkai: Star Rail),[西司創] 汚された記憶 (崩壊:スターレイル),Yogosareta Kioku,japanese,nishitukasa hajime,,doujinshi,honkai star rail,cyrene,"big breasts, unusual pupils, group, machine, ffm threesome, mind break, rape, inverted nipples, very long hair",44,2026-09-05 13:16:52,2026-09-05 13:16:52,2026-09-06 14:59:31
678675,[kagto] 町田ちゃん職業体験EX,[kagto] 町田ちゃん職業体験EX,町田ちゃん職業体験EX,japanese,kagto,,doujinshi,original,,"big breasts, cheating, prostitution, rimjob, filming, dilf, sole female",12,2026-09-05 13:17:48,2026-09-05 13:17:48,2026-09-06 14:59:43
678676,[世羅吉。]オナ研 -オナニー実験体にされたワタシ- [momo个人汉化] （自慰研究同好会——沦为自慰实验体的我）,[世羅吉。]オナ研 -オナニー実験体にされたワタシ- [momo个人汉化] （自慰研究同好会——沦为自慰实验体的我）,オナ研 -オナニー実験体にされたワタシ- [momo个人汉化] （自慰研究同好会——沦为自慰实验体的我）,"translated, chinese",serakichi.,,manga,,,"big breasts, females only, sex toys, bondage, yuri, teacher, clit stimulation, smalldom",16,2026-09-05 13:18:53,2026-09-05 13:18:53,2026-09-06 14:59:58
678677,[Genkai Hatsudensho (Nakamo)] Hirotta Neko ga Gal de Gokudou no Musume datta Hanashi | The Story of the Cat I Picked Up—Who Turned Out to Be a Gal and a Yakuza Boss's Daughter [English],[限界発電所 (那鴨)] 拾った猫がギャルで極道の娘だった話 [英訳],Hirotta Neko ga Gal de Gokudou no Musume datta Hanashi | The Story of the Cat I Picked Up—Who Turned Out to Be a Gal and a Yakuza Boss's Daughter,"english, translated",nakamo,genkai hatsudensho,doujinshi,original,,"big breasts, big ass, tailjob, nakadashi, dark skin, defloration, assjob, collar, catgirl, sole female, sole male, kemonomimi, twintails, hidden sex, tail, eye-covering bang, rough translation, nipple stimulation",52,2026-09-05 13:22:20,2026-09-05 13:22:20,2026-09-06 15:01:15
678678,[Fujinoe Honpo (Fujinoe13B)] Kuro Gal JK de Shasei Shitai [English] [Digital],[フジノエ本舗 (フジノエ13B)] 黒ギャルJKで射精したい [英訳] [DL版],Kuro Gal JK de Shasei Shitai,"english, translated",fujinoe13b,fujinoe honpo,doujinshi,original,,"big breasts, big ass, schoolgirl uniform, condom, hairy, dark skin, gyaru, sole female, sole male, beauty mark, rough translation",45,2026-09-05 13:25:29,2026-09-05 13:25:29,2026-09-06 15:01:26
678679,[Mr.way] Boku ga Suki na Cosplayer ga | The cosplayer I like... [English],[Mr.way] 僕が好きなコスプレイヤーが [英訳],Boku ga Suki na Cosplayer ga | The cosplayer I like...,"english, translated",mr.way,,doujinshi,original,,"big breasts, netorare, huge breasts, rough translation",68,2026-09-05 13:29:57,2026-09-05 13:29:57,2026-09-06 15:01:38
678680,[Momose Mayu] Choubatsu Iin no Oshigoto ~Suki na Onnanoko ni Tottemo Tsurai Ecchi na Goumon to Choubatsu ni Kakerareru Ohanashi~ | 惩罚委员的工作～被喜欢的女孩子施加超难熬的色情〇讯与惩罚的故事～[Chinese][adjls个人汉化][MTL],[百瀬真優] 懲罰委員のおしごと～好きな女の子にとっても辛いエッチな○問と懲罰にかけられるおはなし～ | 惩罚委员的工作～被喜欢的女孩子施加超难熬的色情〇讯与惩罚的故事～[中国翻訳][adjls个人汉化][MTL],Choubatsu Iin no Oshigoto ~Suki na Onnanoko ni Tottemo Tsurai Ecchi na Goumon to Choubatsu ni Kakerareru Ohanashi~ | 惩罚委员的工作～被喜欢的女孩子施加超难熬的色情〇讯与惩罚的故事～,"translated, chinese",momose mayu,,doujinshi,original,,"handjob, bdsm, big breasts, torture, milking, femdom, bondage, full color, orgasm denial, paizuri, mind break, cbt, blowjob, sole female, sole male, clothed female nude male, multiple orgasms, rough translation",18,2026-09-05 13:31:22,2026-09-05 13:31:22,2026-09-06 15:01:55
678681,[Su-san] HighGra Ningen-ka Shizuka-chan (Doraemon),[スーさん] ハイグレ人間化しずかちゃん (ドラえもん),HighGra Ningen-ka Shizuka-chan,japanese,,,doujinshi,doraemon,shizuka minamoto,"corruption, ahegao, lolicon, mind control, leotard, sole female, twintails, no penetration, haigure",4,2026-09-05 13:32:23,2026-09-05 13:32:23,2026-09-06 15:02:09
678682,"[Kiya Shii] Awa no Ohime-sama [#19-#20] Mayuka to, Onii-chan to, Korekara | 真由香、与哥哥、以及今后 (Digital Puni Pedo! Vol. 40) [Chinese] [Aphasia.个人机翻汉化] [Decensored]",[木谷椎] 泡のお姫様 [#19-#20] まゆかと、お兄ちゃんと、これから (デジタルぷにぺどッ! Vol.40) [中国翻訳] [無修正],"Awa no Ohime-sama [#19-#20] Mayuka to, Onii-chan to, Korekara | 真由香、与哥哥、以及今后","translated, chinese",kiya shii,,manga,,,"uncensored, lolicon, sole female, sole male, bathing room",21,2026-09-05 13:36:27,2026-09-05 13:36:27,2026-09-06 15:02:25
678683,[くすりゆび] デリヘル初日〜陸上部女子 そら〜,[くすりゆび] デリヘル初日〜陸上部女子 そら〜,デリヘル初日〜陸上部女子 そら〜,japanese,kuroyui,kusuriyubi,doujinshi,original,,"big breasts, big ass, nakadashi, tanlines, sole female, sole male",114,2026-09-05 13:43:44,2026-09-05 13:43:44,2026-09-06 15:03:47
678684,[とく] 同じ宗教の後輩ちゃん,[とく] 同じ宗教の後輩ちゃん,同じ宗教の後輩ちゃん,japanese,toku,,doujinshi,original,,"big breasts, big ass, nakadashi, anal, hairy, x-ray, sole female, sole male, anal intercourse",8,2026-09-05 13:44:42,2026-09-05 13:44:42,2026-09-06 15:03:58
678685,[Fluid Liquid (Nukui Ajishio)] Mia Maid Ecchi☆SUMMER [Digital],[ふるいどりきっど (ぬくい味汐)] みあめいどえっち☆SUMMER [DL版],Mia Maid Ecchi☆SUMMER,japanese,nukui lususu,fluid liquid,doujinshi,original,,"big breasts, nakadashi, multi-work series, paizuri, sole female, sole male",21,2026-09-05 13:46:14,2026-09-05 13:46:14,2026-09-06 15:04:11
678686,[Amaichigo (Kameyoshi Ichiko)] Watashi wa Ojisan no Omocha [Digital],[あまいちご (亀吉いちこ)] 私はおじさんのオモチャ [DL版],Watashi wa Ojisan no Omocha,japanese,kameyoshi ichiko,amaichigo,doujinshi,original,,"nakadashi, lolicon, multi-work series, drugs, collar, very long hair",20,2026-09-05 13:50:06,2026-09-05 13:50:06,2026-09-06 15:04:22
678687,[msi12c] Kyonyuu de Saiai no Idol Kanojo ni Netorase Shite Morau Hanashi,[msi12c] 巨乳で最愛のアイドル彼女に寝取らせしてもらう話,Kyonyuu de Saiai no Idol Kanojo ni Netorase Shite Morau Hanashi,japanese,,clotus,doujinshi,original,,"leg lock, big breasts, condom, huge breasts, filming, mosaic censorship, collar, sole female, sole male, netorase",47,2026-09-05 13:53:16,2026-09-05 13:53:16,2026-09-06 15:04:34
678688,[Amaichigo (Kameyoshi Ichiko)] Hajimete no Osanpo Sex [Digital],[あまいちご (亀吉いちこ)] はじめてのおさんぽせっくす [DL版],Hajimete no Osanpo Sex,japanese,kameyoshi ichiko,amaichigo,doujinshi,original,,"mmf threesome, group, nakadashi, anal, sex toys, lolicon, exhibitionism, collar, tail plug, very long hair, butt plug",25,2026-09-05 13:58:02,2026-09-05 13:58:02,2026-09-06 15:05:49
678689,[Makutsu (DragonHsuan)] Subete ga Atarimae to Natta Ano Hi (Blue Archive) [Digital],[魔窟 (龍萱)] 全てが当たり前となったあの日 (ブルーアーカイブ) [DL版],Subete ga Atarimae to Natta Ano Hi,japanese,,,doujinshi,blue archive,"sensei, kisaki ryuuge","sex toys, lolicon, blowjob, sole female, sole male, hair buns, very long hair, clit stimulation, halo, object insertion only",26,2026-09-05 14:02:54,2026-09-05 14:02:54,2026-09-06 15:06:00
678690,[Umi no Sachi (Suihei Sen)] Saseo no Seo-kun ~Natsu & Fuyuyasumi Hen~ | 來者不拒的瀨尾君〜暑＆冬假篇〜 [Chinese] [Digital],[うみのさち (水平線)] サセ男の瀬尾くん〜夏＆冬休み編〜 [中国翻訳] [DL版],Saseo no Seo-kun ~Natsu & Fuyuyasumi Hen~ | 來者不拒的瀨尾君〜暑＆冬假篇〜,"translated, chinese",suihei sen,umi no sachi,doujinshi,original,,"big breasts, swimsuit, group, nakadashi, ffm threesome, harem, bikini, multiple paizuri, stockings, paizuri, bukkake, blowjob, christmas, sole male, clamp, nipple stimulation",40,2026-09-05 14:05:44,2026-09-05 14:05:44,2026-09-06 15:06:12
678691,[Takoukan (Takonero)] Matching Shita Toshiue Onee-san ni Oshioki Sareru Hanashi [Chinese],[多幸館 (たこねる)] マッチングした年上お姉さんにお仕置きされる話 [中国翻訳],Matching Shita Toshiue Onee-san ni Oshioki Sareru Hanashi,"translated, chinese",takoneru,,doujinshi,original,,"handjob, bdsm, big breasts, chastity belt, torture, pegging, strap-on, facesitting, anal, sex toys, femdom, bondage, latex, pillory, tall girl, shibari, sole female, sole male, clothed female nude male, gloves, multiple orgasms, nipple stimulation, extraneous ads",65,2026-09-05 14:09:57,2026-09-05 14:09:57,2026-09-06 15:06:23
678692,[NIGHT FUCKERS (Mitsugi)] Futanari no Soudanin-san -Hajimete no Soudan Hen- [Chinese] [Digital],[夜★FUCKERS (ミツギ)] ふたなりの相談員さん-初めての相談編- [中国翻訳] [DL版],Futanari no Soudanin-san -Hajimete no Soudan Hen-,"translated, chinese",mitsugi,night fuckers,doujinshi,original,,"futanari, big breasts, big penis, dickgirl on dickgirl, dickgirls only, extraneous ads, full-packaged futanari",55,2026-09-05 14:13:51,2026-09-05 14:13:51,2026-09-06 15:06:35
678693,(C107) [Tashinamo (Sinasimu)] Kono Kimochi no Naoshi Kata,(C107) [たしなも (しなしむ)] このキモチの治し方,Kono Kimochi no Naoshi Kata,japanese,sinasimu,tashinamo,doujinshi,original,,kemonomimi,32,2026-09-05 14:16:02,2026-09-05 14:16:02,2026-09-06 15:06:46
678694,"[jigokuno] Seiyoku tsuyome, dekachin no shota de wārudotsuā | World tour with strong libido and big cock shota (Street Fighter 6) [ongoing]",[地獄の電卓] 性欲強め、デカチンのショタでワールドツアー (ストリートファイター6),"Seiyoku tsuyome, dekachin no shota de wārudotsuā | World tour with strong libido and big cock shota",japanese,jigoku no dentaku,,doujinshi,street fighter,"chun-li, li-fen","milf, big breasts, unusual pupils, glasses, netorare, big ass, nakadashi, ahegao, ryona, bondage, full color, bike shorts, wrestling, chinese dress, sumata, fingering, mind break, rape, tomboy, big penis, shotacon, sole male, hair buns, eye-covering bang, multiple orgasms, denki anma, smalldom, nipple stimulation",69,2026-09-05 14:28:31,2026-09-05 14:28:31,2026-09-06 15:08:01
678695,(C104) [Tashinamo (Sinasimu)] Neko Nina~re,(C104) [たしなも (しなしむ)] ねこにな～れ,Neko Nina~re,japanese,sinasimu,tashinamo,doujinshi,original,,,36,2026-09-05 14:31:12,2026-09-05 14:31:12,2026-09-06 15:08:13
678696,[Maikage (Mikage)] 10-nen no Koi Yori Isshuukan no Sei 2 -Next month- | 十年的恋情不如一周的性爱2-Next month- [Chinese] [伝説の加湿器],[舞影 (美影)] 十年の恋より一週間の性2-Next month- [中国翻訳],10-nen no Koi Yori Isshuukan no Sei 2 -Next month- | 十年的恋情不如一周的性爱2-Next month-,"translated, chinese",mikage,maikage,doujinshi,original,,"kissing, big breasts, swimsuit, netorare, schoolgirl uniform, nakadashi, ahegao, huge breasts, anal, sex toys, multi-work series, paizuri, gokkun, lingerie, filming, blowjob, sole female, mouth mask, anal intercourse, multiple orgasms, netorase",62,2026-09-05 14:34:59,2026-09-05 14:34:59,2026-09-06 15:08:26
678697,妄想具現 (C93頒布版),妄想具現 (C93頒布版),妄想具現,japanese,leonardo 16sei,,doujinshi,mahoujin guru guru | magical circle guru guru,jujuku shunamur,"sleeping, lolicon",6,2026-09-05 14:36:31,2026-09-05 14:36:31,2026-09-06 15:08:38
678698,[RAID SLASH (Kurokoeda)] Seito ga Idol datta node Okashite Mita (THE IDOLM@STER CINDERELLA GIRLS) [Chinese] [Digital],[RAID SLASH (黒小枝)] 生徒がアイドルだったので犯してみた (アイドルマスター シンデレラガールズ) [中国翻訳] [DL版],Seito ga Idol datta node Okashite Mita,"translated, chinese",yahiro | kurokoeda,raid slash,doujinshi,the idolmaster,arisu tachibana,"lolicon, defloration, full color, stockings, mosaic censorship, sole female, rough translation",25,2026-09-05 14:41:37,2026-09-05 14:41:37,2026-09-06 15:08:49
678699,[T・ランドルト] セッ〇スにハマっちゃうpkr (ホロライブ),[T・ランドルト] セッ〇スにハマっちゃうpkr (ホロライブ),セッ〇スにハマっちゃうpkr,japanese,t landolt,,doujinshi,hololive,"usada pekora, kikirara vivi","bunny girl, sole male, kemonomimi, vtuber, nipple stimulation",8,2026-09-05 14:42:26,2026-09-05 14:42:26,2026-09-06 15:09:03
678700,[mo] Y-kun [English] (updated 09/07/2026) {partial clean up ver},[も] Yくん,Y-kun,"english, translated",kireina mochi,,doujinshi,original,,"milf, big breasts, group, netorare, nakadashi, ffm threesome, mind control, filming, teacher, blowjob, big penis, shotacon, sole male, oyakodon, shaved head, rough translation, smalldom",119,2026-09-05 15:03:26,2026-09-05 15:03:26,2026-09-06 15:10:19
678701,[Daisaku no Iru Circle (Daisaku)] Shachou Esthe no Jikan desu (THE IDOLM@STER CINDERELLA GIRLS) [Chinese] [长敬虚隐个人汉化] [Digital],[大作のいるサークル (大作)] 社長ッ エステの時間です (アイドルマスター シンデレラガールズ) [中国翻訳] [DL版],Shachou Esthe no Jikan desu,"translated, chinese",daisaku,daisaku no iru circle,doujinshi,the idolmaster,tsukasa kiryu,"big breasts, group, females only, yuri, multiple orgasms, rough translation",39,2026-09-05 15:06:12,2026-09-05 15:06:12,2026-09-06 15:10:30
678702,[bearShin] Shokushu to Nakayoku Natta Hi 2 Slime Musume Hen,[bearShin] 触手と仲良くなった日2 スライム娘編,Shokushu to Nakayoku Natta Hi 2 Slime Musume Hen,japanese,,,doujinshi,original,,"monster girl, slime girl, yuri, full color, multi-work series",56,2026-09-05 15:09:45,2026-09-05 15:09:45,2026-09-06 15:10:41
678703,[Horori] REMIELL & VELINA (Tentacle) (Zenless Zone Zero) [English],,REMIELL & VELINA,english,horori,,doujinshi,zenless zone zero,"remielle dan, velina airgid","wings, big breasts, group, huge breasts, anal, monster, full color, double penetration, mind break, rape, inverted nipples, tentacles",19,2026-09-05 15:13:37,2026-09-05 15:13:37,2026-09-06 15:10:52
678704,[Horori] REMIELL & VELINA (Tentacle) (Zenless Zone Zero),,REMIELL & VELINA,japanese,horori,,doujinshi,zenless zone zero,"remielle dan, velina airgid","elf, big breasts, full color, tentacles, eye-covering bang",19,2026-09-05 15:15:11,2026-09-05 15:15:11,2026-09-06 15:11:05
678705,[Kinokoya Honpo (Kinoppī♪）]  Kokoro-chan to Issho!! | 與心醬在一起！(Touhou Project) [Digital] [Chinese] [明稿昨拖漢化組],[きのこ屋本舗 (きのっぴー♪)]こころちゃんといっしょ！！(東方Project) [中国翻訳] [DL版],Kokoro-chan to Issho!! | 與心醬在一起！,"translated, chinese",,onoko ya honpo,doujinshi,touhou project,hata no kokoro,,30,2026-09-05 15:17:12,2026-09-05 15:17:12,2026-09-06 15:11:16
678706,[yubi] ナミさんファン感謝祭 (ワンピース),[yubi] ナミさんファン感謝祭 (ワンピース),ナミさんファン感謝祭,japanese,yubi,,doujinshi,one piece,nami,"squirting, kissing, bondage, blowjob, sole female",4,2026-09-05 15:17:43,2026-09-05 15:17:43,2026-09-06 15:12:31
678707,[RAID SLASH (Kurokoeda)] Shoujo Ryoujoku Album (THE IDOLM@STER CINDERELLA GIRLS) [Chinese],[RAID SLASH (黒小枝)] 少女凌辱アルバム (アイドルマスター シンデレラガールズ) [中国翻訳],Shoujo Ryoujoku Album,"translated, chinese",yahiro | kurokoeda,raid slash,doujinshi,the idolmaster,arisu tachibana,"schoolgirl uniform, lolicon, defloration, full color, stockings, mosaic censorship, sole female, rough translation",24,2026-09-05 15:22:55,2026-09-05 15:22:55,2026-09-06 15:12:42
678708,[Minamo Duki (Kanna)] Suiei-bu na Cool na Kanojo ga Netorareru Made [Chinese] [蕪菁堂],[水面月 (カンナ)] 水泳部のクールな彼女が寝取られるまで [中国翻訳],Suiei-bu na Cool na Kanojo ga Netorareru Made,"translated, chinese",kanna | kisaragi kanna,minamo zuki,doujinshi,original,,"big breasts, swimsuit, netorare, condom, coach, dark skin, multi-work series, tanlines, blackmail, school swimsuit, blowjob, sole female, ponytail",40,2026-09-05 15:25:37,2026-09-05 15:25:37,2026-09-06 15:12:54
678709,Monthly Megastore 2026-01,月刊メガストア2026年1月号,Monthly Megastore 2026-01,japanese,,,manga,,,anthology,71,2026-09-05 15:30:28,2026-09-05 15:30:28,2026-09-06 15:13:05
678710,Monthly Megastore 2026-02,月刊メガストア2026年2月号,Monthly Megastore 2026-02,japanese,,,manga,,,anthology,71,2026-09-05 15:35:04,2026-09-05 15:35:04,2026-09-06 15:13:18
678711,Monthly Megastore 2026-03,月刊メガストア2026年3月号,Monthly Megastore 2026-03,japanese,,,manga,,,anthology,71,2026-09-05 15:39:50,2026-09-05 15:39:50,2026-09-06 15:13:31
678712,Monthly Megastore 2026-04,月刊メガストア2026年4月号,Monthly Megastore 2026-04,japanese,,,manga,,,anthology,71,2026-09-05 15:44:28,2026-09-05 15:44:28,2026-09-06 15:14:49
678713,"[Darunekohanten] I, An Injured Person, Will Become Momiji-San's Dog!! - Keganin no Boku Momiji-san no Inu ni Naru![ENGRISH][CharlesWHITE][CRACKERTL]",[だる猫飯店] ケガ人の僕、紅葉さんの犬になる！,"I, An Injured Person, Will Become Momiji-San's Dog!! - Keganin no Boku Momiji-san no Inu ni Naru!","english, translated",darunekohanten,,doujinshi,original,,"big breasts, cunnilingus, nakadashi, gyaru, blowjob, collar, sole female, rough translation",38,2026-09-05 15:47:18,2026-09-05 15:47:18,2026-09-06 15:15:01
678714,Monthly Megastore 2026-05,月刊メガストア2026年5月号,Monthly Megastore 2026-05,japanese,,,manga,,,anthology,64,2026-09-05 15:51:32,2026-09-05 15:51:32,2026-09-06 15:15:13
678715,[Chabashira Chainsaw (Chacharan)] Why I Can't Resist My Swimmer Girlfriend's Temptations - Ore ga Suieibu Ace no Yuuwaku o Kobamenai Riyuu [ENGRISH][CharlesWHITE][CRACKERTL][Digital],[チャバシラチェーンソー (茶々らん)] オレが水泳部エースの誘惑を拒めない理由 [DL版],Why I Can't Resist My Swimmer Girlfriend's Temptations - Ore ga Suieibu Ace no Yuuwaku o Kobamenai Riyuu,"english, translated",chacharan,,doujinshi,original,,"big breasts, swimsuit, schoolgirl uniform, nakadashi, sole female, rough translation",52,2026-09-05 15:55:06,2026-09-05 15:55:06,2026-09-06 15:15:25
678716,"[diletta (Ume Fumi)] Nanako-san, The Hot, Sexy Neighbor, Just For Me- | Ore Dake ni Eroi Kinjo no Nanako-san[ENGRISH][CharlesWHITE][CRACKERTL]",[diletta (梅楓味)] 俺だけにエロい 近所のななこさん,"Nanako-san, The Hot, Sexy Neighbor, Just For Me- | Ore Dake ni Eroi Kinjo no Nanako-san","english, translated",ume fumi,diletta,doujinshi,original,,"handjob, big breasts, nakadashi, blowjob, sole female, rough translation",58,2026-09-05 15:58:56,2026-09-05 15:58:56,2026-09-06 15:15:36
678717,Monthly Megastore 2026-06,月刊メガストア2026年6月号,Monthly Megastore 2026-06,japanese,,,manga,,,anthology,71,2026-09-05 16:03:44,2026-09-05 16:03:44,2026-09-06 15:15:51
678718,[Nekonokone (Takeyuu)] Majime na Doukyuusei ga Love Love Namahame Sex o suru made[ENGRISH][CharlesWHITE][CRACKERTL][Digital],[ねこのこね (タケユウ)] 真面目な同級生がラブラブ生ハメセックスをするまで [DL版],Majime na Doukyuusei ga Love Love Namahame Sex o suru made,"english, translated",takeyuu,nekonokone,doujinshi,original,,"big breasts, schoolgirl uniform, blowjob, sole female, ponytail, rough translation",46,2026-09-05 16:06:47,2026-09-05 16:06:47,2026-09-06 15:17:08
678719,Monthly Megastore 2026-07,月刊メガストア2026年7月号,Monthly Megastore 2026-07,japanese,,,manga,,,anthology,71,2026-09-05 16:11:36,2026-09-05 16:11:36,2026-09-06 15:17:20
678720,[Mittsuman] Drowing in LUST: I Was Drugged By My Shameless Junior | Indeki ~Hikyou na Kouhai ni Oboresaserareta Watashi~[ENGRISH][CharlesWHITE][CRACKERTL],[みっつまん] 淫溺〜卑怯な後輩に溺れさせられた私〜,Drowing in LUST: I Was Drugged By My Shameless Junior | Indeki ~Hikyou na Kouhai ni Oboresaserareta Watashi~,"english, translated",mittsuman,,doujinshi,original,,"kissing, big breasts, swimsuit, netorare, cheating, nakadashi, bondage, drugs, fingering, blowjob, sole female, rough translation",41,2026-09-05 16:14:21,2026-09-05 16:14:21,2026-09-06 15:17:31
678721,Monthly Megastore 2026-09,月刊メガストア2026年9月号,Monthly Megastore 2026-09,japanese,,,manga,,,"anthology, hairy",71,2026-09-05 16:19:06,2026-09-05 16:19:06,2026-09-06 15:17:43
678722,[Oninarasu] EMT (Re: Zero kara Hajimeru Isekai Seikatsu),,EMT,japanese,oninarasu,,doujinshi,re zero kara hajimeru isekai seikatsu,emilia,"elf, netorare, shotacon, sole female, sole male, bald, smalldom",8,2026-09-05 16:20:54,2026-09-05 16:20:54,2026-09-06 15:17:54
678723,[Oninarasu] 0.0(8/25),,0.0,japanese,oninarasu,,doujinshi,original,,"shotacon, sole female, sole male",21,2026-09-05 16:25:01,2026-09-05 16:25:01,2026-09-06 15:18:06
678724,[美影（舞影）] ち〇ぽ見せられただけで発情してぐちょぬれになるイヴリンさん (ゼンレスゾーンゼロ) [Chinese],[美影（舞影）] ち〇ぽ見せられただけで発情してぐちょぬれになるイヴリンさん (ゼンレスゾーンゼロ) [中国翻訳],ち〇ぽ見せられただけで発情してぐちょぬれになるイヴリンさん,"translated, chinese",mikage,,doujinshi,zenless zone zero,evelyn chevalier,"sweating, kissing, leg lock, big breasts, bondage, x-ray, mosaic censorship, sole female, sole male, bald, beauty mark",4,2026-09-05 16:25:34,2026-09-05 16:25:34,2026-09-06 15:19:22
678725,[Oninarasu] EMT (Re: Zero kara Hajimeru Isekai Seikatsu),,EMT,japanese,oninarasu,,doujinshi,re zero kara hajimeru isekai seikatsu,emilia,"elf, netorare, sole female",11,2026-09-05 16:26:24,2026-09-05 16:26:24,2026-09-06 15:19:34
678726,[鬼鳴らす] 0.0 (Re:ゼロから始める異世界生活),[鬼鳴らす] 0.0 (Re:ゼロから始める異世界生活),0.0,japanese,oninarasu,,doujinshi,re zero kara hajimeru isekai seikatsu,emilia,"elf, big breasts, netorare, nakadashi, shotacon, sole female, sole male, bald, smalldom",12,2026-09-05 16:28:56,2026-09-05 16:28:56,2026-09-06 15:19:45
678727,[Kawakami Rokkaku] Nia-chan Anal H Manga (Xenoblade Chronicles 2),[川上六角] ニアちゃんアナルH漫画 (ゼノブレイド2),Nia-chan Anal H Manga,japanese,kawakami rokkaku,,doujinshi,xenoblade chronicles 2,niyah | nia,"nakadashi, anal, x-ray, rimjob, sole female, sole male, kemonomimi, focus anal, anal intercourse",17,2026-09-05 16:30:15,2026-09-05 16:30:15,2026-09-06 15:19:57
678728,[Minamo Duki (Kanna)] Suiei-bu na Cool na Kanojo ga Netorareru Made 2 [Chinese] [蕪菁堂],[水面月 (カンナ)] 水泳部のクールな彼女が寝取られるまで2 [中国翻訳],Suiei-bu na Cool na Kanojo ga Netorareru Made 2,"translated, chinese",kanna | kisaragi kanna,minamo zuki,doujinshi,original,,"big breasts, swimsuit, humiliation, bbw, netorare, big ass, coach, nakadashi, x-ray, multi-work series, tanlines, stockings, paizuri, school swimsuit, sole female, sole male, ponytail, transparent clothing",47,2026-09-05 16:33:35,2026-09-05 16:33:35,2026-09-06 15:20:11
678729,[Kuureishiki Zunou] Kaki koya de o Naka-ippai,[空冷式頭脳] カキ小屋でおナカいっぱい,Kaki koya de o Naka-ippai,japanese,,kuureishiki zunou,doujinshi,original,,"milf, big breasts, old lady",49,2026-09-05 16:36:42,2026-09-05 16:36:42,2026-09-06 15:20:22
678730,The Young Lady is a Hard Worker! [机翻中文],お嬢様は働きもの！ 物品化おしごと図鑑,The Young Lady is a Hard Worker!,"translated, chinese",archipelago,shimanami,doujinshi,original,,"futanari, transformation, big breasts, body modification, lactation, large insertions, big clit, petrification, big penis, dicknipples, stomach deformation, anal intercourse, rough translation, adventitious penis, futanarization",44,2026-09-05 16:39:41,2026-09-05 16:39:41,2026-09-06 15:21:36
678731,[Momokan (Momonosuke)] Netorase Archive 2/3 After (Blue Archive),[モモかん (モモのすけ)] 寝取らせアーカイブ2/3 アフター漫画,Netorase Archive 2/3 After,japanese,momonosuke,momokan,doujinshi,blue archive,"hina sorasaki, kisaki ryuuge","netorare, lolicon, horns, hair buns, halo, netorase",19,2026-09-05 16:43:12,2026-09-05 16:43:12,2026-09-06 15:21:48
678732,"[Tareme Sijou Syugi (Kamanbeer)] Nee Nee Kei-chan Daisuki da yo!! dakara Motto Ichaicha Shimakurou ne | Hey hey Kei-chan, I love you!! So let's do lewd stuff together! (Blue Archive) [English] [Digital]",[垂れ目至上主義 (かまんべーる)] ねえねえケイちゃんッダイスキだよ!! だからもっとイチャイチャしまくろうね (ブルーアーカイブ) [英訳] [DL版],"Nee Nee Kei-chan Daisuki da yo!! dakara Motto Ichaicha Shimakurou ne | Hey hey Kei-chan, I love you!! So let's do lewd stuff together!","english, translated",kamanbeer,tareme sijou syugi,doujinshi,blue archive,"sensei, kei tendou","squirting, lolicon, bunny girl, pantyhose, leotard, blowjob, sole female, sole male, kemonomimi, ponytail, very long hair, rough translation",19,2026-09-05 16:46:56,2026-09-05 16:46:56,2026-09-06 15:21:59
678733,My Father-in-Law: Extra Story 3 (Pixiv Fanbox),俺の義父さん 番外編３ (Pixiv Fanbox),My Father-in-Law: Extra Story 3,japanese,sakana noko,teenage fanclub,doujinshi,original,,"kissing, big breasts, father, big nipples, big ass, prostate massage, frottage, nakadashi, ahegao, hairy, big balls, x-ray, males only, big areolae, yaoi, muscle, big penis, tentacles, facial hair, multiple orgasms, big muscles, nipple stimulation",17,2026-09-05 16:48:12,2026-09-05 16:48:12,2026-09-06 15:22:12
678734,[NEUHAL Laboratory] アノマリー1407への新型拘束衣の適用、及各種機能の試用。 [中国翻訳] [DL版],,アノマリー1407への新型拘束衣の適用、及各種機能の試用。,chinese,,,doujinshi,original,,"gag, bondage, latex, bodysuit, straitjacket",29,2026-09-05 16:50:18,2026-09-05 16:50:18,2026-09-06 15:22:23
678735,[NEUHAL Laboratory] アノマリー1407への新型拘束衣の適用、及各種機能の試用。 [英語翻訳] [DL版],,アノマリー1407への新型拘束衣の適用、及各種機能の試用。,english,,,doujinshi,original,,"gag, bondage, latex, bodysuit, straitjacket",29,2026-09-05 16:52:19,2026-09-05 16:52:19,2026-09-06 15:22:38
678736,[Kuureishiki Zunou] Mama ni pureiboru,[空冷式頭脳] ママにプレイボール,Mama ni pureiboru,japanese,,kuureishiki zunou,doujinshi,original,,"milf, big breasts, group, glasses, mosaic censorship, blackmail, ponytail, pixie cut, smalldom",44,2026-09-05 16:55:14,2026-09-05 16:55:14,2026-09-06 15:23:53
678737,[Minamo Duki (Kanna)] Suiei-bu na Cool na Kanojo ga Netorareru Made 3 [Chinese] [蕪菁堂],[水面月 (カンナ)] 水泳部のクールな彼女が寝取られるまで3 [中国翻訳],Suiei-bu na Cool na Kanojo ga Netorareru Made 3,"translated, chinese",kanna | kisaragi kanna,minamo zuki,doujinshi,original,,"big breasts, swimsuit, unusual pupils, netorare, big ass, schoolgirl uniform, coach, nakadashi, dark skin, multi-work series, stockings, fingering, school swimsuit, blowjob, sole female, ponytail, nipple stimulation",51,2026-09-05 16:58:39,2026-09-05 16:58:39,2026-09-06 15:24:04
678738,[Butter Margerine] The fox god is the pig demon's slave,,The fox god is the pig demon's slave,"english, translated",buttermargarin,,doujinshi,original,,"scat, humiliation, smell, kemonomimi, rough translation, multiple tails",27,2026-09-05 17:00:27,2026-09-05 17:00:27,2026-09-06 15:24:16
678739,Super Steel No. 9 Drawing Manga (Pixiv Fanbox),超鋼筋9号 描きおろし漫画 (Pixiv Fanbox),Super Steel No. 9 Drawing Manga,japanese,sakana noko,teenage fanclub,doujinshi,original,,"kissing, big breasts, big nipples, big ass, frottage, nakadashi, ahegao, anal, sex toys, hairy, big balls, x-ray, males only, big areolae, yaoi, saliva, muscle, big penis, facial hair, multiple orgasms, big muscles",11,2026-09-05 17:01:27,2026-09-05 17:01:27,2026-09-06 15:24:27
678740,(C108) [Fatalpulse (Asanagi)] Gareki 40 (Various),(C108) [Fatalpulse (朝凪)] 画礫40 (よろず),Gareki 40,japanese,asanagi,fatalpulse,doujinshi,"blue archive, yanineko, chou kaguya-hime | cosmic princess kaguya","kaguya, sensei, makoto hanuma, satsuki kyougoku, iroha sakayori, roka ayatsumugi","futanari, big breasts, swimsuit, group, ahegao, ryona, huge breasts, bikini, cowgirl, small breasts, mind break, blowjob, collar, kemonomimi, horns, multimouth blowjob",16,2026-09-05 17:02:46,2026-09-05 17:02:46,2026-09-06 15:24:39
678741,[NEUHAL Laboratory] 実験資料の集積、及アノマリー1407の使途の転換と保管。 [DL版],,実験資料の集積、及アノマリー1407の使途の転換と保管。,japanese,,,doujinshi,original,,"gag, ponygirl, bondage, artistcg, latex, full color, bodysuit, straitjacket",26,2026-09-05 17:04:33,2026-09-05 17:04:33,2026-09-06 15:24:50
678742,[Hittsuttsu (Hittsu)] Gensoukyou Ero Nouryokuka Ihen 29 Michi no Ue no Chijo (Touhou Project) [Digital],[ヒッツッツ (ひっつ)] 幻想郷エロ能力化異変29 路の上の痴女 (東方Project) [DL版],Gensoukyou Ero Nouryokuka Ihen 29 Michi no Ue no Chijo,japanese,hits,hitstales,doujinshi,touhou project,"ariya iwanaga, nina watari, yuiman asama","group, nakadashi",30,2026-09-05 17:06:36,2026-09-05 17:06:36,2026-09-06 15:25:02
678743,[Pe. (Pekeko)] Masaka Watashi ga Shokushu Ecchi suru Nante...♡ 2 Polynesian Sex Hen [Digital],[ぺ。 (ペケこ)] まさか私が触手えっちするなんて…♡ 2 ポリネシアン セックス編 [DL版],Masaka Watashi ga Shokushu Ecchi suru Nante...♡ 2 Polynesian Sex Hen,japanese,pekeko,pe.,doujinshi,original,,"unusual teeth, multi-work series, tentacles",30,2026-09-05 17:08:37,2026-09-05 17:08:37,2026-09-06 15:26:15
678744,[Hachihachihachi] 用陰蒂盒子自慰的奇怪店鋪 [Chinese] [沒有漢化],[蜂蜂蜂]クリボックスでオナニーできる変なお店  [中国翻訳],用陰蒂盒子自慰的奇怪店鋪,"translated, chinese",,hachihachihachi,doujinshi,original,,"females only, masturbation, shared senses, no penetration, clit stimulation",26,2026-09-05 17:10:25,2026-09-05 17:10:25,2026-09-06 15:26:26
678745,[OTOMEKIBUN (Sansyoku Amido.)] C108 Omakebon [Digital],[乙女気分 (三色網戸。)] C108 おまけ本 [DL版],C108 Omakebon,japanese,sansyoku amido.,otomekibun,doujinshi,original,,"big breasts, swimsuit, big ass, masturbation, nakadashi, ahegao, exhibitionism, cum bath, paizuri, fingering, rape, ponytail, forced exposure, nipple stimulation",11,2026-09-05 17:12:47,2026-09-05 17:12:47,2026-09-06 15:26:38
678746,[Bokoman (Akiboshigai)] 回不去的初戀〜我只是躲在櫃子裡眼睜睜看著心愛的青梅竹馬被別人肆意玩弄 [Chinese] [沒有漢化],[ボコまん(秋星貝)]壊れた初恋〜大好きな幼なじみがぐちゃぐちゃにされるのを僕は押入れの中でただ見ていた [中国翻訳],回不去的初戀〜我只是躲在櫃子裡眼睜睜看著心愛的青梅竹馬被別人肆意玩弄,"translated, chinese",akiboshigai,bokoman,doujinshi,original,,"netorare, ryona, anal, asphyxiation, bondage, defloration, multi-work series, blood, small breasts, rape, crying",82,2026-09-05 17:28:47,2026-09-05 17:28:47,2026-09-06 15:26:49
678747,(C108) [Cocoa Holic (Yuizaki Kazuya)] Kidian-chan Gijinka Echi Hoppe Doujin Sakuhin (Trickcal: Chibi Go),(C108) [ココアホリック (ユイザキカズヤ)] ギデオンちゃん擬人化えちほっぺ同人作品 (トリッカル・もちもちほっぺ大作戦),Kidian-chan Gijinka Echi Hoppe Doujin Sakuhin,japanese,yuizaki kazuya,cocoa holic,doujinshi,trickcal revive,,"wings, nakadashi, lolicon, lizard girl, sole female, sole male, horns",8,2026-09-05 17:30:42,2026-09-05 17:30:42,2026-09-06 15:27:01
678748,(C108) [Cocoa Holic (Yuizaki Kazuya)] Kidian-chan Gijinka Echi Hoppe Doujin Sakuhin | 基迪恩酱拟人化色色嘟嘟脸同人作品 (Trickcal: Chibi Go) [Chinese] [绅士仓库汉化],(C108) [ココアホリック (ユイザキカズヤ)] ギデオンちゃん擬人化えちほっぺ同人作品 (トリッカル・もちもちほっぺ大作戦) [中国翻訳],Kidian-chan Gijinka Echi Hoppe Doujin Sakuhin | 基迪恩酱拟人化色色嘟嘟脸同人作品,"translated, chinese",yuizaki kazuya,cocoa holic,doujinshi,trickcal revive,,"wings, nakadashi, lolicon, lizard girl, sole female, sole male, horns",9,2026-09-05 17:32:45,2026-09-05 17:32:45,2026-09-06 15:27:13
678749,[WellCa (Umiwatari)] Chikubi Hori-ing (Goddess of Victory: Nikke) [Digital],[うぇるきゃ (うみわたり)] 乳首掘りんぐ (勝利の女神:NIKKE) [DL版],Chikubi Hori-ing,japanese,umiwatari,wellca,doujinshi,goddess of victory nikke,shikikan,"bodystocking, dark skin, bodysuit, tomboy, inverted nipples, sole female, sole male, pixie cut, nipple stimulation",23,2026-09-05 17:34:23,2026-09-05 17:34:23,2026-09-06 15:28:26
678750,[Stew Dou (Stew)] Toukago ni kakyuu akki to kekkon suru kyonyuu onna kishi-chan [Digital],[しつー堂 (しつー)] 10日後に下級悪鬼と結婚する巨乳女騎士ちゃん [DL版],Toukago ni kakyuu akki to kekkon suru kyonyuu onna kishi-chan,japanese,stew,,doujinshi,original,,"elf, big breasts",66,2026-09-05 17:38:32,2026-09-05 17:38:32,2026-09-06 15:28:38
678751,[巡つぐみ] FWMC (ホロライブ),[巡つぐみ] FWMC (ホロライブ),FWMC,"japanese, textless narrative",meguri tugumi,,doujinshi,hololive,"fuwawa abyssgard, mococo abyssgard","twins, big breasts, group, dog girl, ffm threesome, full color, collar, sole male, kemonomimi, vtuber, shimaidon",8,2026-09-05 17:39:23,2026-09-05 17:39:23,2026-09-06 15:28:50
678752,[巡つぐみ] 金ビキニ (ホロライブ),[巡つぐみ] 金ビキニ (ホロライブ),金ビキニ,japanese,meguri tugumi,,doujinshi,hololive,"nekomata okayu, raora panthera","big breasts, swimsuit, glasses, bikini, catgirl, kemonomimi, tail, vtuber",5,2026-09-05 17:39:52,2026-09-05 17:39:52,2026-09-06 15:29:01
678753,[巡つぐみ] nelお姉ちゃん (ホロライブ),[巡つぐみ] nelお姉ちゃん (ホロライブ),nelお姉ちゃん,japanese,meguri tugumi,,doujinshi,hololive,shirogane noel,"big breasts, sole female, sole male, vtuber",14,2026-09-05 17:40:53,2026-09-05 17:40:53,2026-09-06 15:29:12
678754,（くろな）Skeb約稿圖翻譯：食睪碎蛋去勢小短篇合集之二（不知何人漢化）[Chinese],（くろな）Skeb約稿圖翻譯：食睪碎蛋去勢小短篇合集之二,（くろな）Skeb約稿圖翻譯：食睪碎蛋去勢小短篇合集之二（不知何人漢化）,"translated, chinese",kurona,,manga,"kantai collection, voiceroid, kono subarashii sekai ni syukufuku o, arknights, arifureta shokugyou de sekai saikyou | arifureta from commonplace to worlds strongest, seirei gensouki, shadows house","yunyun, kamikaze, altina orion, akari kizuna, yue, amiya, celia claire, emilico","femdom, bondage, footjob, guro, cbt",32,2026-09-05 17:46:52,2026-09-05 17:46:52,2026-09-06 15:29:23
678755,[Efuya (Messy)] Futanari Elf-chan Kyoui no Fukuseisha-chan [English] [Digital],[エフ屋 (メッシィ)] ふたなりエルフちゃん 脅威の複製者ちゃん [英訳] [DL版],Futanari Elf-chan Kyoui no Fukuseisha-chan,"english, translated",messy,efuya,doujinshi,original,,"futanari, elf, big breasts, vomit, urination, frottage, nakadashi, bondage, dark skin, x-ray, defloration, inflation, selfcest, sister, blowjob, big penis, piss drinking, deepthroat, dickgirl on dickgirl, dickgirls only, horns, cumflation, domination loss, clone, mesuiki, full-packaged futanari, futanarization",48,2026-09-05 17:50:12,2026-09-05 17:50:12,2026-09-06 15:30:37
678756,[むた] オリジナル漫画進捗,[むた] オリジナル漫画進捗,オリジナル漫画進捗,japanese,muta,,doujinshi,original,,"big breasts, schoolgirl uniform, condom, dark skin, gyaru, paizuri, mosaic censorship, blowjob, collar, incomplete, painted nails",37,2026-09-05 17:52:38,2026-09-05 17:52:38,2026-09-06 15:30:48
678757,[がいとうかしょ(gaitoou)] ZZZ no HON 2 (絕區零) [Chinese] [黎欧出资汉化],[がいとうかしょ(gaitoou)] ZZZ no HON 2 (絕區零) [中国翻訳],ZZZ no HON 2,"translated, chinese",,,doujinshi,zenless zone zero,evelyn chevalier,artistcg,20,2026-09-05 17:54:05,2026-09-05 17:54:05,2026-09-06 15:30:59
678758,(C108) [百壱式 (椋木野一式)] IDO Another (Fate/Grand Order) [Chinese] [黎欧出资汉化],(C108) [百壱式 (椋木野一式)] IDO Another (Fate/Grand Order) [中国翻訳],IDO Another,"translated, chinese",kurakino issiki,hyakuitishiki,doujinshi,fate grand order,scathach skadi,"kissing, big breasts, full censorship, schoolgirl uniform, breast feeding, nakadashi, bukkake, ponytail, nipple stimulation",24,2026-09-05 17:55:51,2026-09-05 17:55:51,2026-09-06 15:31:11
678759,[yukimpoi] Snowbreak Katya,,Snowbreak Katya,english,yukimpoi,,doujinshi,snowbreak containment zone,katya klein,"uncensored, sole female, sole male",19,2026-09-05 17:57:06,2026-09-05 17:57:06,2026-09-06 15:31:22
678760,"(C108) [Akaneiro (Rimiki, Yakifugu)] Aoki Shiokaze no Yume | 苍蓝风潮之梦 (Wuthering Waves) [Chinese] [种植园汉化组]",(C108) [紅音色 (里美樹、焼フグ)] 青き潮風の夢 (鳴潮) [中国翻訳],Aoki Shiokaze no Yume | 苍蓝风潮之梦,"translated, chinese",,akaneiro,doujinshi,wuthering waves,"cartethyia, denia","swimsuit, bikini, full color",17,2026-09-05 17:58:26,2026-09-05 17:58:26,2026-09-06 15:31:34
678761,[Family Affair (Family Man)] Daisuki na Otouto ga Chi no Tsunagattenai Imouto ni Toraresou de Yakimoki Suru Onee-chan no Hanashi. [Digital],,Daisuki na Otouto ga Chi no Tsunagattenai Imouto ni Toraresou de Yakimoki Suru Onee-chan no Hanashi.,"english, translated","takano masayuki, family man",family affair,doujinshi,original,,"inseki, big breasts, group, glasses, masturbation, schoolgirl uniform, ffm threesome, pantyhose, sister, blowjob, sole male, multimouth blowjob, rough translation",43,2026-09-05 18:01:26,2026-09-05 18:01:26,2026-09-06 15:32:46
678762,[Kuureishiki Zunou] Mizugi Mama2,[空冷式頭脳] 水着ママ2,Mizugi Mama2,japanese,,kuureishiki zunou,doujinshi,original,,"big breasts, group, glasses, full color, mosaic censorship, shotacon, sole female, smalldom",55,2026-09-05 18:10:49,2026-09-05 18:10:49,2026-09-06 15:32:58
678763,[sinistra (eda)] saimoku ottori kyonyuu mama,[シニストラ (江田)] 細目おっとり巨乳ママ,saimoku ottori kyonyuu mama,japanese,eda,sinistra,doujinshi,original,,"milf, netorare, shotacon, sole female, beauty mark, closed eyes, smalldom",24,2026-09-05 18:15:37,2026-09-05 18:15:37,2026-09-06 15:33:09
678764,[CieloBivolta] Rollcake (Honkai: Star Rail) [Chinese] [AI Translated],[CieloBivolta] Rollcake (Honkai: Star Rail) [中国翻訳] [機翻潤色],Rollcake,"translated, chinese",cielobivolta,,doujinshi,honkai star rail,"stelle, firefly","futanari, big breasts, uncensored, big ass, nakadashi, ahegao, shemale, hairy, x-ray, latex, full color, bunny girl, stockings, fingering, impregnation, sole female, sole dickgirl, rough translation, lipstick mark, high heels, dickgirl on female",7,2026-09-05 18:16:23,2026-09-05 18:16:23,2026-09-06 15:33:20
678765,[Westrist (Seihou Esuto)] Shinigami no Kuso Babaa 死神老太婆 [Chinese] [沒有漢化],[ウエストリスト(西方エスト)]死神のクソババア [中国翻訳],Shinigami no Kuso Babaa 死神老太婆,"translated, chinese",,,doujinshi,original,,"scat, urination, thigh high boots, exhibitionism, omorashi, forced exposure, crying",52,2026-09-05 18:20:01,2026-09-05 18:20:01,2026-09-06 15:33:31
678766,"[Tsukuyomi] Aimai na Bokura 2 Kanojo wa Tabun, Korekara Mechakucha Sex Suru",[ツクヨミ] 曖昧な僕ら2 彼女はたぶん、これからめちゃくちゃセックスする,"Aimai na Bokura 2 Kanojo wa Tabun, Korekara Mechakucha Sex Suru","english, translated",tsukuyomi,tsukuyomi,doujinshi,original,,"netorare, story arc, schoolgirl uniform, condom, multi-work series, rough translation",110,2026-09-05 18:26:58,2026-09-05 18:26:58,2026-09-06 15:33:43
678767,[ゴル] ゴブリンハウンドとブーディカ (Fate/Grand Order),[ゴル] ゴブリンハウンドとブーディカ (Fate/Grand Order),ゴブリンハウンドとブーディカ,japanese,glty07,,doujinshi,fate grand order,boudica,"big breasts, goblin, dog, monster, x-ray, mosaic censorship, collar, slave, sole female, sole male, leash",3,2026-09-05 18:27:29,2026-09-05 18:27:29,2026-09-06 15:34:58
678768,[Feeri] Kabeshiri KitaSato ♡ (Uma Musume Pretty Derby),[ふぇぇり] 壁尻キタサト♡ (ウマ娘 プリティーダービー),Kabeshiri KitaSato ♡,japanese,feeri,,doujinshi,uma musume pretty derby,"satono diamond, kitasan black","squirting, big breasts, ffm threesome, bondage, bikini, full color, stuck in wall, sole male, horse girl, kemonomimi, tail",14,2026-09-05 18:28:27,2026-09-05 18:28:27,2026-09-06 15:35:09
678769,[とら納言]母とおじさんと盗撮と屍 意識不明となった母さんの第一発見者はいつも母さんにセクハラしまくっていたおじさんだった…,[とら納言]母とおじさんと盗撮と屍 意識不明となった母さんの第一発見者はいつも母さんにセクハラしまくっていたおじさんだった…,母とおじさんと盗撮と屍 意識不明となった母さんの第一発見者はいつも母さんにセクハラしまくっていたおじさんだった…,japanese,,,doujinshi,original,,"milf, big breasts, dark nipples, netorare, mother, hairy, big areolae, dilf, bald",90,2026-09-05 18:33:46,2026-09-05 18:33:46,2026-09-06 15:35:21
678770,(C108) [Tekireiki ni Shokuchuudoku (Sawamura Ao)] Aoba Hakkei (Kantai Collection -KanColle-),(C108) [適齢期に食中毒 (沢村青)] 青葉八景 (艦隊これくしょん -艦これ-),Aoba Hakkei,japanese,sawamura ao,tekireiki ni shokuchuudoku,doujinshi,kantai collection,"teitoku, aoba","big breasts, lolicon, shotacon, ponytail",18,2026-09-05 18:37:29,2026-09-05 18:37:29,2026-09-06 15:35:32
678771,[Hiiragi Popura] Bijin Kyōshi no Himitsu ♡ ~Sensei × Seito no Irekawari~ / 1–29p[Ongoing][Chinese],[柊ぽぷら]美人教師のヒミツ♡～先生×生徒の入れ替わり～/1~29p,Bijin Kyōshi no Himitsu ♡ ~Sensei × Seito no Irekawari~ / 1–29p,"translated, chinese",hiiragi popura,,doujinshi,original,,"body swap, full color, pantyhose, gender change, rough translation",29,2026-09-05 18:39:40,2026-09-05 18:39:40,2026-09-06 15:35:45
678772,[Nonoya (Nonomura Hideki)] Phantom Rei 04 (生化少年) [Chinese],,Phantom Rei 04,"translated, chinese",nonomura hideki,,manga,,,"story arc, multi-work series, non-h, tankoubon, rough translation",186,2026-09-05 18:50:37,2026-09-05 18:50:37,2026-09-06 15:35:58
678773,"[Potter.L]I reunited with my childhood friend, who I'd always thought of as my little sister, only to find he's now 250 cm tall!!與當成妹妹的年下青梅竹馬重逢後，她的身高竟變成250公分!![Digital][Chinese][MTL]",妹みたいに思っていた年下幼馴染と再会したら身長250㎝になっていた!!～力も頭脳も身長もぜ～～んぶ負けてなすすべなく弄ばれる話～,"I reunited with my childhood friend, who I'd always thought of as my little sister, only to find he's now 250 cm tall!!與當成妹妹的年下青梅竹馬重逢後，她的身高竟變成250公分!!","translated, chinese",potter.l,,doujinshi,original,,"schoolboy uniform, schoolgirl uniform, stockings, tall girl, rough translation",37,2026-09-05 18:53:21,2026-09-05 18:53:21,2026-09-06 15:36:13
678774,[くすりゆび] 夏休み、都会から来たお姉ちゃんと中出しごっこ,[くすりゆび] 夏休み、都会から来たお姉ちゃんと中出しごっこ,夏休み、都会から来たお姉ちゃんと中出しごっこ,japanese,kuroyui,kusuriyubi,doujinshi,original,,"handjob, big breasts, full color, gyaru, blowjob, sole female, sole male, beauty mark",88,2026-09-05 18:59:45,2026-09-05 18:59:45,2026-09-06 15:37:33
678775,[べべロンチーノ星 (べってぃ)] 想いきり[Chinese] [紫藤汉化组],,想いきり,"translated, chinese",betty,,manga,,,"kissing, schoolboy uniform, schoolgirl uniform, x-ray, rape, sole female, sole male",42,2026-09-05 19:08:00,2026-09-05 19:08:00,2026-09-06 15:37:45
678776,[明日方舟] 铃兰与忍冬的劫难中篇 敍拉古绑架案 目前受害者4名,[重生の拿鐵 (Latte囝）&YANx5] 鈴蘭與忍冬的劫難中篇 敍拉古綁架案 目前受害者4名 (Pixiv Fanbox),铃兰与忍冬的劫难中篇 敍拉古绑架案 目前受害者4名,chinese,"yan, latte",,doujinshi,arknights,"texas, suzuran, penance, vulpisfoglia","gag, bondage, full color, pantyhose, fox girl, shibari, kemonomimi, tail",16,2026-09-05 19:09:15,2026-09-05 19:09:15,2026-09-06 15:37:59
678777,(C104) [Fence 14] Ane NTR!! Futanari Barbara-chan | Futanari Barbara's Sister Stealer! (Genshin Impact) [English] [Kyuume],(C104) [柵野14] 姉NTR!!ふたなりバーバラちゃん (原神) [英訳],Ane NTR!! Futanari Barbara-chan | Futanari Barbara's Sister Stealer!,"english, translated",fence 14,,doujinshi,genshin impact,"lumine, jean gunnhildr, barbara pegg","slime, kissing, netorare, masturbation, nakadashi, ahegao, shemale, x-ray, stockings, voyeurism, sole female, ponytail, twintails, gloves, dickgirl on female",25,2026-09-05 19:11:08,2026-09-05 19:11:08,2026-09-06 15:38:11
678778,[ひるなぎ] 所①＋おまけ (Fate/Grand Order),[ひるなぎ] 所①＋おまけ (Fate/Grand Order),所①＋おまけ,japanese,hirunagi,,doujinshi,fate grand order,"olga marie animusphere, gudao | ritsuka fujimaru, lilith, andromeda",,16,2026-09-05 19:12:22,2026-09-05 19:12:22,2026-09-06 15:38:22
678779,[とら納言]倒した女を所有物にできる町〜母、幼馴染、人妻の無様敗北NTR〜,[とら納言]倒した女を所有物にできる町〜母、幼馴染、人妻の無様敗北NTR〜,倒した女を所有物にできる町〜母、幼馴染、人妻の無様敗北NTR〜,japanese,,,doujinshi,original,,"milf, pregnant, amputee, netorare, anal, bondage, mother, body writing, slave",32,2026-09-05 19:14:27,2026-09-05 19:14:27,2026-09-06 15:38:35
678780,Shichiyo Jinkaku Shokogun v02,七曜人格症候群 Vol.2,Shichiyo Jinkaku Shokogun v02,japanese,,,doujinshi,original,,non-h,92,2026-09-05 19:19:49,2026-09-05 19:19:49,2026-09-06 15:38:47
678781,Shichiyo Jinkaku Shokogun v01,七曜人格症候群 Vol.1,Shichiyo Jinkaku Shokogun v01,japanese,,,doujinshi,original,,non-h,168,2026-09-05 19:29:51,2026-09-05 19:29:51,2026-09-06 15:38:59
678782,[Feeri] Love-Chan to Maru-Chan♡ (Uma Musume Pretty Derby),[ふぇぇり] ラヴちゃんとマルちゃん♡ (ウマ娘 プリティーダービー),Love-Chan to Maru-Chan♡,japanese,feeri,,doujinshi,uma musume pretty derby,"loves only you, marche lorraine","group, ffm threesome, full color, mosaic censorship, sole male, horse girl, kemonomimi, tail",15,2026-09-05 19:31:15,2026-09-05 19:31:15,2026-09-06 15:39:10
678783,[Feeri] Almond Eye to Oyasumi Ecchi (Uma Musume Pretty Derby),[ふぇぇり] アーモンドアイとおやすみえっち♡ (ウマ娘 プリティーダービー),Almond Eye to Oyasumi Ecchi,japanese,feeri,,doujinshi,uma musume pretty derby,almond eye,"unusual pupils, schoolgirl uniform, full color, sole female, sole male, horse girl, kemonomimi, tail",12,2026-09-05 19:32:22,2026-09-05 19:32:22,2026-09-06 15:40:30
678784,[Feeri] Cafe to Ichaicha♡ (Uma Musume Pretty Derby),[ふぇぇり] カフェとイチャイチャ♡ (ウマ娘 プリティーダービー),Cafe to Ichaicha♡,japanese,feeri,,doujinshi,uma musume pretty derby,manhattan cafe,"full color, mosaic censorship, sole female, sole male, horse girl, kemonomimi, tail",12,2026-09-05 19:33:31,2026-09-05 19:33:31,2026-09-06 15:40:45
678785,[ふぇぇり] ブエナとおうちでいちゃいちゃ♡ (ウマ娘 プリティーダービー),[ふぇぇり] ブエナとおうちでいちゃいちゃ♡ (ウマ娘 プリティーダービー),ブエナとおうちでいちゃいちゃ♡,japanese,feeri,,doujinshi,uma musume pretty derby,buena vista,"full color, mosaic censorship, sole female, sole male, horse girl, kemonomimi, tail",13,2026-09-05 19:34:43,2026-09-05 19:34:43,2026-09-06 15:41:04
678786,[ふぇぇり] 水着ヴィブロスにおさわり♡ (ウマ娘 プリティーダービー),[ふぇぇり] 水着ヴィブロスにおさわり♡ (ウマ娘 プリティーダービー),水着ヴィブロスにおさわり♡,japanese,feeri,,doujinshi,uma musume pretty derby,vivlos,"swimsuit, bikini, full color, mosaic censorship, sole female, sole male, horse girl, kemonomimi, tail",13,2026-09-05 19:35:43,2026-09-05 19:35:43,2026-09-06 15:41:24
678787,[Feeri] Sweep to kraft no H na Massage♡ (Umamusume Pretty Derby),[ふぇぇり] スイープとクラフトのえっちなマッサージ♡ (ウマ娘 プリティーダービー),Sweep to kraft no H na Massage♡,japanese,feeri,,doujinshi,uma musume pretty derby,"rhein kraft, sweep tosho","full color, mosaic censorship, sole male, horse girl, kemonomimi, tail",14,2026-09-05 19:36:47,2026-09-05 19:36:47,2026-09-06 15:41:43
678788,[ふぇぇり] マチタンとホテルでえっちする♡ (ウマ娘プリティーダービー),[ふぇぇり] マチタンとホテルでえっちする♡ (ウマ娘プリティーダービー),マチタンとホテルでえっちする♡,japanese,feeri,,doujinshi,uma musume pretty derby,matikanetannhauser,"full color, mosaic censorship, sole female, sole male, horse girl, kemonomimi, tail",15,2026-09-05 19:37:56,2026-09-05 19:37:56,2026-09-06 15:42:59
678789,[Feeri] Ai-chan to Etchi na Massage (Uma Musume Pretty Derby),[ふぇぇり] アイちゃんとえっちなマッサージ❤ (ウマ娘 プリティーダービー),Ai-chan to Etchi na Massage,japanese,feeri,,doujinshi,uma musume pretty derby,almond eye,"unusual pupils, full color, sole female, sole male, horse girl, kemonomimi, tail",11,2026-09-05 19:38:48,2026-09-05 19:38:48,2026-09-06 15:43:14
678790,[ふぇぇり] いちゃらぶえっちカレファル (ウマ娘 プリティーダービー),[ふぇぇり] いちゃらぶえっちカレファル (ウマ娘 プリティーダービー),いちゃらぶえっちカレファル,japanese,feeri,,doujinshi,uma musume pretty derby,"curren chan, smart falcon","group, ffm threesome, full color, mosaic censorship, sole male, horse girl, kemonomimi, tail",13,2026-09-05 19:39:51,2026-09-05 19:39:51,2026-09-06 15:43:32
678791,[ふぇぇり] グランちゃんとクロノちゃんのえっちな撮影会 (ウマ娘 プリティーダービー),[ふぇぇり] グランちゃんとクロノちゃんのえっちな撮影会 (ウマ娘 プリティーダービー),グランちゃんとクロノちゃんのえっちな撮影会,japanese,feeri,,doujinshi,uma musume pretty derby,"chrono genesis, gran alegria","full color, mosaic censorship, sole male, horse girl, kemonomimi, tail",14,2026-09-05 19:40:53,2026-09-05 19:40:53,2026-09-06 15:43:47
678792,[Feeri] Chiyo to Icha Rabu Etchi (Umamusume Pretty Derby),[ふぇぇり] チヨといちゃらぶえ♡ち (ウマ娘 プリティーダービー),Chiyo to Icha Rabu Etchi,japanese,feeri,,doujinshi,uma musume pretty derby,sakura chiyono o,"full color, mosaic censorship, sole female, sole male, horse girl, kemonomimi, tail, detached sleeves",9,2026-09-05 19:41:42,2026-09-05 19:41:42,2026-09-06 15:44:01
678793,[ふぇぇり] メイドビキニキタサトと3Pエッチ♡ (ウマ娘 プリティーダービー),[ふぇぇり] メイドビキニキタサトと3Pエッチ♡ (ウマ娘 プリティーダービー),メイドビキニキタサトと3Pエッチ♡,japanese,feeri,,doujinshi,uma musume pretty derby,"satono diamond, kitasan black","group, ffm threesome, full color, mosaic censorship, sole male, horse girl, kemonomimi, tail",11,2026-09-05 19:42:29,2026-09-05 19:42:29,2026-09-06 15:45:25
678794,[KI-SofTWarE (Akikusa Peperon)] KI-RecenT SP05 NATURALCORDE DEEPS  [English],[KI-SofTWarE] KI-RecenT SP:05 NATURALCORDE DEEPS,KI-RecenT SP05 NATURALCORDE DEEPS,"english, translated",akikusa peperon,,doujinshi,original,,"big breasts, pregnant, netorare, big ass, nakadashi, huge breasts, multi-work series, filming, mosaic censorship, hairy armpits, sole male",29,2026-09-05 19:44:22,2026-09-05 19:44:22,2026-09-06 15:45:37
678795,[Amuai Okashi Seisakusho (Tsukumaru)] Furyou Musuko no TS Sodatenaoshi Keikaku! [Chinese],[あむぁいおかし製作所 (つく丸)] 不良息子のTS育て直し計画! [中国翻訳],Furyou Musuko no TS Sodatenaoshi Keikaku!,"translated, chinese",tsukumaru,amuai okashi seisakusho | amulai sweet factory,doujinshi,original,,"maid, big breasts, machine, sex toys, mind control, full color, incest, stockings, mosaic censorship, daughter, collar, granddaughter, twintails, gender morph, gender change, rough translation",53,2026-09-05 19:54:14,2026-09-05 19:54:14,2026-09-06 15:45:57
678796,"[Usotsukiya (Oouso)] OL-chan de Ashikoki 48-te ""37-48-te""  [Digital]",[嘘つき屋 (大嘘)] OLちゃんで足コキ48手［37-48手］ [DL版],"OL-chan de Ashikoki 48-te ""37-48-te""",japanese,oouso,usotsukiya,doujinshi,original,,"footjob, stockings, pantyhose, no penetration",12,2026-09-05 19:55:14,2026-09-05 19:55:14,2026-09-06 15:46:09
678797,[Shomu] Netorareta Hitozuma [English] [MTL],[しょむ] 寝取られた人妻 [英訳],Netorareta Hitozuma,"english, translated",shomu,,manga,,,"milf, big breasts, bbw, story arc, scanmark, tankoubon, rough translation",164,2026-09-05 20:05:17,2026-09-05 20:05:17,2026-09-06 15:46:43
678798,[Minamo Zuki (Kanna)] Boku o Otona ni Shita Kuro Gal Onee-chan [Chinese] [蕪菁堂] [Digital],[水面月 (カンナ)] ボクをオトナにした黒ギャルおねえちゃん [中国翻訳] [DL版],Boku o Otona ni Shita Kuro Gal Onee-chan,"translated, chinese",kanna | kisaragi kanna,minamo zuki,doujinshi,original,,"handjob, inseki, big breasts, big ass, schoolgirl uniform, huge breasts, femdom, dark skin, cousin, incest, big areolae, stockings, gyaru, paizuri, sister, collar, shotacon, sole female, sole male, nipple stimulation",49,2026-09-05 20:14:29,2026-09-05 20:14:29,2026-09-06 15:46:54
678799,[Syukurin] Kimi ga Tame. ~Ninakawa Nicole no Raihou~ [Chinese] [白杨汉化组],[シュクリーン] 君がため。〜仁奈川ニコルの来訪〜 [中国翻訳],Kimi ga Tame. ~Ninakawa Nicole no Raihou~,"translated, chinese",syukurin,syukurin,doujinshi,original,,"kissing, schoolgirl uniform, nakadashi, ahegao, full color, multi-work series, fingering, blowjob, sole female, sole male",137,2026-09-05 20:22:54,2026-09-05 20:22:54,2026-09-06 15:48:33
678800,【雄妊娠／汚れ注意】Male Pregnancy-01-【FULL】,,【雄妊娠／汚れ注意】Male Pregnancy-01-【FULL】,japanese,hihumi,,doujinshi,original,,"handjob, big breasts, big ass, nakadashi, anal, hairy, big balls, x-ray, males only, yaoi, cum bath, smegma, hairy armpits, blowjob, muscle, big penis, stomach deformation, anal intercourse, multiple orgasms, big muscles",30,2026-09-05 20:25:00,2026-09-05 20:25:00,2026-09-06 15:48:54
678801,[雨楽] 和优香的忍耐训练5p (Blue Archive) [Chinese] [小桃汉化组],[雨楽] ユウカと我慢の練習5p (ブルーアーカイブ) [中国翻訳],和优香的忍耐训练5p,"translated, chinese",ameraku,,doujinshi,blue archive,yuuka hayase,"sole female, halo",5,2026-09-05 20:25:34,2026-09-05 20:25:34,2026-09-06 15:49:16
678802,"[Tsukuyomi] Aimai na Bokura 3 Kanojo wa Tabun, Korekara Mechakucha Sex Suru",[ツクヨミ] 曖昧な僕ら3 彼女はたぶん、これからめちゃくちゃセックスする,"Aimai na Bokura 3 Kanojo wa Tabun, Korekara Mechakucha Sex Suru","english, translated",tsukuyomi,tsukuyomi,doujinshi,original,,"mmf threesome, schoolboy uniform, group, netorare, story arc, schoolgirl uniform, ffm threesome, yuri, multi-work series, blowjob, bisexual, rough translation",222,2026-09-05 20:39:23,2026-09-05 20:39:23,2026-09-06 15:50:46
678803,[Minamo Zuki (Kanna)] Dare demo Haken Dekiru Deliheal Appli de Otonari no Seiso Tsuma o Shimei Shitemitara | 試著用能派遣任何人的外送茶APP指名了隔壁的清純人妻 [Chinese] [蕪菁堂],[水面月 (カンナ)] 誰でも派遣できるデリヘルアプリでお隣の清楚妻を指名してみたら  [中国翻訳],Dare demo Haken Dekiru Deliheal Appli de Otonari no Seiso Tsuma o Shimei Shitemitara | 試著用能派遣任何人的外送茶APP指名了隔壁的清純人妻,"translated, chinese",kanna | kisaragi kanna,minamo zuki,doujinshi,original,,"milf, big breasts, netorare, big ass, cheating, nakadashi, hairy, pantyhose, paizuri, blowjob, sole female, sole male, beauty mark, exposed clothing",46,2026-09-05 20:42:40,2026-09-05 20:42:40,2026-09-06 15:51:00
678804,(C108) [Denpa Tsuushin (Momota Yuma)] AsaRina Samaama (Gakuen IDOLM@STER),(C108) [デンパツーシン (桃田ゆま)] あさりなサマーマ (学園アイドルマスター),AsaRina Samaama,japanese,darkness yuma,denpa tsuushin,doujinshi,the idolmaster,"asari neo, rinami himesaki","big breasts, swimsuit, group, big ass, nakadashi, huge breasts, ffm threesome, bikini, assjob, sole male, multiple assjob, beach",26,2026-09-05 20:44:35,2026-09-05 20:44:35,2026-09-06 15:51:21
678805,(C108) [NEW. (Shin)] Anzen Touban 5 (Kantai Collection -KanColle-),(C108) [NEW. (Shin)] 安全当番 5 (艦隊これくしょん -艦これ-),Anzen Touban 5,japanese,shin,new.,doujinshi,kantai collection,,"big breasts, mmf threesome, group",38,2026-09-05 20:47:16,2026-09-05 20:47:16,2026-09-06 15:51:33
678806,[Enji06] Like A Cat (Macross Frontier) [English] [Digital],,Like A Cat,english,,,doujinshi,macross frontier,"ranka lee, brera sterne","kissing, scar, small breasts, sister, sole female, sole male, nipple stimulation, bite mark",12,2026-09-05 20:48:15,2026-09-05 20:48:15,2026-09-06 15:52:55
678807,[Same Koubou] Majo to Arachne Shimai | 魔女與阿拉克涅姊妹 [Chinese] [TomatoLaster個人漢化],[サメ工房] 魔女とアラクネ姉妹,Majo to Arachne Shimai | 魔女與阿拉克涅姊妹,"translated, chinese",,same koubou,manga,,,"futanari, elf, handjob, sweating, torture, witch, monster girl, group, full censorship, ahegao, femdom, bondage, shemale, spider girl, tickling, footjob, multiple arms, orgasm denial, mind break, sole dickgirl, forced exposure, multiple orgasms, crying, nipple stimulation, full-packaged futanari, futanarization",48,2026-09-05 20:51:21,2026-09-05 20:51:21,2026-09-06 15:53:06
678808,[giga] お茶子×BBC,[giga] お茶子×BBC,お茶子×BBC,japanese,giga,,doujinshi,my hero academia | boku no hero academia,ochako uraraka,,16,2026-09-05 20:52:31,2026-09-05 20:52:31,2026-09-06 15:53:20
678809,[Sudoo Kaoru] Spirited Away With a Carnivorous Girl: Middle Part (L -Ladies & Girls Love- 04) [Chinese],[すどおかおる] 肉食少女と神隠し中編 (L -Ladies & Girls Love- 04)[残月个人机翻汉化】,Spirited Away With a Carnivorous Girl: Middle Part,"translated, chinese",sudoo kaoru,,doujinshi,original,,"kissing, cunnilingus, females only, schoolgirl uniform, yuri, fingering, rough translation",25,2026-09-05 20:54:28,2026-09-05 20:54:28,2026-09-06 15:53:38
678810,[sugiyuu] フブキわからせ,[sugiyuu] フブキわからせ,フブキわからせ,japanese,sugiyuu,,doujinshi,princess connect,fubuki bandei,"swimsuit, netorare, bikini, rape, sole female, sole male, twintails",6,2026-09-05 20:56:05,2026-09-05 20:56:05,2026-09-06 15:53:51
678811,[sugiyuu] イリヤちゃん09,[sugiyuu] イリヤちゃん09,イリヤちゃん09,japanese,sugiyuu,,doujinshi,,illyasviel von einzbern,"kimono, sole female, sole male",7,2026-09-05 20:56:49,2026-09-05 20:56:49,2026-09-06 15:55:06
678812,"[Kakuzatou (Various)] ZenZero Icha Love Ero Goudou ""ZenEro"" Vol.3 (Zenless Zone Zero) [Chinese] [黎欧出资汉化] [Digital]",[角砂糖 (よろず)] ゼンゼロイチャラブエロ合同「ゼンエロ」Vol.3 (ゼンレスゾーンゼロ) [中国翻訳] [DL版],"ZenZero Icha Love Ero Goudou ""ZenEro"" Vol.3","translated, chinese","ekakibit, kikunosukemaru, takaharu, nakamura regura, 92m, siseki hirame, danimaru, nakamura rohane, homina mia, sukoyakagumi",kakuzatou,doujinshi,zenless zone zero,"wise, grace howard, evelyn chevalier, astra yao, vivian banshee, alice thymefield, yidhari murphy, ye shunguang, cissia, promeia, velina airgid","big breasts, breast feeding, nakadashi, ffm threesome, bondage, x-ray, lactation, stockings, pantyhose, paizuri, blowjob, clothed paizuri, kemonomimi, tail, goudoushi",68,2026-09-05 21:01:07,2026-09-05 21:01:07,2026-09-06 15:55:17
678813,[theたっち(たっち)] バニーたちといちゃつく話 | 和兔兔们卿卿我我的故事 (Blue Archive) [Chinese] [欶澜汉化组],,バニーたちといちゃつく話 | 和兔兔们卿卿我我的故事,"translated, chinese",,,doujinshi,blue archive,"mutsuki asagi, aru rikuhachima, kayoko onikata, sensei, haruka igusa","group, nakadashi, harem, bunny girl, sole male, halo",30,2026-09-05 21:03:10,2026-09-05 21:03:10,2026-09-06 15:55:30
678814,[Scarlett Ann] Crimson Desire,[Scarlett Ann] Crimson Desire,Crimson Desire,english,scarlett ann,,doujinshi,original,,"big breasts, smoking, sole female",45,2026-09-05 21:06:26,2026-09-05 21:06:26,2026-09-06 15:55:41
678815,(ShotaFes 22) [Yukirinrin! (Oyu)] Himitsu no Houkago (Tales of Symphonia)[Chinese][MTL],(ショタフェス22) [ユウキリンリン! (お湯)] ヒミツの放課後 (テイルズ オブ シンフォニア)[中国翻訳],Himitsu no Houkago,"translated, chinese",oyu,yukirinrin,doujinshi,tales of symphonia,"mithos yggdrasill, genis sage","anal, males only, yaoi, tomgirl, shotacon, anal intercourse, rough translation",18,2026-09-05 21:09:56,2026-09-05 21:09:56,2026-09-06 15:55:52
678816,[Scarlett Ann] Kurenai Yuhi,[Scarlett Ann] Kurenai Yuhi,Kurenai Yuhi,english,scarlett ann,,doujinshi,naruto,"kurenai yuhi, shikamaru nara","big breasts, pregnant, nakadashi, x-ray",29,2026-09-05 21:12:03,2026-09-05 21:12:03,2026-09-06 15:56:03
678817,[TETRARA (Tokiwa Yutaka)] 適性為0的扶她女王大人-C103限定逆肛交特典  [Chinese] [沒有漢化],[TETRARA (ときわゆたか)]適性０のふたなり女王様-C103限定逆アナル副読本  [中国翻訳],適性為0的扶她女王大人-C103限定逆肛交特典,"translated, chinese",,,doujinshi,original,,futanari,10,2026-09-05 21:12:50,2026-09-05 21:12:50,2026-09-06 15:57:17
678818,[Minamo Duki (Kanna)] Amamiya-san wa Shitai Kibun | 天宮同學想要做愛 [Chinese] [蕪菁堂],[水面月 (カンナ)] 天宮さんはシたい気分 [中国翻訳],Amamiya-san wa Shitai Kibun | 天宮同學想要做愛,"translated, chinese",kanna | kisaragi kanna,minamo zuki,doujinshi,original,,"big breasts, swimsuit, dark skin, x-ray, stockings, gyaru, collar, sole female, sole male",29,2026-09-05 21:14:46,2026-09-05 21:14:46,2026-09-06 15:57:28
678819,[Minamo Duki (Kanna)] Koubi Nikki ~Mukuchi na Ano Ko wa Muchimuchi na Boku no Kanojo~ [Chinese] [蕪菁堂],[水面月 (カンナ)] 交尾★日記〜無口なあの子はムチムチな僕の彼女〜 [中国翻訳],Koubi Nikki ~Mukuchi na Ano Ko wa Muchimuchi na Boku no Kanojo~,"translated, chinese",kanna | kisaragi kanna,minamo zuki,doujinshi,original,,"kissing, big breasts, big ass, schoolgirl uniform, nakadashi, cosplaying, latex, stockings, bodysuit, paizuri, leotard, bloomers, blowjob, sole female, sole male, eye-covering bang, school gym uniform",49,2026-09-05 21:18:01,2026-09-05 21:18:01,2026-09-06 15:57:39
678820,[KS' Works (KS)] MONOCHROME AFFECTION -SUMMER BLUE- (Blue Archive) [Digital],[KS' Works (KS)] MONOCHROME AFFECTION -SUMMER BLUE- (ブルーアーカイブ) [DL版],MONOCHROME AFFECTION -SUMMER BLUE-,japanese,ks,ks works,doujinshi,blue archive,"kayoko onikata, sensei","wings, swimsuit, bikini, full color, sole female, sole male, horns, halo",22,2026-09-05 21:19:50,2026-09-05 21:19:50,2026-09-06 15:57:51
678821,(C108) [HMA (Hiyoshi Hana)] Admiral! 13 (Kantai Collection -KanColle-),(C108) [HMA (日吉ハナ)] Admiral! 13 (艦隊これくしょん -艦これ-),Admiral! 13,japanese,hiyoshi hana,hma,doujinshi,kantai collection,"bismarck, teitoku","big breasts, nakadashi, stockings, sole female, sole male",30,2026-09-05 21:22:05,2026-09-05 21:22:05,2026-09-06 15:58:02
678822,[Scarlett Ann] PayPal Saga,[Scarlett Ann] PayPal Saga,PayPal Saga,japanese,scarlett ann,,doujinshi,original,,"big breasts, misc",9,2026-09-05 21:22:53,2026-09-05 21:22:53,2026-09-06 15:58:13
678823,[Horori] REMIELL & VELINA (Tentacle) (Zenless Zone Zero) [Chinese][工口寫真個人漢化][無修正],,REMIELL & VELINA,"translated, chinese",horori,,doujinshi,zenless zone zero,"remielle dan, velina airgid","big breasts, uncensored, ahegao, anal, nipple fuck, full color, inverted nipples, tentacles",19,2026-09-05 21:24:23,2026-09-05 21:24:23,2026-09-06 15:59:28
678824,[20NT (Fukemachi)]  Asa Okitara Alice  to Irekawatteta!? Sensei ga Kei-chan ni  Maintenance Sarechau Hanashi  (Blue Archive) [Digital],[20NT (ふけまち)] 朝起きたらアリスと入れ替わってた!?先生がケイちゃんにメンテナンスされちゃう話 (ブルーアーカイブ) [DL版],Asa Okitara Alice  to Irekawatteta!? Sensei ga Kei-chan ni  Maintenance Sarechau Hanashi,japanese,fukemachi,20nt,doujinshi,blue archive,"alice tendou, kei tendou","futanari, body swap, very long hair, gender change, halo, futanarization",43,2026-09-05 21:27:15,2026-09-05 21:27:15,2026-09-06 15:59:39
678825,[Wasabi] 沒能忍住性慾的故事(The Legend of Zelda: Breath of the Wild)  [Chinese] [沒有漢化],[わさび]性欲を我慢できなかった話 (ゼルダの伝説ブレス オブ ザ ワイルド) [中国翻訳],沒能忍住性慾的故事,"translated, chinese",wasabi,,doujinshi,the legend of zelda,"princess zelda, link","elf, sole female, sole male",17,2026-09-05 21:28:29,2026-09-05 21:28:29,2026-09-06 15:59:50
678826,[sinistra (eda)] guradoru no yamamoto sann,[シニストラ (江田)] グラドルの山本さん,guradoru no yamamoto sann,japanese,eda,sinistra,doujinshi,original,,"big breasts, glasses, bikini, stockings",4,2026-09-05 21:28:58,2026-09-05 21:28:58,2026-09-06 16:00:01
678827,[sinistra (eda)] itsu mo no yuuko mama,[シニストラ (江田)] いつもの優子ママ,itsu mo no yuuko mama,japanese,eda,sinistra,doujinshi,original,,"milf, big breasts, cheating, sole female",2,2026-09-05 21:29:16,2026-09-05 21:29:16,2026-09-06 16:00:13
678828,[sinistra (eda)] yuuko mama to musume no tomodachi,[シニストラ (江田)] 優子ママと娘の友達,yuuko mama to musume no tomodachi,japanese,eda,sinistra,doujinshi,original,,"milf, big breasts, sole female",2,2026-09-05 21:29:35,2026-09-05 21:29:35,2026-09-06 16:00:24
678829,[Asia no Hiraki (Eisia)] Tonari no Heya no Inma Tsuma. | The Succubus Housewife Next Door. [English] [Onyx],[あじあのひらき (えいじあ)] 隣の部屋の淫魔妻。 [英訳],Tonari no Heya no Inma Tsuma. | The Succubus Housewife Next Door.,"english, translated",eisia,asia no hiraki,doujinshi,original,,"milf, big breasts, glasses, big ass, nakadashi, ahegao, x-ray, stockings, impregnation, inverted nipples, sole female, sole male, twintails, very long hair",27,2026-09-05 21:31:26,2026-09-05 21:31:26,2026-09-06 16:01:39
678830,[Minamo Duki (Kanna)] Gohoubi ni Nandemo Onegai o Kiitekureru Kuro Gal Seitokai Yakuin [Chinese] [蕪菁堂] [Digital],[水面月 (カンナ)] ご褒美になんでもお願いを聞いてくれる黒ギャル性徒会役員 [中国翻訳] [DL版],Gohoubi ni Nandemo Onegai o Kiitekureru Kuro Gal Seitokai Yakuin,"translated, chinese",kanna | kisaragi kanna,minamo zuki,doujinshi,original,,"big breasts, gymshorts, big ass, nakadashi, dark skin, x-ray, stockings, gyaru, paizuri, collar, sole female, sole male, ponytail",36,2026-09-05 21:33:59,2026-09-05 21:33:59,2026-09-06 16:01:50
678831,[sinistra (eda)] saimoku mama,[シニストラ (江田)] 細目ママ,saimoku mama,japanese,eda,sinistra,doujinshi,original,,"milf, closed eyes, smalldom",4,2026-09-05 21:34:28,2026-09-05 21:34:28,2026-09-06 16:02:02
678832,Tempest Vol.9,[阿仁谷ユイジ] テンペスト 第09巻,Tempest Vol.9,japanese,,,doujinshi,original,,non-h,176,2026-09-05 21:45:02,2026-09-05 21:45:02,2026-09-06 16:02:13
678833,[Hamachi Tomosaku] Cure Arcana Shadow-chan ga FanSe de Ookii Otomodachi no Ganbou o Kanaemasu (Meitantei Precure!),[ハマチトモサク] キュアアルカナ・シャドウちゃんがファンサで大きいお友達の願望を叶えます (名探偵プリキュア!),Cure Arcana Shadow-chan ga FanSe de Ookii Otomodachi no Ganbou o Kanaemasu,japanese,hamachi tomosaku,,doujinshi,meitantei precure,cure arcana shadow | ruruka moria,"unusual pupils, mmf threesome, magical girl, group, sole female, very long hair",35,2026-09-05 21:47:23,2026-09-05 21:47:23,2026-09-06 16:02:24
678834,[Bai Asuka] Anata no Tame ni XX sarete... [chinese],[唄飛鳥] 貴方の為にXXされて… [个人汉化],Anata no Tame ni XX sarete...,"translated, chinese",bai asuka,,manga,,,"bdsm, milf, scat, big breasts, chastity belt, gag, group, netorare, story arc, ahegao, anal, sex toys, blowjob face, ffm threesome, femdom, bondage, eyemask, masked face, double penetration, tankoubon, stockings, orgasm denial, nose hook, blowjob, collar, large tattoo, rough translation, nipple stimulation, genital piercing, nipple piercing, netorase",238,2026-09-05 22:02:00,2026-09-05 22:02:00,2026-09-06 16:02:36
678835,[Toshiue Onee-san Tengoku (Uyuu)] Sukebe Elf to Boukensha Guild ~Chika Dungeon no Yadoya Hen~ | 下流精灵和冒险者公会 ～地下城的旅馆篇～ [Chinese] [SeKiはもう頑張りたくない] [Digital],[年上おねーさん天国 (烏有)] スケベエルフと冒険者ギルド ～地下ダンジョンの宿屋編～ [中国翻訳] [DL版],Sukebe Elf to Boukensha Guild ~Chika Dungeon no Yadoya Hen~ | 下流精灵和冒险者公会 ～地下城的旅馆篇～,"translated, chinese",uyuu,toshiue onee-san tengoku,doujinshi,original,,"elf, big breasts, mmf threesome, group, goblin, midget, nakadashi, ahegao, sleeping, hairy, monster, x-ray, full color, drugs, fingering, rape, voyeurism, big penis, shotacon, smalldom",33,2026-09-05 22:09:05,2026-09-05 22:09:05,2026-09-06 16:03:50
678836,Amakute nigai ~boku ni yasashii kansaiben mesu oniisan ga ura de shakkin tori ni shihai sareteita nante~,あまくてにがい～ボクに優しい関西弁メスお兄さんが裏で借金取りに支配されていたなんて～,Amakute nigai ~boku ni yasashii kansaiben mesu oniisan ga ura de shakkin tori ni shihai sareteita nante~,"translated, chinese",keiji-kurobi,grande melone,doujinshi,original,,"nakadashi, anal, yaoi, tomgirl, blackmail, blowjob, feminization, rough translation",68,2026-09-05 22:13:40,2026-09-05 22:13:40,2026-09-06 16:04:02
678837,[Toshiue Onee-san Tengoku (Uyuu)] Sukebe Elf to Boukensha Guild ~Dai Madoushi Toubatsu Hen~ | 下流精灵和冒险者公会 ～大法师讨伐篇～ [Chinese] [SeKiはもう頑張りたくない] [Digital],[年上おねーさん天国 (烏有)] スケベエルフと冒険者ギルド ～大魔導士討伐編～ [中国翻訳] [DL版],Sukebe Elf to Boukensha Guild ~Dai Madoushi Toubatsu Hen~ | 下流精灵和冒险者公会 ～大法师讨伐篇～,"translated, chinese",uyuu,toshiue onee-san tengoku,doujinshi,original,,"elf, big breasts, cunnilingus, nakadashi, ahegao, sleeping, x-ray, drugs, mosaic censorship, shotacon, sole male, smalldom",29,2026-09-05 22:19:02,2026-09-05 22:19:02,2026-09-06 16:04:14
678838,[Chocolate Latte (Ichiyo Moka)] Saimin Kanojo Kanojo no Haha Takanashi Ouka #3 [Chinese] [bear个人汉化] [Digital],[ショコラテ (一葉モカ)] 催眠カノジョ 彼女の母 高梨桜佳 #3 [中国翻訳] [DL版],Saimin Kanojo Kanojo no Haha Takanashi Ouka #3,"translated, chinese",ichiyo moka,chocolate latte,doujinshi,original,,"milf, kissing, big breasts, big ass, breast feeding, sex toys, mother, mind control, multi-work series, lactation, pantyhose, paizuri, widow, sole male, hair buns, nipple stimulation, high heels",73,2026-09-05 22:23:49,2026-09-05 22:23:49,2026-09-06 16:04:25
678839,(C108) [Aspergillus (Okara)] Summer Junk LOVE (Toaru Kagaku no Railgun),(C108) [Aspergillus (おから)] Summer Junk LOVE (とある科学の超電磁砲),Summer Junk LOVE,japanese,okara,aspergillus,doujinshi,toaru project,"touma kamijou, mikoto misaka","swimsuit, bikini, small breasts, sole female, sole male",26,2026-09-05 22:25:47,2026-09-05 22:25:47,2026-09-06 16:04:36
678840,[色孽神選] xp超短篇：卡夫卡人格排泄 (崩壊:スターレイル),[色孽神選] xp超短篇：卡夫卡人格排泄 (崩壊:スターレイル),xp超短篇：卡夫卡人格排泄,chinese,senie shenxuan,,doujinshi,honkai star rail,kafka,"misc, full color, shotacon, smalldom",32,2026-09-05 22:31:51,2026-09-05 22:31:51,2026-09-06 16:04:48
678841,"(C93) [Shokumu Taiman (Take, Iwamototuka)] Fuux (Yuuki Yuuna wa Yuusha de Aru) [English]",(C93) [職務タイマン (丈、岩本塚)] 風先輩っくす (結城友奈は勇者である) [英訳],Fuux,"english, translated",take,shokumu taiman,doujinshi,yuuki yuuna wa yuusha de aru,fuu inubouzaki,"handjob, big breasts, nakadashi, paizuri, sole female, twintails",22,2026-09-05 22:33:41,2026-09-05 22:33:41,2026-09-06 16:06:06
678842,(C108) [Garuruu no Ouchi (Garuruu)] Ibuki ga Iroha o Sememakuri Ecchi o Shite (Zecchou) Ikasechau Ohanashi | 伊吹对伊吕波展开猛烈的攻势 一起色色让伊吕波高潮 (绝顶) 的小故事 (Blue Archive) [Chinese] [欶澜汉化组],(C108) [がるるぅのおうち (がるるぅ)] イブキがイロハを攻めまくりエッチをして(絶頂)イかせちゃうお話 (ブルーアーカイブ) [中国翻訳],Ibuki ga Iroha o Sememakuri Ecchi o Shite (Zecchou) Ikasechau Ohanashi | 伊吹对伊吕波展开猛烈的攻势 一起色色让伊吕波高潮 (绝顶) 的小故事,"translated, chinese",garuruu,,doujinshi,blue archive,"iroha natsume, ibuki tanga","kissing, females only, femdom, lolicon, yuri, fingering, tribadism, halo",27,2026-09-05 22:39:20,2026-09-05 22:39:20,2026-09-06 16:06:17
678843,[Toshiue Onee-san Tengoku (Uyuu)] Sukebe Elf to Boukensha Guild 3 ~Yamigumo no Su Hen~ | 下流精灵与冒险者公会3  ～暗蜘蛛之巢篇～ [Chinese] [SeKiはもう頑張りたくない] [Digital],[年上おねーさん天国 (烏有)] スケベエルフと冒険者ギルド3 ～闇蜘蛛の巣編～ [中国翻訳] [DL版],Sukebe Elf to Boukensha Guild 3 ~Yamigumo no Su Hen~ | 下流精灵与冒险者公会3  ～暗蜘蛛之巢篇～,"translated, chinese",uyuu,toshiue onee-san tengoku,doujinshi,original,,"elf, big breasts, unusual pupils, cunnilingus, group, masturbation, shimapan, nakadashi, sex toys, ffm threesome, bondage, full color, multi-work series, drugs, stockings, fingering, shotacon, smalldom",35,2026-09-05 22:45:51,2026-09-05 22:45:51,2026-09-06 16:06:29
678844,"[Fresh Infantryman (Ippeisotsu, Ostrava)] Toaru Spy no Bunretsu Nichijou [English] [biribiri] [Digital]",,Toaru Spy no Bunretsu Nichijou,"english, translated",,ippeisotsu,doujinshi,original,,"futanari, big breasts, selfcest, mosaic censorship, dickgirl on dickgirl, futanarization",27,2026-09-05 22:47:41,2026-09-05 22:47:41,2026-09-06 16:06:40
678845,[Naminori Navy (ebinavy)] Seikishi-sama ♀ wa Marunomi Shokushu no Naka | 圣骑士大人♀被触手整个吞下 [Chinese] [欶澜汉化组×紫藤汉化组] [Digital],[波乗りネイビー (エビネイビー)] 聖騎士様♀は丸呑み触手のナカ♡ [中国翻訳] [DL版],Seikishi-sama ♀ wa Marunomi Shokushu no Naka | 圣骑士大人♀被触手整个吞下,"translated, chinese",ebinavy,naminori navy,doujinshi,original,,"squirting, big ass, ahegao, anal, vore, double penetration, stockings, rape, navel fuck, tentacles, sole female",32,2026-09-05 22:53:58,2026-09-05 22:53:58,2026-09-06 16:06:54
678846,♦️（🦌）❌ ♠️,,♦️（🦌）❌ ♠️,"japanese, textless narrative",patientz,,doujinshi,original,,"nakadashi, anal, x-ray, males only, yaoi, muscle, kemonomimi, anal intercourse",14,2026-09-05 22:55:04,2026-09-05 22:55:04,2026-09-06 16:07:06
678847,[あい(リョナ)]エレメントスター:総集編～正義のヒロインたちの敗北集～,[あい(リョナ)]エレメントスター:総集編～正義のヒロインたちの敗北集～,エレメントスター:総集編～正義のヒロインたちの敗北集～,japanese,,,doujinshi,original,,"zombie, ryona, sex toys, asphyxiation, bondage, tickling, yuri, drugs, bodysuit, rape, leotard, unusual insertions",258,2026-09-05 23:42:56,2026-09-05 23:42:56,2026-09-06 16:08:22
678848,[Yudokuya (Tomokichi)] AV no Satsuei Genba ni Zetsurin Orc ga Isekai Teni Shite Shimatta Hanashi. | 精力绝伦的兽人异世界转移至AV摄影现场的故事 [Chinese] [无米之炊汉化组] [Digital],[友毒屋 (友吉)] AVの撮影現場に絶倫オークが異世界転移してしまった話。 [中国翻訳] [DL版],AV no Satsuei Genba ni Zetsurin Orc ga Isekai Teni Shite Shimatta Hanashi. | 精力绝伦的兽人异世界转移至AV摄影现场的故事,"translated, chinese",tomokichi | tomokity,yudokuya,doujinshi,original,,"scar, big breasts, swimsuit, orc, nakadashi, ahegao, bikini, full color, filming, mosaic censorship, blowjob, muscle, sole female",29,2026-09-05 23:45:04,2026-09-05 23:45:04,2026-09-06 16:08:33
678849,[色孽神选] 留云借风真君与东丘人,,留云借风真君与东丘人,"english, chinese",senie shenxuan,,doujinshi,genshin impact,"hilichurl, xianyun | cloud retainer","big breasts, glasses, ryona, monster, rape, muscle",20,2026-09-05 23:49:12,2026-09-05 23:49:12,2026-09-06 16:08:45
678850,[色孽神选] 申鹤的红绳,,申鹤的红绳,"japanese, english, chinese",senie shenxuan,,doujinshi,genshin impact,"hilichurl, shenhe","big breasts, monster, dark skin, full color, rape, eye-covering bang",20,2026-09-05 23:53:15,2026-09-05 23:53:15,2026-09-06 16:08:56
678851,"Hated to Death by My Strong-Willed Female Boss Fubuki, But I Still Just Want Her Love",被强势的女上司吹雪恨到恨不得杀了我，但即使如此——我也只是想被她深爱着,"Hated to Death by My Strong-Willed Female Boss Fubuki, But I Still Just Want Her Love","translated, chinese",,caustica,doujinshi,original,,rough translation,90,2026-09-05 23:58:42,2026-09-05 23:58:42,2026-09-06 16:09:07
