ID,EN_TITLE,JP_TITLE,CLEAN_TITLE,LANGUAGE,ARTIST,GROUP_NAME,CATEGORY,PARODY,CHARACTER,TAGS,PAGES,UPLOAD_DATE,FORMATTED_DATE,SCRAPED_DATE
669018,Ananga Ranga Vol. 134,アナンガ・ランガ Vol.134,Ananga Ranga Vol. 134,japanese,"shiina, fumitsuki sou, riia, wano umi",,manga,,,"glasses, schoolgirl uniform, anthology, bondage, lolicon, yuri",635,2026-08-01 01:50:07,2026-08-01 01:50:07,2026-08-02 14:00:13
669019,[Aga Marino] Gal to Gariben ~Iri Bitari Benkyoukai de Orei Sex~ [R-ban] (11-14),[阿賀まりの] ギャルとガリ勉～入り浸り勉強会でお礼セックス～【R版】(11-14),Gal to Gariben ~Iri Bitari Benkyoukai de Orei Sex~,japanese,kuroda shohei,,manga,,,"big breasts, group, glasses, ffm threesome, kimono, multi-work series, tanlines, gyaru, sole male",108,2026-08-01 01:57:19,2026-08-01 01:57:19,2026-08-02 14:00:24
669020,[セゾク] 女生徒を堕とす快楽と躾の方法【R版】(1-4),[セゾク] 女生徒を堕とす快楽と躾の方法【R版】(1-4),女生徒を堕とす快楽と躾の方法【R版】,japanese,sezoku,,manga,,,big breasts,108,2026-08-01 02:03:51,2026-08-01 02:03:51,2026-08-02 14:00:36
669021,[阿賀まりの] ギャルとガリ勉～入り浸り勉強会でお礼セックス～【R-単行本版／限定特典つき】(2),[阿賀まりの] ギャルとガリ勉～入り浸り勉強会でお礼セックス～【R-単行本版／限定特典つき】(2),ギャルとガリ勉～入り浸り勉強会でお礼セックス～【R-単行本版／限定特典つき】,japanese,kuroda shohei,,manga,,,"big breasts, multi-work series, tankoubon, gyaru",192,2026-08-01 02:15:44,2026-08-01 02:15:44,2026-08-02 14:00:47
669022,[Ikka Risan (Shibako)] SIZSTAR'S STORY 005 [English] [SCANMTL] [Digital],[一家離散 (しばこ)] SIZSTAR'S STORY 005 [英訳] [DL版],SIZSTAR'S STORY 005,"english, translated",oi shibako,ikka risan,doujinshi,original,,"big breasts, ahegao, scanmark, tentacles, horns, tail, rough translation",31,2026-08-01 02:18:04,2026-08-01 02:18:04,2026-08-02 14:00:58
669023,[Tortoiseshell (Kinku)] Oshioki no Ojikan Desu [Chinese] [Digital] [逃亡者x真不可视汉化组] [妮娜想要更色色的惩罚重嵌],[トーティシェル (きんく)] お仕置きのお時間です [中国翻訳] [DL版],Oshioki no Ojikan Desu,"translated, chinese",kink,tortoiseshell,doujinshi,original,,"maid, nakadashi, lolicon, x-ray, full color, sole female, sole male",22,2026-08-01 02:22:13,2026-08-01 02:22:13,2026-08-02 14:01:09
669024,[Ikka Risan (Shibako)] SIZSTAR'S STORY 006 [English] [SCANMTL] [Digital],[一家離散 (しばこ)] SIZSTAR'S STORY 006 [英訳] [DL版],SIZSTAR'S STORY 006,"english, translated",oi shibako,ikka risan,doujinshi,original,,"big breasts, group, goblin, scanmark, monster, rape, horns, tail, rough translation",38,2026-08-01 02:29:28,2026-08-01 02:29:28,2026-08-02 14:02:25
669025,[Ikka Risan (Shibako)] Sizustar Fantasy 001 [English] [SCANMTL]  [Digital],[一家離散 (しばこ)] Sizustar Fantasy 001 [英訳] [DL版],Sizustar Fantasy 001,"english, translated",oi shibako,ikka risan,doujinshi,original,,"big breasts, bestiality, ahegao, scanmark, filming, tentacles, twintails, horns, tail, rough translation",53,2026-08-01 02:39:13,2026-08-01 02:39:13,2026-08-02 14:02:36
669026,[ド底辺ガカノスケ] Dai eichi no seiai jikken (Duel Masters Play's),[ド底辺ガカノスケ] 大叡智の性愛実験 (デュエル・マスターズプレイス),Dai eichi no seiai jikken,japanese,sabuustar,,doujinshi,duel masters,,"big breasts, blowjob, sole female, sole male, tail",31,2026-08-01 02:41:21,2026-08-01 02:41:21,2026-08-02 14:02:47
669027,[Kansen Shoujo (Noto Kurumi)] DAEMONS BREEDING Joshou: Kouhai | DAEMONS BREEDING Prologue:Copulation [English] [SCANMTL] [Digital],[甘泉少女 (のとくるみ)] DAEMONS BREEDING 序章:交配 [英訳] [DL版],DAEMONS BREEDING Joshou: Kouhai | DAEMONS BREEDING Prologue:Copulation,"english, translated",mitsurugi aoi,kansen shoujo,doujinshi,original,,"big breasts, corruption, netorare, scanmark, mosaic censorship, impregnation, tentacles, rough translation",30,2026-08-01 02:43:20,2026-08-01 02:43:20,2026-08-02 14:02:58
669028,[CHI] Hiroki 宏き - 一本正经的前辈满身大汗的性爱播种,,Hiroki 宏き - 一本正经的前辈满身大汗的性爱播种,"translated, chinese",hiroki,,manga,,,"glasses, nakadashi, anal, males only, yaoi, muscle, anal intercourse, big muscles",12,2026-08-01 02:44:21,2026-08-01 02:44:21,2026-08-02 14:03:08
669029,[Circle369] Kyonyuu Influencer wa Chuunen no Ossan ni Haiboku Suru [Chinese] [COW个人汉化],[サークル369] 巨乳インフルエンサーは中年のおっさんに敗北する [中国翻訳],Kyonyuu Influencer wa Chuunen no Ossan ni Haiboku Suru,"translated, chinese",,circle369,doujinshi,original,,"big breasts, schoolgirl uniform, prostitution, nakadashi, ahegao, ryona, asphyxiation, x-ray, gyaru, mind break, rape, teacher, dilf, impregnation, blowjob, bbm, deepthroat, sole female, sole male, twintails, mouth mask",35,2026-08-01 02:51:15,2026-08-01 02:51:15,2026-08-02 14:03:20
669030,[Ookami Uo] [Kinkyuu] Geneki SC-chan no Nichijou ga Yabasugiru [Digital],[オオカミうお] 【緊急】現役SCちゃんの日常がヤバすぎる [DL版],Geneki SC-chan no Nichijou ga Yabasugiru,japanese,ookami uo,,manga,,,"miko, magical girl, group, glasses, nakadashi, anal, sex toys, niece, lolicon, x-ray, incest, tankoubon, voyeurism, teacher, bloomers, school swimsuit, blowjob, shotacon, kemonomimi, kodomo doushi, butt plug",183,2026-08-01 03:24:38,2026-08-01 03:24:38,2026-08-02 14:04:33
669031,[Kudou Hisashi] Kimi o Nakumade Ikasetai [Digital],[くどうひさし] 君を泣くまでイカせたい [DL版],Kimi o Nakumade Ikasetai,japanese,kudou hisashi | oomichi imuta,,manga,,,"group, schoolgirl uniform, nakadashi, sex toys, bondage, lolicon, tankoubon, rape, blowjob",199,2026-08-01 04:02:12,2026-08-01 04:02:12,2026-08-02 14:04:44
669032,[Wakaru Tissue] Nanka Tanoshikute Kimochiii Koto [Digital],[わかるティッシュ] なんかたのしくてきもちいいこと [DL版],Nanka Tanoshikute Kimochiii Koto,japanese,kanabun | wakaru tissue,,manga,,,"swimsuit, group, glasses, schoolgirl uniform, nakadashi, tutor, anal, niece, ffm threesome, bondage, dark skin, bikini, lolicon, x-ray, defloration, mind control, incest, tanlines, tankoubon, oppai loli, impregnation, tomboy, daughter, school swimsuit, blowjob, collar, randoseru, shotacon, kindergarten uniform, kemonomimi, ponytail, twintails, thick eyebrows, leash, anal intercourse, kodomo doushi",207,2026-08-01 04:40:26,2026-08-01 04:40:26,2026-08-02 14:04:55
669033,[聖水BAR] スケベな花に襲われる魔女♡,[聖水BAR] スケベな花に襲われる魔女♡,スケベな花に襲われる魔女♡,japanese,,seisui bar,doujinshi,original,,"big breasts, tentacles, sole female, eye-covering bang",2,2026-08-01 04:40:56,2026-08-01 04:40:56,2026-08-02 14:05:07
669034,[Anthology] 2D Comic Magazine TS Kyousei Shoufu Nyotaika Baishun de Hameiki Chuudoku! Vol. 2 [Chinese] [牢大个人机翻] [Digital],[アンソロジー] 二次元コミックマガジン TS強制娼婦 女体化売春でハメイキ中毒! Vol.2 [中国翻訳] [DL版],2D Comic Magazine TS Kyousei Shoufu Nyotaika Baishun de Hameiki Chuudoku! Vol. 2,"translated, chinese","kisaragi yuu, dpc | deinoji, akiduki touya, wakamiya teresa",,manga,,,"big breasts, corruption, group, anthology, replaced, prostitution, stockings, mind break, gender morph, gender change, rough translation",90,2026-08-01 04:46:28,2026-08-01 04:46:28,2026-08-02 14:05:18
669035,[Nannan] Yome Chau Yubisaki︱探察心思的指尖 [Chinese][全1卷],[喃喃] よめちゃう指先︱探察心思的指尖 [Chinese][全1卷],Yome Chau Yubisaki︱探察心思的指尖,"translated, chinese",,,manga,,,"handjob, anal, males only, tankoubon, yaoi, watermarked, anal intercourse",229,2026-08-01 05:00:06,2026-08-01 05:00:06,2026-08-02 14:05:29
669036,[Jun Tokutyu Kuromask (Hetaren)] Omoi to Afurete Kuruizaku | 爱意满溢而出 催花反季盛开+附赠页 (Zenless Zone Zero) [Chinese] [欶澜汉化组] [Digital],[準特注くろますく (へたれん)] 想いと溢れて狂い咲く+おまけ (ゼンレスゾーンゼロ) [中国翻訳] [DL版],Omoi to Afurete Kuruizaku | 爱意满溢而出 催花反季盛开+附赠页,"translated, chinese",hetaren,jun tokutyu kuromask,doujinshi,zenless zone zero,"wise, vivian banshee","pantyhose, sole female, sole male, beauty mark, very long hair",41,2026-08-01 05:02:59,2026-08-01 05:02:59,2026-08-02 14:06:43
669037,[CHI] Hiroki 宏き - 老爸的绝伦抽插扭腰自慰,,Hiroki 宏き - 老爸的绝伦抽插扭腰自慰,"translated, chinese",hiroki,,manga,,,"masturbation, artistcg, yaoi, muscle, big muscles",12,2026-08-01 05:04:00,2026-08-01 05:04:00,2026-08-02 14:06:54
669038,[Super Melons] My buddy Krilin’s girlfriend 1 我的兄弟克林的女朋友 1 (龙珠Z)[狄更斯翻译],[Super Melons] My buddy Krilin’s girlfriend 1(Dragon Ball Z)[中国翻译],My buddy Krilin’s girlfriend 1 我的兄弟克林的女朋友 1,"translated, chinese",super melons,,doujinshi,"dragon ball z, dragon ball","android 18, chi chi","milf, big breasts, old man, cheating, full color, big penis, bbm, comic",44,2026-08-01 05:06:52,2026-08-01 05:06:52,2026-08-02 14:07:05
669039,(C92) [sobaworks (Akisoba)] unRighteousness Chant (Ragnarok Online) [Remastered],(C92) [sobaworks (秋蕎麦)] unRighteousness Chant (ラグナロクオンライン) [Remastered],unRighteousness Chant,japanese,akisoba,sobaworks,doujinshi,ragnarok online,lord knight,"group, nakadashi, anal, sex toys, monster, multi-work series, double penetration, stockings, tentacles, sole female, anal intercourse",17,2026-08-01 05:08:12,2026-08-01 05:08:12,2026-08-02 14:07:17
669040,[Picopico Bokujou (Riceneko)] Daeki de Seichou suru Shokushu Shokubutsu o Sodateru Beit | 用唾液栽培触手植物的兼职 (Gakuen IDOLM@STER) [Chinese] [紫藤汉化组] [Digital],[ピコピコ牧場 (リセネコ)] 唾液で成長する触手植物を育てるバイト (学園アイドルマスター) [中国翻訳] [DL版],Daeki de Seichou suru Shokushu Shokubutsu o Sodateru Beit | 用唾液栽培触手植物的兼职,"translated, chinese",riceneko,,doujinshi,the idolmaster,kotone fujita,"tentacles, sole female",23,2026-08-01 05:09:55,2026-08-01 05:09:55,2026-08-02 14:07:28
669041,[HOSHINO Sekai] Oresama Tenshi no Renai Process︱霸道天使的恋爱步骤 [Chinese][1-5][完],[ほしの世界] 俺様天使の恋愛プロセス︱霸道天使的戀愛步驟 [Chinese][1-5][完],Oresama Tenshi no Renai Process︱霸道天使的恋爱步骤,"translated, chinese",,,manga,,,"schoolboy uniform, anal, males only, tankoubon, yaoi, watermarked, anal intercourse",174,2026-08-01 05:20:50,2026-08-01 05:20:50,2026-08-02 14:07:39
669042,[Ritaru Dando(Beyan)] Zubunure hanjin hanrei shōjo wa samishigari (Touhou Project)  [Digital],[りたるだんど (べーやん)] ずぶぬれ半人半霊少女はさみしがり  (東方Project)  [DL版],Zubunure hanjin hanrei shōjo wa samishigari,japanese,,,doujinshi,touhou project,youmu konpaku,sole female,18,2026-08-01 05:22:16,2026-08-01 05:22:16,2026-08-02 14:08:51
669043,[Ritaru Dando(Beyan)] Zubunure hanjin hanrei shōjo wa samishigari | 寂寞的全身濕透的半人半靈少女(Touhou Project) [Chinese] [明稿昨拖漢化組] [Digital],[りたるだんど (べーやん)] ずぶぬれ半人半霊少女はさみしがり  (東方Project) [中国翻訳] [DL版],Zubunure hanjin hanrei shōjo wa samishigari | 寂寞的全身濕透的半人半靈少女,"translated, chinese",,,doujinshi,touhou project,youmu konpaku,sole female,18,2026-08-01 05:23:40,2026-08-01 05:23:40,2026-08-02 14:09:02
669044,[CHI] Hiroki 宏き - 橄榄球男体育教师的实践性教育 Part 1,,Hiroki 宏き - 橄榄球男体育教师的实践性教育 Part 1,"translated, chinese",hiroki,,manga,,,"artistcg, males only, tanlines, yaoi, muscle, big muscles",9,2026-08-01 05:24:30,2026-08-01 05:24:30,2026-08-02 14:09:14
669045,[CHI] Hiroki 宏き - 橄榄球男体育教师的实践性教育 Part 2,,Hiroki 宏き - 橄榄球男体育教师的实践性教育 Part 2,"translated, chinese",hiroki,,manga,,,"anal, artistcg, males only, yaoi, muscle, anal intercourse, big muscles",20,2026-08-01 05:25:48,2026-08-01 05:25:48,2026-08-02 14:09:25
669046,[なわけな] 叱る女,[なわけな] 叱る女,叱る女,japanese,nawakena,,doujinshi,original,,"big breasts, netorare, condom, mother, full color, incest, sole female, ponytail",8,2026-08-01 05:27:30,2026-08-01 05:27:30,2026-08-02 14:09:36
669047,[Shiroi Tentoumushi (Ta ta)] Goblin no Kuni,[白い天道虫 (た ta)] ゴブリンの国,Goblin no Kuni,japanese,takizawa taki | ta ta,shiroi tentoumushi,doujinshi,original,,"squirting, big breasts, piercing, spanking, pregnant, group, goblin, urination, nakadashi, ryona, anal, sex toys, mother, thigh high boots, monster, incest, double penetration, lactation, stockings, gokkun, rape, blowjob, collar, deepthroat, slave, petplay, anal intercourse, vaginal birth, butt plug",119,2026-08-01 05:49:54,2026-08-01 05:49:54,2026-08-02 14:09:47
669048,[AOMARU Nana] Risky Call︱危险邀约 [Chinese][全1卷],[青丸夏々] リスキーコール︱危险邀约 [Chinese][全1卷,Risky Call︱危险邀约,"translated, chinese",,,manga,,,"business suit, anal, males only, tankoubon, yaoi, blowjob, watermarked, anal intercourse",176,2026-08-01 06:01:04,2026-08-01 06:01:04,2026-08-02 14:09:58
669049,[Moma Jiro Mashimashi (Moma Jiro)] Nita Mono Doushi no Nare no Hate | 相似之人的末路 (Blue Archive) [Chinese] [欶澜汉化组] [Digital],[モマ二郎マシマシ (モマ二郎)] 似た者同士の成れの果て (ブルーアーカイブ) [中国翻訳] [DL版],Nita Mono Doushi no Nare no Hate | 相似之人的末路,"translated, chinese",moma jiro,,doujinshi,blue archive,"kasumi kinugawa, ichika nakamasa","wings, females only, yuri, twintails, horns, halo",31,2026-08-01 06:03:17,2026-08-01 06:03:17,2026-08-02 14:11:11
669050,(C92) [Sukiyaki Club (Kouji)] Junko Inmu | 純狐淫夢 (Touhou Project) [Chinese] [明稿昨拖漢化組],(C92) [すきやきクラブ (孝治)] 純狐淫夢 (東方Project) [中国翻訳],Junko Inmu | 純狐淫夢,"translated, chinese",kouji,sukiyaki club,doujinshi,touhou project,junko,"big breasts, unusual pupils, group, stockings",35,2026-08-01 06:05:45,2026-08-01 06:05:45,2026-08-02 14:11:22
669051,[ko-ta.] Papakatsu Kanojo ♡ + Digital Tokusouban Tokuten [Digital],[こーた。] パパ活カノジョ♡＋デジタル特装版特典 [DL版],Papakatsu Kanojo ♡ + Digital Tokusouban Tokuten,japanese,kota maru,,manga,,,"big breasts, schoolgirl uniform, prostitution, nakadashi, x-ray, bunny girl, tankoubon, stockings, bloomers, school gym uniform, sockjob, bathing room",353,2026-08-01 06:27:01,2026-08-01 06:27:01,2026-08-02 14:11:33
669052,[CHI] Hiroki 宏き - 和巨根滥交叔叔的盛夏炽热交合,,Hiroki 宏き - 和巨根滥交叔叔的盛夏炽热交合,"translated, chinese",hiroki,,manga,,,"handjob, nakadashi, anal, artistcg, males only, yaoi, muscle, anal intercourse, big muscles",15,2026-08-01 06:28:22,2026-08-01 06:28:22,2026-08-02 14:11:44
669053,"(C103) [AAA (Koyuki)] Sensei ga, Ecchi desu! | Sensei is a Pervert! (Persona 5) [English]",(C103) [あああ (小雪)] 先生が、えっちです! (ペルソナ5) [英訳],"Sensei ga, Ecchi desu! | Sensei is a Pervert!","english, translated",koyuki,aaa,doujinshi,persona 5,"sadayo kawakami, akira kurusu | ren amamiya","maid, big breasts, glasses, teacher, sole female, sole male",27,2026-08-01 06:30:23,2026-08-01 06:30:23,2026-08-02 14:11:55
669054,[ぷ玉] キララ 6ページ (ブルーアーカイブ),[ぷ玉] キララ 6ページ (ブルーアーカイブ),キララ 6ページ,japanese,putama,,doujinshi,blue archive,kirara yozakura,"gyaru, blowjob, hair buns, halo",6,2026-08-01 06:31:04,2026-08-01 06:31:04,2026-08-02 14:12:07
669055,[タマラン] ケイちゃん0.2 (ブルーアーカイブ),,ケイちゃん0.2,japanese,tamarun,tamarun,doujinshi,blue archive,kei tendou,"lolicon, blowjob, no penetration, very long hair, focus blowjob, halo",8,2026-08-01 06:32:45,2026-08-01 06:32:45,2026-08-02 14:13:26
669056,[Nekurin] Kyoudai de Isekai Shoukan ~Cheat Nouryoku no Sei de~ Imouto to Sex Shiteta Hanashi | 兄妹一同被召唤到异世界~都怪外挂能力~和妹妹做爱了的故事 [Chinese] [Chris个人机翻],[ネクリン] 兄妹で異世界召喚～チート能力のせいで～妹とセックスしてた話 [中国翻訳],Kyoudai de Isekai Shoukan ~Cheat Nouryoku no Sei de~ Imouto to Sex Shiteta Hanashi | 兄妹一同被召唤到异世界~都怪外挂能力~和妹妹做爱了的故事,"translated, chinese",,,doujinshi,original,,"unusual pupils, witch, nakadashi, ahegao, bikini, x-ray, inflation, incest, sister, impregnation, muscle, sole female, sole male, crotch tattoo, cumflation, rough translation",46,2026-08-01 06:41:10,2026-08-01 06:41:10,2026-08-02 14:13:38
669057,[Shishamo] kodomo de benpi kaishō suru nyotai ka chan,[ししゃも] 小人で便秘解消する女体化ちゃん,kodomo de benpi kaishō suru nyotai ka chan,japanese,shishamo,,doujinshi,original,,"scat, schoolgirl uniform, snuff, femdom, x-ray, full color, miniguy, sole female, analphagia",17,2026-08-01 06:42:31,2026-08-01 06:42:31,2026-08-02 14:13:49
669058,(C106) [KE_I_ARIM (Aikawa Monako)] Ore wa TS Sexaroid [Chinese] [牢大个人机翻],(C106) [けいありむ (あいかわモナコ)] 俺はTSセクサロイド [中国翻訳],Ore wa TS Sexaroid,"translated, chinese",aikawa monako,ke i arim,doujinshi,original,,"transformation, doll joints, body modification, robot, mind control, mind break, slave, gender morph, gender change, rough translation",28,2026-08-01 06:44:32,2026-08-01 06:44:32,2026-08-02 14:14:00
669059,[Shishamo] kodomo de benpi kaishō suru nyotai ka chan,[ししゃも] 小人で便秘解消する女体化ちゃん,kodomo de benpi kaishō suru nyotai ka chan,english,shishamo,,doujinshi,original,,"scat, schoolgirl uniform, snuff, femdom, x-ray, miniguy, sole female, analphagia",17,2026-08-01 06:45:45,2026-08-01 06:45:45,2026-08-02 14:14:11
669060,[Shishamo] Ellen gives the dwarf some constipation gas,[ししゃも] 小人に便秘ガスをお見舞いするエレン,Ellen gives the dwarf some constipation gas,japanese,shishamo,,doujinshi,zenless zone zero,ellen joe,"farting, femdom, miniguy, sole female, sole male, no penetration",20,2026-08-01 06:47:01,2026-08-01 06:47:01,2026-08-02 14:14:22
669061,[Pentacle (Shimipan)] Giri no Oyako ga Doukyo Shitereba Kitto Kou 5 [Chinese],[ペンタクル (しみぱん)] 義理の親子が同居してればきっとこう5 [中国翻訳],Giri no Oyako ga Doukyo Shitereba Kitto Kou 5,"translated, chinese",shimipan,pentacle,doujinshi,original,,"milf, big breasts, huge breasts, mother, full color, sole female, sole male, rough translation",32,2026-08-01 06:49:04,2026-08-01 06:49:04,2026-08-02 14:15:34
669062,品尝坨坨们-特别篇-莉纽阿的闲适安逸时光[一个C厨个人机翻润色][Trickcal Revive 穿越异世界恶作剧 嘟嘟脸恶作剧],[애옹이는 애오야옹] 트릭컬 사도 따먹기! [특별편] - 여유로운 시간,品尝坨坨们-特别篇-莉纽阿的闲适安逸时光,"translated, chinese",kitty is meow meow,,doujinshi,trickcal revive,,"nakadashi, anal, stockings, sole female, anal intercourse, rough translation",18,2026-08-01 06:50:24,2026-08-01 06:50:24,2026-08-02 14:15:45
669063,[Tsukumizu]阶层都市断片集 第二话 心靈感應（五月雨汉化组）,[つくみず]階層都市断片集 第1話 テレパシー（五月雨汉化组）,阶层都市断片集 第二话 心靈感應（五月雨汉化组）,"translated, chinese",tsukumizu yuu,,manga,,,,36,2026-08-01 06:52:57,2026-08-01 06:52:57,2026-08-02 14:15:57
669064,"[Tamaya Gekijou (Tamaya Cinema)] Innocent Trap [English, Uncensored]",[玉屋劇場 (玉屋キネマ)] イノセント・トラップ,Innocent Trap,"english, translated",tamaya cinema,tamaya gekijou,doujinshi,original,,"handjob, big breasts, uncensored, big ass, schoolgirl uniform, femdom, hairy, drugs, rape, sole female, sole male",25,2026-08-01 06:58:07,2026-08-01 06:58:07,2026-08-02 14:16:08
669065,[奥ヴぁ] 目つきも口も悪いけどちゃんとお願いしたら大体なんでもしてくれるドえろい眼鏡っ娘のドメガ,[奥ヴぁ] 目つきも口も悪いけどちゃんとお願いしたら大体なんでもしてくれるドえろい眼鏡っ娘のドメガ,目つきも口も悪いけどちゃんとお願いしたら大体なんでもしてくれるドえろい眼鏡っ娘のドメガ,japanese,okuva,,doujinshi,original,,"big breasts, glasses, schoolgirl uniform, big areolae, pantyhose, paizuri, ball sucking, blowjob, sole female, sole male, clothed paizuri, clothed female nude male, no penetration, focus blowjob",30,2026-08-01 07:00:11,2026-08-01 07:00:11,2026-08-02 14:16:19
669066,"(SC2024 Summer) [Salt Peanuts (Niea)] Between the Devil and the Deep Blue Sea (Himesama ""Goumon"" no Jikan desu) [Chinese] [自娱自乐AI汉化]",(サンクリ2024 Summer) [Salt Peanuts (にえあ)] Between the Devil and the Deep Blue Sea (姫様拷問の時間です) [中国翻訳],Between the Devil and the Deep Blue Sea,"translated, chinese",niea,salt peanuts,doujinshi,himesama goumon no jikan desu,youki,"oni, anal, bondage, demon girl, double penetration, small breasts, tentacles, sole female, horns, gloves, rough translation",14,2026-08-01 07:01:19,2026-08-01 07:01:19,2026-08-02 14:16:30
669067,[terasumc] 俺と別れてた期間に デカチン年上ご主人様と がっつりセックスしてた凛子に 復縁手コキしてもらう,[terasumc] 俺と別れてた期間に デカチン年上ご主人様と がっつりセックスしてた凛子に 復縁手コキしてもらう,俺と別れてた期間に デカチン年上ご主人様と がっつりセックスしてた凛子に 復縁手コキしてもらう,japanese,terasu mc,,doujinshi,love plus,rinko kobayakawa,"netorare, schoolgirl uniform, full color, filming, sole female, pixie cut",34,2026-08-01 07:03:36,2026-08-01 07:03:36,2026-08-02 14:16:41
669068,[HBO (Henkuma)] Angel Hame Dori Chuu | 妄想天使的性爱实拍过程—(Zenless Zone Zero) [Chinese] [白杨汉化组] [Digital],[HBO (変熊)] エンジェルハメ撮りちゅー (ゼンレスゾーンゼロ) [中国翻訳][DL版],Angel Hame Dori Chuu | 妄想天使的性爱实拍过程—,"translated, chinese",henkuma,hbo,doujinshi,zenless zone zero,"wise, sunna, nangong yu","squirting, swimsuit, masturbation, condom, nakadashi, ahegao, anal, bikini, lolicon, stockings, lingerie, filming, big penis, stomach deformation, sole male, anal intercourse",29,2026-08-01 07:09:44,2026-08-01 07:09:44,2026-08-02 14:17:55
669069,[Chotto B-sen] Kako ni Itte kimi no Doutei Ubaccha o !! [Full Color-ban],[ちょっとB専] 過去に行って君の童貞奪っちゃお!! 【フルカラー版】,Kako ni Itte kimi no Doutei Ubaccha o !!,japanese,,chotto b-sen,doujinshi,original,,"big breasts, bbw, big ass, full color, mosaic censorship, sole male",69,2026-08-01 07:16:13,2026-08-01 07:16:13,2026-08-02 14:18:06
669070,[Chotto B-sen] Yakeni Azatoi Atarashī Sensei ni Hitomebore? [Full Color-ban],[ちょっとB専] やけにあざとい新しい先生に一目惚れ？【フルカラー版】,Yakeni Azatoi Atarashī Sensei ni Hitomebore?,japanese,,chotto b-sen,doujinshi,original,,"big breasts, big ass, full color, multi-work series, mosaic censorship, teacher, big penis, shotacon, sole male, bald, smalldom",76,2026-08-01 07:30:27,2026-08-01 07:30:27,2026-08-02 14:18:17
669071,"[Muchimuchitei (Hakujitsu Mamire)] Sensei, Saimin ga Kiitemasen!! | Sensei, The Hypnosis Isn't Working!! (Blue Archive) [English] [NudeSalad] [Digital]",[ムチムチ亭 (白日まみれ)] 先生、催眠が効いてません!! (ブルーアーカイブ) [英訳] [DL版],"Sensei, Saimin ga Kiitemasen!! | Sensei, The Hypnosis Isn't Working!!","english, translated",hakujitsu mamire,,doujinshi,blue archive,"sensei, kanna ogata","unusual teeth, big breasts, swimsuit, dog girl, femdom, mind control, policewoman, pantyhose, fingering, rape, teacher, sole female, sole male, kemonomimi, domination loss, eye-covering bang, halo",25,2026-08-01 07:35:04,2026-08-01 07:35:04,2026-08-02 14:18:28
669072,[Jiko Moratorium (Sayaka)] Doukyuusei ga Hentai datta Ken [Digital],[自己モラトリアム (さやか)] 同級生がヘンタイだった件 [DL版],Doukyuusei ga Hentai datta Ken,japanese,sayaka,jiko moratorium,doujinshi,original,,"nakadashi, lolicon, defloration, impregnation, school swimsuit, sole female, sole male, kodomo doushi, kodomo only, classroom",50,2026-08-01 07:43:59,2026-08-01 07:43:59,2026-08-02 14:18:39
669073,[Inaka no Keshin] Mono Kasaseru Te 2,[田舎の化身] 物化させる手2,Mono Kasaseru Te 2,japanese,inaka no keshin,,doujinshi,original,,"kissing, forniphilia, humiliation, schoolgirl uniform, mind control, incest, sole male, no penetration, forced exposure",8,2026-08-01 07:45:38,2026-08-01 07:45:38,2026-08-02 14:18:50
669074,[Rori Pyua-ra bu rando (Subete yameta! ! ! ! !)]Shinda tsuide ni mama ni nare | 向死而生顺便再当个妈妈吧 [Chinese] [猫瓶瓶汉化组],[ろりぴゅあらぶランド (すべてやめた！！！！！)] 死んだついでにママになれ [中国翻訳],Shinda tsuide ni mama ni nare | 向死而生顺便再当个妈妈吧,"translated, chinese",subete yameta,,doujinshi,original,,"zombie, ahegao, lolicon, lactation, stockings, oppai loli, impregnation, big penis, deepthroat, sole female, sole male, gloves, hair buns",49,2026-08-01 07:55:30,2026-08-01 07:55:30,2026-08-02 14:20:09
669075,"[Enari] Mukashi Kara Sukidatta Osananajimi ni Futsuu ni Tsuyo Osu Kareshi Ite, Icha Icha Sex Shiteru Tokoro Misete Morau Yatsu",[江成] 昔から好きだった幼馴染に普通に強オス彼氏いて、いちゃいちゃセックスしてるところ見せてもらうやつ,"Mukashi Kara Sukidatta Osananajimi ni Futsuu ni Tsuyo Osu Kareshi Ite, Icha Icha Sex Shiteru Tokoro Misete Morau Yatsu",japanese,enari,,doujinshi,original,,"big breasts, netorare, nakadashi, huge breasts, freckles, dark skin, x-ray, full color, muscle, sole female, shaved head, small penis, netorase",11,2026-08-01 07:56:26,2026-08-01 07:56:26,2026-08-02 14:20:20
669076,[PULIN Nabe (kakenari)] Natsu Akete Hi -  The Sun after summer end [ENG],[PULIN鍋 (kakenari)]  夏明けて陽  [英訳] [DL版],Natsu Akete Hi -  The Sun after summer end,"english, translated",kakenari,pulin nabe,doujinshi,original,,"sweating, transformation, schoolboy uniform, group, glasses, uncensored, big ass, condom, nakadashi, moral degeneration, anal, tall man, dark skin, big balls, exhibitionism, x-ray, gyaru-oh, males only, yaoi, gaping, blowjob, muscle, big penis, stomach deformation, anal intercourse, multiple orgasms",38,2026-08-01 07:58:46,2026-08-01 07:58:46,2026-08-02 14:20:31
669077,[PULIN Nabe (kakenari)] VR ROOM [Digital] [English] [Decensored],[PULIN鍋 (kakenari)] ぶいあーるるーむ [DL版] [英訳] [無修正],VR ROOM,"english, translated",kakenari,pulin nabe,doujinshi,original,,"handjob, onahole, uncensored, big ass, nakadashi, anal, sex toys, dark skin, big balls, x-ray, gyaru-oh, multi-work series, males only, yaoi, blowjob, muscle, big penis, beauty mark, facial hair, anal intercourse, multiple orgasms, nipple stimulation",36,2026-08-01 08:01:26,2026-08-01 08:01:26,2026-08-02 14:20:42
669078,[PULIN Nabe (kakenari)] Gochuumon o Uketamawarimashita  | Order Received [English] [Digital],[PULIN鍋 (kakenari)] ご注文を承りました [英訳] [DL版],Gochuumon o Uketamawarimashita  | Order Received,"english, translated",kakenari,pulin nabe,doujinshi,original,,"kissing, uncensored, big ass, condom, nakadashi, anal, dark skin, big balls, x-ray, gyaru-oh, males only, yaoi, blowjob, muscle, big penis, anal intercourse, multiple orgasms",28,2026-08-01 08:03:36,2026-08-01 08:03:36,2026-08-02 14:20:54
669079,[Feeri] Bouque-chan to Kyoushitsu Ecchi (Uma Musume Pretty Derby) [Chinese] [Decensored],[ふぇぇり] ブーケちゃんと教室エッチ♡ (ウマ娘 プリティーダービー) [中国翻訳] [無修正],Bouque-chan to Kyoushitsu Ecchi,"translated, chinese",feeri,,doujinshi,uma musume pretty derby,curren bouqetdor,"full color, incomplete, sole female, sole male, horse girl, kemonomimi, tail, extraneous ads",14,2026-08-01 08:04:43,2026-08-01 08:04:43,2026-08-02 14:22:07
669080,[Eisei Maru] Itsumo Dorino Dating (COMIC Anthurium 2026-08) [Chinese] [Digital],[衛星まーる] いつも通りのデート (COMIC アンスリウム 2026年8月号) [中国翻訳] [DL版],Itsumo Dorino Dating,"translated, chinese",,,doujinshi,original,,"sister, sole female, sole male, manga, extraneous ads",39,2026-08-01 08:07:17,2026-08-01 08:07:17,2026-08-02 14:22:18
669081,"[Hamo] fumikun, kowagaranaide (COMIC Anthurium 2026-08) [Chinese] [Digital]",[鱧] フミくん、怖がらないで (COMIC アンスリウム 2026年8月号) [中国翻訳] [DL版],"fumikun, kowagaranaide","translated, chinese",,,doujinshi,original,,"manga, extraneous ads",33,2026-08-01 08:09:32,2026-08-01 08:09:32,2026-08-02 14:22:30
669082,[Enokido] korette unmei? (COMIC Anthurium 2026-08) [Chinese] [Digital],[エノキドォ] これって運命? (COMIC アンスリウム 2026年8月号) [中国翻訳] [DL版],korette unmei?,"translated, chinese",enokido,,manga,,,"impregnation, extraneous ads",31,2026-08-01 08:11:46,2026-08-01 08:11:46,2026-08-02 14:22:41
669083,[Kan-non Ritsu] Tennyo-sama! | 天女大人! (COMIC Penguin Club 2023-11 & 12) [Chinese] [Digital],[観音リツ] 天女さまっ! (COMIC ペンギンクラブ 2023年11月12月合併号) [中国翻訳] [DL版],Tennyo-sama! | 天女大人!,"translated, chinese",kan-non ritsu,,doujinshi,original,,"manga, extraneous ads",28,2026-08-01 08:13:48,2026-08-01 08:13:48,2026-08-02 14:22:53
669084,[Shinobu Tanei] Imouto to Mujaki na Jikan (COMIC Penguin Club 2024-01) [Chinese] [Digital],[志乃武丹英] 義妹と無邪気な時間 (COMIC ペンギンクラブ 2024年1月号) [中国翻訳] [DL版],Imouto to Mujaki na Jikan,"translated, chinese",shinobu tanei,,doujinshi,original,,"manga, extraneous ads",27,2026-08-01 08:15:47,2026-08-01 08:15:47,2026-08-02 14:23:04
669085,[Torimune] Fukujuu Nikukan Shoujo (Dekajo! Vol. 2) [Chinese],[とりむね] 服従肉感少女 (デカジョ! vol.2) [中国翻訳],Fukujuu Nikukan Shoujo,"translated, chinese",torimune,,manga,,,"big breasts, blowjob, extraneous ads",15,2026-08-01 08:16:54,2026-08-01 08:16:54,2026-08-02 14:24:17
669086,[Torimune] Odosare Nikukan Shoujo (Dekajo! Vol. 1) [Chinese],[とりむね] 脅され肉感少女 (デカジョ! vol.1) [中国翻訳],Odosare Nikukan Shoujo,"translated, chinese",torimune,,doujinshi,original,,"big breasts, schoolgirl uniform, manga, extraneous ads",15,2026-08-01 08:18:02,2026-08-01 08:18:02,2026-08-02 14:24:29
669087,[Dummy] Uwaki Bakari Sareteru Hitozuma-san [Chinese],[ダミー] 浮気ばかりされてる人妻さん [中国翻訳],Uwaki Bakari Sareteru Hitozuma-san,"translated, chinese",dummy,,doujinshi,original,,"milf, big breasts, glasses, netorare, cheating, extraneous ads",13,2026-08-01 08:19:05,2026-08-01 08:19:05,2026-08-02 14:24:40
669088,[Shiroi Famicon (Facominn)] Gensoukyou Onmyou Bakunyuutan (Touhou Project) [Chinese] [Digital],[しろいファミコン (ふぁこみん)] 幻想郷陰陽爆乳譚 (東方Project) [中国翻訳] [DL版],Gensoukyou Onmyou Bakunyuutan,"translated, chinese",facominn,shiroi famicon,doujinshi,touhou project,"reimu hakurei, yukari yakumo","big breasts, paizuri, no penetration, focus paizuri, extraneous ads",11,2026-08-01 08:20:02,2026-08-01 08:20:02,2026-08-02 14:24:52
669089,[Shiroi Famicon (Facominn)] Succubus Rabbit (Blue Archive) [Chinese] [Digital],[しろいファミコン (ふぁこみん)] サキュバスラビット (ブルーアーカイブ) [中国翻訳] [DL版],Succubus Rabbit,"translated, chinese",facominn,shiroi famicon,doujinshi,blue archive,saki sorai,"big breasts, no penetration, extraneous ads",11,2026-08-01 08:20:57,2026-08-01 08:20:57,2026-08-02 14:25:03
669090,[Shiroi Famicon (Facominn)] Aqua-sama Ecchi Fuku Kisugi! (Kono Subarashii Sekai ni Syukufuku o!) [Chinese] [Digital],[しろいファミコン (ふぁこみん)] アクア様えっち服着すぎ! (この素晴らしい世界に祝福を!) [中国翻訳] [DL版],Aqua-sama Ecchi Fuku Kisugi!,"translated, chinese",facominn,shiroi famicon,doujinshi,kono subarashii sekai ni syukufuku o,aqua,"big breasts, paizuri, first person perspective, sole female, no penetration, focus paizuri, extraneous ads",11,2026-08-01 08:21:52,2026-08-01 08:21:52,2026-08-02 14:25:14
669091,[Dummy] Gym de Deatta Kinniku Fetish no Onee-san [Chinese],[ダミー] ジムで出会った筋肉フェチのお姉さん [中国翻訳],Gym de Deatta Kinniku Fetish no Onee-san,"translated, chinese",dummy,,doujinshi,original,,"kissing, big breasts, nakadashi, hairy, x-ray, muscle, sole female, sole male, pixie cut, extraneous ads",12,2026-08-01 08:22:45,2026-08-01 08:22:45,2026-08-02 14:26:28
669092,[Dummy] Itsumo Naga Sarechau Mekakureko-chan [Chinese],[ダミー] いつも流されちゃうメカクレ子ちゃん [中国翻訳],Itsumo Naga Sarechau Mekakureko-chan,"translated, chinese",dummy,,doujinshi,original,,"big breasts, hairy, gyaru-oh, blowjob, sole female, sole male, eye-covering bang, extraneous ads",11,2026-08-01 08:23:43,2026-08-01 08:23:43,2026-08-02 14:26:39
669093,[Pirates Cat] Kinjo no Onee-san ga Majo no Cosplay o Shite Ie ni Kita | 鄰居家大姐姐扮演成魔女來我家了。 [Chinese],[パイレーツキャット] 近所のお姉さんが魔女のコスプレをして家に来た [中国翻訳],Kinjo no Onee-san ga Majo no Cosplay o Shite Ie ni Kita | 鄰居家大姐姐扮演成魔女來我家了。,"translated, chinese",pirates cat,,doujinshi,original,,"big breasts, breast feeding, nakadashi, femdom, stockings, blowjob, gloves, extraneous ads",11,2026-08-01 08:24:35,2026-08-01 08:24:35,2026-08-02 14:26:50
669094,[Aigamodou (Ayakawa Riku)] C99 Omakebon (Fate/Grand Order) [Chinese] [Digital],[あいがも堂 (あやかわりく)] C99オマケ本 (Fate/Grand Order) [中国翻訳] [DL版],C99 Omakebon,"translated, chinese",ayakawa riku,aigamodou,doujinshi,fate grand order,"jeanne darc, gudao | ritsuka fujimaru","kissing, big breasts, nakadashi, x-ray, stockings, blowjob, sole female, sole male, ponytail, very long hair, extraneous ads",11,2026-08-01 08:25:27,2026-08-01 08:25:27,2026-08-02 14:27:01
669095,[KS] Love EDUCATE! after school CLUB (コミック エグゼ 54) (コミック エグゼ 61) [DL版],,Love EDUCATE! after school CLUB,"translated, chinese",ks,,manga,,,"big breasts, nakadashi, extraneous ads",11,2026-08-01 08:26:18,2026-08-01 08:26:18,2026-08-02 14:27:20
669096,[nameco] Gaman Shiteita Hasumi to Sensei (Blue Archive) [Chinese],[nameco] 我慢していたハスミと先生 (ブルーアーカイブ) [中国翻訳],Gaman Shiteita Hasumi to Sensei,"translated, chinese",nameco,,doujinshi,blue archive,hasumi hanekawa,"wings, big breasts, swimsuit, bikini, paizuri, blowjob, sole female, sole male, bald, extraneous ads, halo",11,2026-08-01 08:27:15,2026-08-01 08:27:15,2026-08-02 14:27:31
669097,"[Uzura Dobin] fla ni Massage Shite Ageru plk Manga (Shiranui Flare, Omaru Polka) [Chinese]",[うずら土瓶] flaにマッサージしてあげるplk漫画 (不知火フレア、尾丸ポルカ) [中国翻訳],fla ni Massage Shite Ageru plk Manga,"translated, chinese",uzura dobin,,doujinshi,hololive,"shiranui flare, omaru polka","elf, kissing, cunnilingus, females only, yuri, kemonomimi, vtuber, extraneous ads",11,2026-08-01 08:28:09,2026-08-01 08:28:09,2026-08-02 14:28:44
669098,"(COMIC1☆13) [TOYBOX, Kujira Logic (Kurikara, Kujiran)] Tamamo Service (Fate/Grand Order) [English] [owphoenix]",(COMIC1☆13) [といぼっくす、くぢらろじっく (くりから、くぢらん)] たまも♥サービス (Fate/Grand Order) [英訳],Tamamo Service,"english, translated","kurikara, kujiran","kujira logic, toybox",doujinshi,"fate extra, fate grand order","hakuno kishinami, tamamo-no-mae, gudao | ritsuka fujimaru, tamamo cat","maid, big breasts, paizuri, blowjob, fox girl, catgirl, sole male, kemonomimi, no penetration",25,2026-08-01 08:29:53,2026-08-01 08:29:53,2026-08-02 14:28:55
669099,[D'Erlanger (Yamazaki Show)] Shake,,Shake,"english, translated",yamazaki show,derlanger,doujinshi,original,,"full censorship, glasses, schoolgirl uniform, anal, ffm threesome, incest, sister, blowjob, sole male, twintails, rough translation",42,2026-08-01 08:38:13,2026-08-01 08:38:13,2026-08-02 14:29:06
669100,[sen] 着るコ〇ドーム🍎その５８,[sen] 着るコ〇ドーム🍎その５８,着るコ〇ドーム🍎その５８,japanese,sen,,doujinshi,original,,"big breasts, hairy, big areolae, bodysuit, mosaic censorship",49,2026-08-01 08:41:39,2026-08-01 08:41:39,2026-08-02 14:29:17
669101,[Tabe Koji] Waruhame ~ Maruhi Sennyuu Sosakan Agatha ~ 2 Ch. 1-2 [English] [bfrost],[たべ・こーじ] ワルハメ～マル秘潜入捜査官アガサ～ 2 第1-2章 [英訳],Waruhame ~ Maruhi Sennyuu Sosakan Agatha ~ 2 Ch. 1-2,"english, translated",tabe koji,,manga,,,"big breasts, multi-work series, gyaru",52,2026-08-01 08:45:06,2026-08-01 08:45:06,2026-08-02 14:29:28
669102,[ささみどり] 時間停止イラマで胃に直接射精されるおねえさん (Pixiv Fanbox),[ささみどり] 時間停止イラマで胃に直接射精されるおねえさん [中国翻訳],時間停止イラマで胃に直接射精されるおねえさん,"translated, chinese",,,doujinshi,original,,"big breasts, time stop, netorare, inflation, extraneous ads",11,2026-08-01 08:45:57,2026-08-01 08:45:57,2026-08-02 14:29:39
669103,[Kuroiwa Menou] マゾメスママ 第一 _ 八話 (最終話) (COMIC HOTMiLK Koime Vol. 52-58),,マゾメスママ 第一 _ 八話,japanese,kuroiwa menou,,manga,,,"bdsm, milf, virginity, big breasts, chastity belt, gag, pegging, condom, anal, sex toys, femdom, bondage, mother, incest, double penetration, bride, orgasm denial, blindfold, shotacon",197,2026-08-01 09:23:07,2026-08-01 09:23:07,2026-08-02 14:29:51
669104,[Tamabon] Koi no Fukurami | 爱意悄然绽放 [Chinese] [猫瓶瓶汉化组] [Digital],[玉ぼん] 恋のふくらみ [中国翻訳] [DL版],Koi no Fukurami | 爱意悄然绽放,"translated, chinese",tamayura banko | tamabon,,manga,,,"squirting, sweating, kissing, big breasts, schoolboy uniform, glasses, schoolgirl uniform, ahegao, demon girl, kimono, x-ray, tankoubon, gyaru, fingering, blowjob, big penis, ponytail, horns, tail, nipple stimulation",181,2026-08-01 09:35:04,2026-08-01 09:35:04,2026-08-02 14:31:04
669105,(C89) [AquaDrop (Mikami Mika)] Ohayou Sex Bangaihen [English],(C89) [アクアドロップ (三上ミカ)] おはようせっくす 番外編 [英訳],Ohayou Sex Bangaihen,"english, translated",mikami mika,aquadrop,doujinshi,original,,"scanmark, lolicon, incest, sister, sole female, sole male, rough translation",13,2026-08-01 09:37:27,2026-08-01 09:37:27,2026-08-02 14:31:16
669106,(C91) [Shinjugai (Takeda Hiromitsu)] Maitama (Musaigen no Phantom World) [English] {doujins.com} [Decensored],(C91) [真珠貝 (武田弘光)] マイタマ (無彩限のファントム・ワールド) [英訳] [無修正],Maitama,"english, translated",takeda hiromitsu,shinjugai,doujinshi,myriad colors phantom world | musaigen no phantom world,mai kawakami,"kissing, big breasts, swimsuit, humiliation, unusual pupils, group, glasses, netorare, uncensored, schoolgirl uniform, nakadashi, moral degeneration, ahegao, anal, sex toys, defloration, mind control, stockings, mind break, rape, teacher, bloomers, dilf, catgirl, bbm, tail plug, beauty mark, kemonomimi, ponytail, twintails, exposed clothing",41,2026-08-01 09:45:48,2026-08-01 09:45:48,2026-08-02 14:31:27
669107,[Alpaca Club] Toshokan de Yoko-san[Chinese][在下是饭个人翻译],[あるぱかくらぶ]図書館で妖子さん[中国翻訳],Toshokan de Yoko-san,"translated, chinese",alpaca club,,manga,,,"ghost, invisible, full color, fingering, mosaic censorship, hidden sex, clit stimulation, rough translation, nipple stimulation",7,2026-08-01 09:46:41,2026-08-01 09:46:41,2026-08-02 14:31:38
669108,[Imomaru (Kenpi)] Kinyuusaisoku | Business Incentive (Touhou Project) [English] [Digital],[芋。 (けんぴ)] きんゆうさいそく (東方Project) [英訳] [DL版],Kinyuusaisoku | Business Incentive,"english, translated",kenpi,imomaru,doujinshi,touhou project,sumireko usami,"glasses, prostitution, rough translation",31,2026-08-01 09:48:48,2026-08-01 09:48:48,2026-08-02 14:31:49
669109,[K2 Manhole] 魔法少女合宿編,[K2 Manhole] 魔法少女合宿編,魔法少女合宿編,japanese,p senpuki,,doujinshi,original,,"futanari, big breasts, big ass, anal, full color, anal intercourse",31,2026-08-01 09:50:48,2026-08-01 09:50:48,2026-08-02 14:32:00
669110,[K2 Manhole] ロッシ エッチです。(アークナイツ:エンドフィールド),[K2 Manhole] ロッシ エッチです。(アークナイツ:エンドフィールド),ロッシ エッチです。,japanese,p senpuki,,doujinshi,arknights endfield,rossi,"urination, sole female, sole male, kemonomimi, tail",2,2026-08-01 09:51:11,2026-08-01 09:51:11,2026-08-02 14:33:14
669111,[Agata] Hadaka Gurashi Ch. 1-20 [Digital],[アガタ] はだかぐらし 第1-20話,Hadaka Gurashi Ch. 1-20,japanese,agata,,manga,,,"squirting, milf, virginity, big breasts, body painting, bbw, cunnilingus, group, full censorship, glasses, story arc, urination, nakadashi, huge breasts, anal, sex toys, ffm threesome, femdom, bondage, harem, hairy, dark skin, lolicon, exhibitionism, x-ray, defloration, tanlines, rimjob, small breasts, teacher, blowjob, bandaid, shotacon, sole male, oyakodon, twintails, shimaidon, very long hair, nudism, kodomo doushi, classroom",611,2026-08-01 11:47:11,2026-08-01 11:47:11,2026-08-02 14:33:25
669112,[Sugaleon] kanzen haiboku hiroin-zu kan,[スガレオン] 完全敗北ヒロイン図姦,kanzen haiboku hiroin-zu kan,japanese,sugaleon,,manga,,,"big breasts, piercing, full censorship, ahegao, thigh high boots, tankoubon, blowjob, tentacles",200,2026-08-01 11:59:42,2026-08-01 11:59:42,2026-08-02 14:33:36
669113,[Yakiniku Teishoku] Futago Difference | 双胞胎的不同 (Kinou Shita noni Oboetenai no? Yuri Ecchi Tanhenshuu) [Chinese] [Dokiki漢化社] [Digital],[焼肉定食] フタゴディファレンス (昨日シたのに覚えてないの? 百合えっち短編集) [中国翻訳] [DL版],Futago Difference | 双胞胎的不同,"translated, chinese",yakiniku teishoku,,manga,,,"twins, females only, yuri, fingering, sister",11,2026-08-01 12:00:49,2026-08-01 12:00:49,2026-08-02 14:33:48
669114,[K2 Manhole] 26.1.20,,26.1.20,japanese,p senpuki,,doujinshi,yu-gi-oh,s p little knight | s-force rappa chiyomaru,"anal, blowjob, sole female, sole male",2,2026-08-01 12:01:12,2026-08-01 12:01:12,2026-08-02 14:33:59
669115,[K2 Manhole] 26.7.21,,26.7.21,japanese,p senpuki,,doujinshi,yu-gi-oh,s p little knight | s-force rappa chiyomaru,"big breasts, paizuri, sole female, sole male",3,2026-08-01 12:01:31,2026-08-01 12:01:31,2026-08-02 14:34:10
669118,[Garandou (Garagara Tarou)] Saki to Futsuu ni Ichaicha Suru Hon (Gakuen IDOLM@STER) [Digital],[伽藍堂 (ガラガラ太郎)] 咲季と普通にイチャイチャする本 (学園アイドルマスター) [DL版],Saki to Futsuu ni Ichaicha Suru Hon,japanese,garagara tarou,,doujinshi,the idolmaster,saki hanami,"sole female, sole male",16,2026-08-01 12:04:17,2026-08-01 12:04:17,2026-08-02 14:35:46
669119,[Sunahama Nosame] NTR復讐代行 1-19話,[砂浜のさめ] NTR復讐代行 1-19話,NTR復讐代行 1-19話,japanese,sunahama nosame,,doujinshi,original,,"futanari, bdsm, big breasts, nun, gag, humiliation, piercing, pregnant, group, goblin, netorare, story arc, cheating, dog, bestiality, frottage, moral degeneration, ahegao, huge breasts, anal, blowjob face, femdom, bondage, shemale, hairy, dark skin, low bestiality, tanlines, breast expansion, huge penis, tall girl, rape, hairy armpits, tomgirl, impregnation, muscle, big penis, blindfold, stomach deformation, feminization, dickgirl on male, dickgirl on dickgirl, male on dickgirl, bisexual, small penis, very long hair, mesuiki, anal intercourse, exposed clothing, gender change, nipple stimulation",134,2026-08-01 12:29:06,2026-08-01 12:29:06,2026-08-02 14:35:57
669120,[Sakamata Nerimono] Loli-Bitch ★ Gekokujou | Loli Slut ★ Coup D'état (Koakuma a la mode) [English] [AlerianTL],[逆又練物] ロリビッチ★下克上 (小悪魔☆アラモード) [英訳],Loli-Bitch ★ Gekokujou | Loli Slut ★ Coup D'état,"english, translated",sakamata nerimono,,manga,,,"virginity, glasses, uncensored, nakadashi, lolicon, tanlines, gyaru, bbm, sole female, sole male, twintails, mesugaki",21,2026-08-01 12:33:09,2026-08-01 12:33:09,2026-08-02 14:36:09
669121,[MARASCHINO (Takayama Chihiro)] kano-mama Extra Stage!! [Chinese] [貝德個人漢化] [Digital],[MARASCHINO (高山千尋)] かのまま・えくすとらすてーじ!! [中国翻訳]  [DL版],kano-mama Extra Stage!!,"translated, chinese",takayama chihiro,,doujinshi,original,,"milf, full censorship, cheating",29,2026-08-01 12:35:12,2026-08-01 12:35:12,2026-08-02 14:36:20
669122,[Moreyuzu] Seikyouiku Tokubetsu Shiteikou・Do M Ikusei ko-su 2,[漏不湯] 性教育特別指定校・ドM育成コース,Seikyouiku Tokubetsu Shiteikou・Do M Ikusei ko-su 2,japanese,yuzu lemon,,doujinshi,original,,"maid, big breasts, gag, sex toys, ffm threesome, bondage, sole male, manga, high heels, object insertion only",33,2026-08-01 12:37:37,2026-08-01 12:37:37,2026-08-02 14:36:31
669123,[EN] Boku no Kanojo wa Haru wo Uru (My Girlfriend Sells Spring) 20,僕の彼女は春を売る,Boku no Kanojo wa Haru wo Uru (My Girlfriend Sells Spring) 20,"english, translated",en,,manga,,,,24,2026-08-01 12:39:20,2026-08-01 12:39:20,2026-08-02 14:37:46
669124,"[Fusuma] Sukoshi Ecchi na Natsumatsuri (Mugen Mochi, Porty)",[ふすま] 少しえっちな夏祭り (ムゲンもっち、ぽるてぃ),Sukoshi Ecchi na Natsumatsuri,japanese,fusuma,,doujinshi,,"porty, mugen mochi","kissing, females only, kimono, lolicon, exhibitionism, yuri, mosaic censorship, collar, twintails, vtuber, no penetration",5,2026-08-01 12:40:50,2026-08-01 12:40:50,2026-08-02 14:37:57
669125,[Doemutan] TS Shitara Tomodachi ni Yararetashi Kanojo mo NTRreta Hanashi Kouhen [English],[どえむたん] TSしたら友達にヤられたし彼女もNTRれた話 後編 [英訳],TS Shitara Tomodachi ni Yararetashi Kanojo mo NTRreta Hanashi Kouhen,"english, translated",doemutan,,doujinshi,original,,"maid, netorare, cheating, nakadashi, ffm threesome, footjob, multi-work series, blowjob, big penis, sole female, small penis, rough translation",26,2026-08-01 12:42:51,2026-08-01 12:42:51,2026-08-02 14:38:08
669126,d6c9ac3d_陽夏,,d6c9ac3d_陽夏,japanese,tsuchiro,,doujinshi,original,,farting,10,2026-08-01 12:43:54,2026-08-01 12:43:54,2026-08-02 14:38:19
669127,[Qruppo × Mameojitan] Nukitashi R Tankoubon-ban Volume 3 第03巻 [Chinese] [糖果个人汉化],[Qruppo×まめおじたん] ぬきたしR 単行本版 第03巻 [中国翻訳],Nukitashi R Tankoubon-ban Volume 3 第03巻,"translated, chinese",mameojitan,qruppo,manga,,,stockings,152,2026-08-01 12:52:44,2026-08-01 12:52:44,2026-08-02 14:38:30
669128,[amaamamama (pepe)] Mesuiki Otoko no Ko Healer Yuusha no Tsuma ni Naru.| 雌堕伪娘治疗师，成为勇者的妻子[个人机翻润色],[amaamamama (ぺぺ)] メスイキ男の娘ヒーラー勇者の妻になる。 [中国翻訳],Mesuiki Otoko no Ko Healer Yuusha no Tsuma ni Naru.| 雌堕伪娘治疗师，成为勇者的妻子,"translated, chinese",pepe,,doujinshi,original,,"anal, crossdressing, males only, yaoi, mosaic censorship, tomgirl, blowjob, eye-covering bang, anal intercourse, rough translation",29,2026-08-01 12:54:41,2026-08-01 12:54:41,2026-08-02 14:38:41
669129,[Gomu] Seken Shirazu Priest [English] [Colorized] [Decensored],[ゴム] 世間知らずプリースト [英訳] [カラー化] [無修正],Seken Shirazu Priest,"japanese, english, translated",gomu,,doujinshi,original,,"kissing, big breasts, nun, garter belt, uncensored, nakadashi, x-ray, full color, stockings, sole female, bald, eye-covering bang, rough translation",4,2026-08-01 12:55:11,2026-08-01 12:55:11,2026-08-02 14:38:53
669130,[Piwawa] Yasashii Onii-chan | A kind big brother [English],[ピワワ] やさしいおにいちゃん [英訳],Yasashii Onii-chan | A kind big brother,"english, translated",piwawa,,doujinshi,original,,"sundress, sister, blowjob, deepthroat, sole female, sole male, twintails, no penetration, focus blowjob, rough translation",6,2026-08-01 12:56:34,2026-08-01 12:56:34,2026-08-02 14:40:07
669131,飞机杯女神连线中 Wireless Onahole - Chapter 111 机翻 先行版,Wireless Onahole - Chapter 111 西语版,飞机杯女神连线中 Wireless Onahole - Chapter 111 机翻 先行版,"translated, chinese",,,manga,,,"webtoon, rough translation",11,2026-08-01 12:57:38,2026-08-01 12:57:38,2026-08-02 14:40:18
669132,"[Peθ (Mozu)] Ou no Musuko, Arui wa Youhi no Musume | 王的儿子亦或妖妃的女儿 (Fate/Grand Order) [Chinese] [fateyoujo个人汉化] [Digital]",[Peθ (もず)] 王の息子、あるいは妖妃の娘 (Fate/Grand Order) [中国翻訳] [DL版],"Ou no Musuko, Arui wa Youhi no Musume | 王的儿子亦或妖妃的女儿","translated, chinese",mozu,pe theta,doujinshi,fate grand order,"morgan, mordred, morgan le fay","futanari, mother, daughter, rough translation, dickgirl on female",26,2026-08-01 12:59:36,2026-08-01 12:59:36,2026-08-02 14:40:30
669133,[Ozaki Akira] Miboujin Ana Ruriko no Hinichijuu - The Extraordinary Life of Widow Announcer Ruriko [English],[尾崎晶] 未亡人アナ瑠璃子の非日常 [英訳],Miboujin Ana Ruriko no Hinichijuu - The Extraordinary Life of Widow Announcer Ruriko,"english, translated",ozaki akira,,manga,,,"milf, sweating, kissing, virginity, big breasts, swimsuit, mmf threesome, big nipples, group, cheating, nakadashi, ahegao, huge breasts, anal, hairy, bikini, exhibitionism, double penetration, bunny girl, tankoubon, big areolae, lactation, stockings, drunk, widow, bukkake, filming, blowjob, muscle, big penis, sole female, makeup, anal intercourse, exposed clothing, beach",201,2026-08-01 13:12:13,2026-08-01 13:12:13,2026-08-02 14:40:41
669134,"[Sunahama Nosame] ""Isekai Bad End"" Ch 4",[砂浜のさめ] 異世界BAD END 4話,"""Isekai Bad End"" Ch 4",japanese,sunahama nosame,,doujinshi,original,,"monster girl, uncensored, ffm threesome, centaur, sole male, redraw",6,2026-08-01 13:13:00,2026-08-01 13:13:00,2026-08-02 14:40:52
669135,[Surumenium (Taniguchi Daisuke)] Kanojo no Mama mo Sex Friend ni shita Hanashi! | How I Ended Up Sleeping with My Girlfriend's Mom [English] [LUNASUB],[スルメニウム (谷口大介)] 彼女のママもセフレにした話 [英訳],Kanojo no Mama mo Sex Friend ni shita Hanashi! | How I Ended Up Sleeping with My Girlfriend's Mom,"english, translated",taniguchi daisuke,surumenium,doujinshi,original,,"milf, big breasts, group, big ass, cheating, schoolgirl uniform, nakadashi, ffm threesome, harem, multi-work series, swinging, sole male, oyakodon, fishnets, shimaidon, rough translation",64,2026-08-01 13:16:53,2026-08-01 13:16:53,2026-08-02 14:41:03
669136,"[Tourendou (Tonagi Tsuyu)] Fukou Shoujo o Shiawase ni Shitai - Kaeru Basho o Ushinatta Shoujo ni Mushou no Ai o Ataetsuzuketara, Amaama na Kyouizon Kankei ni Narimashita | 愿为不幸少女带来她的幸福 [Chinese] [紫藤汉化组]",[灯恋堂 (灯凪つゆ)] 不幸少女を幸せにしたい 帰る場所を失った少女に無償の愛を与え続けたら、甘々な共依存関係になりました [中国翻訳],"Fukou Shoujo o Shiawase ni Shitai - Kaeru Basho o Ushinatta Shoujo ni Mushou no Ai o Ataetsuzuketara, Amaama na Kyouizon Kankei ni Narimashita | 愿为不幸少女带来她的幸福","translated, chinese",tonagi tsuyu,tourendou,doujinshi,original,,"nakadashi, small breasts, impregnation, blowjob, sole female",54,2026-08-01 13:20:29,2026-08-01 13:20:29,2026-08-02 14:42:17
669137,My sister´s perfect feet (Book 1) Complete,,My sister´s perfect feet (Book 1) Complete,english,baba,,doujinshi,original,,"uncensored, lolicon, footjob, full color, incest, sister, no penetration",82,2026-08-01 13:35:14,2026-08-01 13:35:14,2026-08-02 14:42:28
669138,[AQUOTZ] MAMAMASK 3 English ver.,,MAMAMASK 3 English ver.,english,aquotz,,doujinshi,the mask,,uncensored,41,2026-08-01 13:38:04,2026-08-01 13:38:04,2026-08-02 14:42:39
669139,(C107) [Touge Mine (Fujiko)] Ore no Personal Entame ga Hakadoru (Hacka Doll) [English] [mysterymeat3],(C107) [峠峰 (ふじこ)] オレの性癖がはかどる (ハッカドール) [英訳],Ore no Personal Entame ga Hakadoru,"english, translated",fujiko,touge mine,doujinshi,hacka doll,hacka doll no.3,"glasses, frottage, anal, bike shorts, males only, yaoi, shotacon, josou seme, anal intercourse, smalldom",25,2026-08-01 13:42:45,2026-08-01 13:42:45,2026-08-02 14:42:50
669140,[Fan no Hitori] Taimabu S6 Kage Kya Taima Miko Zyuin hen 4 [Chinese] | JK退魔部 Season6 社恐退魔巫女诅咒印记篇5 [简体中文],[煌野一人] 退魔部S6：陰キャ退魔巫女呪印編⑤ [中国翻訳],Taimabu S6 Kage Kya Taima Miko Zyuin hen 4 [Chinese] | JK退魔部 Season6 社恐退魔巫女诅咒印记篇5,"japanese, translated, chinese",fan no hitori | kazunto,,doujinshi,original,,"transformation, big breasts, corruption, group, schoolgirl uniform, nakadashi, freckles, multi-work series, crotch tattoo, very long hair",25,2026-08-01 13:44:30,2026-08-01 13:44:30,2026-08-02 14:43:01
669141,[Kemurin] Kan Ochi Zetchou Kamori Sayaka 2 | 完堕絶頂神守清華2 [Chinese] [树顶风波六人组集体汉化],[Kemurin] 完堕ち絶頂神守清華2 [中国翻訳],Kan Ochi Zetchou Kamori Sayaka 2 | 完堕絶頂神守清華2,"translated, chinese",kemurin,,doujinshi,matai toshi,sayaka kamimori,"big breasts, nakadashi, ahegao, thigh high boots, x-ray, latex, bodysuit, bukkake, impregnation, big penis, sole female, sole male, gloves",19,2026-08-01 13:45:59,2026-08-01 13:45:59,2026-08-02 14:43:12
669142,[Super Melons] My buddy Krilin’s girlfriend 2(Ongoing) 我的兄弟克林的女朋友 2 (龙珠Z)(更新中)[狄更斯翻译],[Super Melons] My buddy Krilin’s girlfriend 2(Dragon Ball Z)[中国翻译],My buddy Krilin’s girlfriend 2(Ongoing) 我的兄弟克林的女朋友 2,"translated, chinese",super melons,,doujinshi,"dragon ball z, dragon ball, dragon ball super","master roshi, son goku, android 18, chi chi, oolong","milf, big breasts, old man, cheating, anal, full color, blowjob, bbm, comic, hair buns",36,2026-08-01 13:48:25,2026-08-01 13:48:25,2026-08-02 14:44:27
669143,[Part-timer (Part1550)] Kyou wa Shitai Koishi-chan 2nd days (Touhou Project) [Digital],[ぱーとたいまー (Part1550)] 今日はシたいこいしちゃん 2nd days (東方Project) [DL版],Kyou wa Shitai Koishi-chan 2nd days,japanese,,,doujinshi,touhou project,koishi komeiji,"sole female, sole male",30,2026-08-01 13:50:30,2026-08-01 13:50:30,2026-08-02 14:44:39
669144,[やせい生はむ] ゴロツキに捕まってしまう女盗賊,[やせい生はむ] ゴロツキに捕まってしまう女盗賊,ゴロツキに捕まってしまう女盗賊,japanese,yasei namahamu,,doujinshi,original,,"big breasts, harem, mind control, full color, tomboy, blowjob, big penis, bbm, sole male, bald",5,2026-08-01 13:51:03,2026-08-01 13:51:03,2026-08-02 14:44:49
669145,[やせい生はむ] 悪徳王に手によって堕ちるエルフの女王,[やせい生はむ] 悪徳王に手によって堕ちるエルフの女王,悪徳王に手によって堕ちるエルフの女王,japanese,yasei namahamu,,doujinshi,original,,"elf, big breasts, x-ray, full color, bbm, sole female, sole male, beauty mark, facial hair",4,2026-08-01 13:51:29,2026-08-01 13:51:29,2026-08-02 14:45:00
669146,[やせい生はむ] 幼馴染の魔法◯女がヤリチンの怪人に負けるなんて,[やせい生はむ] 幼馴染の魔法◯女がヤリチンの怪人に負けるなんて,幼馴染の魔法◯女がヤリチンの怪人に負けるなんて,japanese,yasei namahamu,,doujinshi,original,,"big breasts, magical girl, netorare, x-ray, full color, muscle, sole female, sole male",4,2026-08-01 13:51:53,2026-08-01 13:51:53,2026-08-02 14:45:11
669147,[やせい生はむ] いじめっ子から守ってくれる大好きなおね♡ちゃんはあいつの…,[やせい生はむ] いじめっ子から守ってくれる大好きなおね♡ちゃんはあいつの…,いじめっ子から守ってくれる大好きなおね♡ちゃんはあいつの…,japanese,yasei namahamu,,doujinshi,original,,"big breasts, netorare, x-ray, full color, bbm, sole female, sole male",5,2026-08-01 13:52:23,2026-08-01 13:52:23,2026-08-02 14:45:22
669148,[Part-timer (Part1550)] Kyou wa Shitai Koishi-chan 2nd days | 今天也想幹戀戀 第二天 (Touhou Project) [Chinese] [明稿昨拖漢化組] [Digital],[ぱーとたいまー (Part1550)] 今日はシたいこいしちゃん 2nd days (東方Project) [中国翻訳] [DL版],Kyou wa Shitai Koishi-chan 2nd days | 今天也想幹戀戀 第二天,"translated, chinese",,,doujinshi,touhou project,koishi komeiji,"paizuri, sole female, sole male",31,2026-08-01 13:54:22,2026-08-01 13:54:22,2026-08-02 14:46:40
669149,[やせい生はむ] 憧れのアネキは身代わりに…,[やせい生はむ] 憧れのアネキは身代わりに…,憧れのアネキは身代わりに…,japanese,yasei namahamu,,doujinshi,original,,"sweating, big breasts, netorare, full color, bbm, sole female, sole male",9,2026-08-01 13:55:13,2026-08-01 13:55:13,2026-08-02 14:46:51
669150,[やせい生はむ] 野郎だらけのサークルバンドで女部長はオホ声オナホにされる,[やせい生はむ] 野郎だらけのサークルバンドで女部長はオホ声オナホにされる,野郎だらけのサークルバンドで女部長はオホ声オナホにされる,japanese,yasei namahamu,,doujinshi,original,,"kissing, big breasts, nakadashi, dark skin, full color, dilf, sole female, sole male, bald",6,2026-08-01 13:55:45,2026-08-01 13:55:45,2026-08-02 14:47:03
669151,[San Se Fang (Heiqing Langjun)] Hyakkasou 13 <<Hekigan Rasetsu Saigo no Kyouji>> [English] [Decensored] [Digital],[三色坊 (黒青郎君)] 百華荘13 《碧眼羅刹最後の矜持》 [英訳] [無修正] [DL版],Hyakkasou 13 <<Hekigan Rasetsu Saigo no Kyouji>>,"english, translated",heiqing langjun | kokusei roukun,san se fang,doujinshi,original,,"big breasts, uncensored, nakadashi, multi-work series, stockings, ball sucking, impregnation, blowjob, bbm, sole female, sole male, gloves, ball caressing",29,2026-08-01 13:57:44,2026-08-01 13:57:44,2026-08-02 14:47:17
669152,[Pupi] A Beary Gay Doujin - Lia x Uruka (Phase Connect) [English],,A Beary Gay Doujin - Lia x Uruka,english,,,doujinshi,,"fujikura uruka, rinkou ashelia","yuri, vtuber",12,2026-08-01 13:58:39,2026-08-01 13:58:39,2026-08-02 14:47:37
669153,[りこぴん2000] リンちゃんとえっち (ブルーアーカイブ),[りこぴん2000] リンちゃんとえっち (ブルーアーカイブ),リンちゃんとえっち,japanese,rikoping2000,,doujinshi,blue archive,"rin nanagami, sensei","big breasts, glasses, sole female, sole male",8,2026-08-01 13:59:20,2026-08-01 13:59:20,2026-08-02 14:47:49
669154,[りこぴん2000] アコとえっち 6P (ブルーアーカイブ),[りこぴん2000] アコとえっち 6P (ブルーアーカイブ),アコとえっち 6P,japanese,rikoping2000,,doujinshi,blue archive,"ako amau, sensei","big breasts, nakadashi, sole female, sole male, halo",7,2026-08-01 13:59:57,2026-08-01 13:59:57,2026-08-02 14:48:00
669155,[りこぴん2000] カズサと夏祭り 6P (ブルーアーカイブ),[りこぴん2000] カズサと夏祭り 6P (ブルーアーカイブ),カズサと夏祭り 6P,japanese,rikoping2000,,doujinshi,blue archive,"sensei, kazusa kyouyama","blowjob, catgirl, sole female, sole male, kemonomimi, clothed female nude male, no penetration, focus blowjob, halo",7,2026-08-01 14:00:31,2026-08-01 14:00:31,2026-08-02 14:49:13
669156,CieloBivolta,,CieloBivolta,"translated, chinese",,,manga,,,"futanari, rough translation",16,2026-08-01 14:01:41,2026-08-01 14:01:41,2026-08-02 14:49:24
669157,"[Curry House (B8MEl)] Kazuai to Reiai to Osake to Choco to | Kazu-love and Rei-love, Alcohol and Chocolate (Blue Archive) [English] [srt scans]",[カレーハウス (B8MEl)] カズ愛とレイ愛とお酒とチョコと (ブルーアーカイブ) [英訳],"Kazuai to Reiai to Osake to Choco to | Kazu-love and Rei-love, Alcohol and Chocolate","english, translated",b8mel,curry house,doujinshi,blue archive,"kazusa kyouyama, reisa uzawa","females only, full censorship, yuri, drunk, tribadism, collar, catgirl, kemonomimi, halo",28,2026-08-01 14:03:44,2026-08-01 14:03:44,2026-08-02 14:49:38
669158,[EnderAnswer] Sweethearts since childhood,,Sweethearts since childhood,"japanese, english, translated",,,doujinshi,original,,"pegging, femdom, rough translation",8,2026-08-01 14:04:30,2026-08-01 14:04:30,2026-08-02 14:49:52
669159,[Club Renew (Teniya Yoshiwaki)] Kimajime Senmu no Himeta Sei | The Hidden Desires of the Upright Executive [English] [Decensored],[クラブレニュ (天仁屋よしわき)] 生真面目専務の秘めた性  [英訳] [無修正],Kimajime Senmu no Himeta Sei | The Hidden Desires of the Upright Executive,"english, translated",teniya yoshiwaki,club renew,doujinshi,original,,"business suit, kissing, glasses, uncensored, prostate massage, nakadashi, sex toys, dark skin, x-ray, males only, yaoi, huge penis, gaping, blowjob, big penis, deepthroat, anal intercourse, nipple stimulation",45,2026-08-01 14:07:31,2026-08-01 14:07:31,2026-08-02 14:50:08
669160,[Ribons Nights (Kyouno Aki)] Sono Sekai 2 [Chinese] [不咕鸟汉化组],[リボーンズナイツ (京野秋)] その世界2 [中国翻訳],Sono Sekai 2,"translated, chinese",kyouno aki,ribons nights,doujinshi,original,,"time stop, schoolgirl uniform, bukkake",57,2026-08-01 14:10:54,2026-08-01 14:10:54,2026-08-02 14:50:20
669161,"Damn it, Lillie",ちくしゃリーリエ【机翻自用】,"Damn it, Lillie","english, translated",,,doujinshi,pokemon | pocket monsters,lillie,"big breasts, chastity belt, variant set, rough translation",14,2026-08-01 14:11:59,2026-08-01 14:11:59,2026-08-02 14:50:31
669162,[Shiheki] Yuusha ga Chiisaku sarete Ecchi na Koto o Sarete shimau Manga [English] [SCANMTL],[シヘキ] 勇者が小さくされてえっちな事をされてしまう漫画 [英訳],Yuusha ga Chiisaku sarete Ecchi na Koto o Sarete shimau Manga,"english, translated",shiheki,,doujinshi,original,,"unbirth, vore, scanmark, demon girl, horns, rough translation",33,2026-08-01 14:14:07,2026-08-01 14:14:07,2026-08-02 14:51:45
669163,[Ameiro Biscuit (Susuanpan)] Marunomare Wa-chan (Girls' Frontline) [English] [SCANMTL] [Digital],[飴色ビスケット (煤あんぱん)] 丸呑まれわーちゃん (少女前線) [英訳] [DL版],Marunomare Wa-chan,"english, translated",susuanpan,ameiro biscuit,doujinshi,girls frontline,wa2000,"big breasts, nakadashi, vore, scanmark, monster, x-ray, double penetration, pantyhose, sole female, rough translation, nipple stimulation",34,2026-08-01 14:16:39,2026-08-01 14:16:39,2026-08-02 14:52:00
669164,[RAN] 《女神败北》衍生 精灵世界 精灵奴隶的兵器转用法 解说♪（顾岩机翻汉润）,[RAN] 女神敗北より エルフ世界 エルフ奴隷の兵器転用法 解説♪（Chinese）,《女神败北》衍生 精灵世界 精灵奴隶的兵器转用法 解说♪（顾岩机翻汉润）,"translated, chinese",ran,,manga,,,"elf, rough translation",6,2026-08-01 14:17:19,2026-08-01 14:17:19,2026-08-02 14:52:12
669165,[Nekomarudow (Tajima Yoshikazu)] BB-chan to Ero Trap Dungeon  (Fate/Grand Order) [English] [SCANMTL] [Digital],[ネコマルドウ。 (たぢまよしかづ)] BBちゃんとエロトラップダンジョン (Fate/Grand Order) [英訳] [DL版],BB-chan to Ero Trap Dungeon,"english, translated",tadima yoshikadu,nekomarudow,doujinshi,fate grand order,"gudako, bb","scanmark, tentacles, rough translation",33,2026-08-01 14:19:35,2026-08-01 14:19:35,2026-08-02 14:52:27
669166,[ZUTTA]Brave Fallen (SCANMTL),(僧侶・ソレーヌ前編),Brave Fallen,"english, translated",zutta,,doujinshi,original,,"piercing, nakadashi, ryona, scanmark, wooden horse, tentacles, sole female, crotch tattoo, rough translation, nipple piercing",10,2026-08-01 14:20:25,2026-08-01 14:20:25,2026-08-02 14:52:39
669167,[Shiheki] Hazardous Area 06 (SCANMTL),[シヘキ] 危険区域06,Hazardous Area 06,"english, translated",shiheki,,doujinshi,original,,"vore, scanmark, demon girl, long tongue, tentacles, rough translation",44,2026-08-01 14:23:10,2026-08-01 14:23:10,2026-08-02 14:52:50
669168,[Yamashima Echichi (Yamashima Chihane)]  Mahou Shoujo Lovena ~Yokkyuu Fuman Shokushu vs Shinjin  Mahou Shoujo~ [English] [SCANMTL],[やましまえちち (山島ちはね)] 魔法少女♥らぶな～欲求不満触手vs新人魔法少女～ [英訳],Mahou Shoujo Lovena ~Yokkyuu Fuman Shokushu vs Shinjin  Mahou Shoujo~,"english, translated",yamashima chihane,yamashima echichi,doujinshi,original,,"magical girl, scanmark, bondage, monster, multi-work series, stockings, tentacles, twintails, rough translation",38,2026-08-01 14:25:44,2026-08-01 14:25:44,2026-08-02 14:54:04
669169,[Yamashima Echichi (Yamashima Chihane)] Mahou Shoujo Lovena 2~Yokkyuu Fuman Shokushu vs Shinjin Mahou Shoujo~ [English] [SCANMTL],[やましまえちち (山島ちはね)] 魔法少女♥らぶな2～欲求不満触手vs新人魔法少女～ [英訳],Mahou Shoujo Lovena 2~Yokkyuu Fuman Shokushu vs Shinjin Mahou Shoujo~,"english, translated",yamashima chihane,yamashima echichi,doujinshi,original,,"magical girl, scanmark, multi-work series, tentacles, twintails, rough translation",26,2026-08-01 14:27:32,2026-08-01 14:27:32,2026-08-02 14:54:15
669170,[扯淡最健康] 崩铁丸吞锦标赛，第三话,,崩铁丸吞锦标赛，第三话,chinese,,,doujinshi,honkai star rail,"jade, himeko, sparkle, natasha","big breasts, snuff, nakadashi, vore, x-ray, full color, inflation",6,2026-08-01 14:28:13,2026-08-01 14:28:13,2026-08-02 14:54:26
669171,[Yamashima Echichi (Yamashima Chihane)] Mahou Shoujo Lovena 3 ~King Shokushu VS Futari no Mahou Shoujo~ [English] [SCANMTL],[やましまえちち(山島ちはね)]魔法少女らぶな3～キング触手VSふたりの魔法少女～ [英訳],Mahou Shoujo Lovena 3 ~King Shokushu VS Futari no Mahou Shoujo~,"english, translated",yamashima chihane,yamashima echichi,doujinshi,original,,"magical girl, anal, scanmark, multi-work series, double penetration, tentacles, twintails, gloves, rough translation",46,2026-08-01 14:31:14,2026-08-01 14:31:14,2026-08-02 14:54:38
669172,"[Hachihachihachi] Cli Choukyou de Netorareta Moto-Kanojo wa Boku o Shasei Kanri suru| My ex-girlfriend, who was NTR'd via hypnosis conditioning, now controls my ejaculations. [English]",[蜂蜂蜂] クリ調教で寝取られた元彼女は僕を射精管理する [英訳],"Cli Choukyou de Netorareta Moto-Kanojo wa Boku o Shasei Kanri suru| My ex-girlfriend, who was NTR'd via hypnosis conditioning, now controls my ejaculations.","english, translated",,hachihachihachi,doujinshi,original,,"chastity belt, humiliation, glasses, netorare, rough translation",24,2026-08-01 14:32:49,2026-08-01 14:32:49,2026-08-02 14:54:49
669173,[ESKOLOGIC (Sakisaka Esko)] Watashi no Tomodachi. [English] [SCANMTL] [Digital],[ESKOLOGIC (咲坂えすこ)] わたしの友だち。 [英訳] [DL版],Watashi no Tomodachi.,"english, translated",,,doujinshi,original,,"schoolgirl uniform, snuff, scanmark, bondage, demon girl, yuri, blood, tentacles, twintails, rough translation",29,2026-08-01 14:34:50,2026-08-01 14:34:50,2026-08-02 14:55:00
669174,[Momonomi Yuki] Muku na Shoujo wa Otosareru [Digital],[もものみ由貴] 無垢な少女は堕とされる [DL版],Muku na Shoujo wa Otosareru,japanese,sakura yukimi | momonomi,,manga,,,"inseki, group, schoolgirl uniform, ffm threesome, lolicon, defloration, incest, tankoubon, teacher, dilf, kemonomimi, twintails",188,2026-08-01 15:08:42,2026-08-01 15:08:42,2026-08-02 14:56:13
669175,[Enuenuki] Ryoujoku Shokushu no Bathroom ~Ayashige na Otonari-san ni Moratta no wa Shokushu deshita~ [English] [SCANMTL],[えぬえぬ旗] 凌辱触手のバスルーム～怪しげなお隣さんに貰ったのは触手でした～ [英訳],Ryoujoku Shokushu no Bathroom ~Ayashige na Otonari-san ni Moratta no wa Shokushu deshita~,"english, translated",,,doujinshi,original,,"pregnant, scanmark, inflation, mind break, tentacles, clit stimulation, rough translation, nipple stimulation, vaginal birth",35,2026-08-01 15:11:09,2026-08-01 15:11:09,2026-08-02 14:56:25
669176,[Hashimura Aoki] Ero Trap Dungeon no Owner ni Tensei shita no de Boukensha Hamemakutta [Digital],[橋村青樹] エロトラップダンジョンのオーナーに転生したので冒険者ハメまくった [DL版],Ero Trap Dungeon no Owner ni Tensei shita no de Boukensha Hamemakutta,japanese,hashimura aoki | kanno wataru,,manga,,,"torture, amputee, group, ryona, harem, monster, blood, tankoubon, rape, petrification, vaginal birth",216,2026-08-01 15:50:50,2026-08-01 15:50:50,2026-08-02 14:56:36
669177,(C103) [Nekonote Shobou (Nekonta)] Chuushin-sama no Yome [English] [SCANMTL],(C103) [ねこのてしょぼう (ねこんた)] 蟲神さまの嫁 [英訳],Chuushin-sama no Yome,"english, translated",nekonta,nekonote shobou,doujinshi,original,,"scat, big breasts, anal, vore, scanmark, hairy, slug, inflation, lactation, tentacles, sole female, rough translation",26,2026-08-01 15:53:00,2026-08-01 15:53:00,2026-08-02 14:56:47
669178,[ユメジダケ] クリモネNTRafter~ボテ腹ビデオレター編~ (プリンセスコネクト!Re:Dive),[ユメジダケ] クリモネNTRafter~ボテ腹ビデオレター編~ (プリンセスコネクト!Re:Dive),クリモネNTRafter~ボテ腹ビデオレター編~,japanese,yumejidake,,doujinshi,princess connect,,"pregnant, netorare, kemonomimi",10,2026-08-01 15:53:53,2026-08-01 15:53:53,2026-08-02 14:56:58
669179,[Oyster] Kazoku Ningyou [Digital],[オイスター] 家族人形 [DL版],Kazoku Ningyou,japanese,oyster,,manga,,,"scat, piercing, vomit, group, snuff, ahegao, drugs, blood, tankoubon, mosaic censorship, rape, sister, cbt, big penis",199,2026-08-01 16:30:23,2026-08-01 16:30:23,2026-08-02 14:57:09
669180,[Picopico Bokujou (Riceneko)] Daeki de Seichou suru Shokushu Shokubutsu o Sodateru Beit (Gakuen IDOLM@STER) [English] [SCANMTL] [Digital],[ピコピコ牧場 (リセネコ)] 唾液で成長する触手植物を育てるバイト (学園アイドルマスター) [英訳] [DL版],Daeki de Seichou suru Shokushu Shokubutsu o Sodateru Beit,"english, translated",riceneko,,doujinshi,the idolmaster,kotone fujita,"scanmark, tentacles, sole female, rough translation",21,2026-08-01 16:31:58,2026-08-01 16:31:58,2026-08-02 14:58:31
669181,[Oyogi (Kanashiro no Hako)] Aratashii Tomodachi [English] [SCANMTL],[およぎ (かなしろの箱)] あらたしいともだち [英訳],Aratashii Tomodachi,"english, translated",kanashiro no hako,oyogi,doujinshi,original,,"zombie, monster girl, scanmark, lolicon, tentacles, sole female, rough translation",34,2026-08-01 16:38:30,2026-08-01 16:38:30,2026-08-02 14:58:43
669182,[subliminal-paradise] Tentacle bath (SCANMTL),触手風呂,Tentacle bath,"english, translated",,,doujinshi,original,,"anal, scanmark, x-ray, small breasts, tentacles, stomach deformation, sole female, rough translation",39,2026-08-01 16:41:12,2026-08-01 16:41:12,2026-08-02 14:58:54
669183,"[Funmatsu Maccha (Inasotsu)] Tenshi Ririeru-chan ga Shokushu Monster ni Tsukamatte Shokushu Akume de Kairakuni Otosareru Made (Shadowverse, Rage of Bahamut) [English] [SCANMTL] [Digital]",[粉末抹茶 (いなそつ)] 天使リリエルちゃんが触手モンスターに捕まって触手アクメで快楽に堕とされるまで── (シャドウバース、神のバハムート) [英訳] [DL版],Tenshi Ririeru-chan ga Shokushu Monster ni Tsukamatte Shokushu Akume de Kairakuni Otosareru Made,"english, translated",inasotsu,funmatsu maccha,doujinshi,"shadowverse, rage of bahamut | shingeki no bahamut genesis",,"wings, pregnant, scanmark, drugs, angel, stockings, tentacles, twintails, multiple orgasms, clit stimulation, rough translation, nipple stimulation",48,2026-08-01 16:44:22,2026-08-01 16:44:22,2026-08-02 14:59:05
669184,[King] Bondage Story Collection 01 (SCANMTL),King的漫画《拘束奇闻01》,Bondage Story Collection 01,"english, translated",king,,doujinshi,original,,"gag, living clothes, scanmark, bondage, rough translation, high heels",23,2026-08-01 16:45:57,2026-08-01 16:45:57,2026-08-02 14:59:16
669185,[King] Tentacles Suit Restraint (SCANMTL),[King] 超详细步骤触手服装拘束,Tentacles Suit Restraint,"english, translated",king,,doujinshi,original,,"gag, living clothes, scanmark, bondage, full color, bodysuit, rough translation",30,2026-08-01 16:48:01,2026-08-01 16:48:01,2026-08-02 14:59:30
669186,[TSF CAFE (TY)] Mahou Shoujo Ryakudatsu | 魔法少女略夺 [Chinese] [Li个人汉化],[TSF CAFE (TY)] 魔法少女略奪 [中国翻訳],Mahou Shoujo Ryakudatsu | 魔法少女略夺,"translated, chinese",ty,tsf cafe,doujinshi,original,,"slime, transformation, big breasts, corruption, magical girl, females only, masturbation, yuri, mind control, breast expansion, possession, fingering, selfcest, parasite, tribadism, gender morph, gender change",41,2026-08-01 16:50:46,2026-08-01 16:50:46,2026-08-02 15:00:43
669187,[ユメジダケ] 催○をかけられたキョウカちゃんがおじさんのお嫁さんにされちゃう話 (プリンセスコネクト!Re:Dive),[ユメジダケ] 催○をかけられたキョウカちゃんがおじさんのお嫁さんにされちゃう話 (プリンセスコネクト!Re:Dive),催○をかけられたキョウカちゃんがおじさんのお嫁さんにされちゃう話,japanese,yumejidake,,doujinshi,original,,"netorare, first person perspective, sole female, sole male",7,2026-08-01 16:51:32,2026-08-01 16:51:32,2026-08-02 15:00:55
669188,[ユメジダケ] 媚薬を盛られた静流が大嫌いなゲス体育教師に寝取られちゃうお話 (プリンセスコネクト!Re:Dive),[ユメジダケ] 媚薬を盛られた静流が大嫌いなゲス体育教師に寝取られちゃうお話 (プリンセスコネクト!Re:Dive),媚薬を盛られた静流が大嫌いなゲス体育教師に寝取られちゃうお話,japanese,yumejidake,,doujinshi,original,,"netorare, sole female, sole male",7,2026-08-01 16:52:12,2026-08-01 16:52:12,2026-08-02 15:01:06
669189,[Zenmai Kourogi] 圣翼学院小故事  CH9578个人=渣译,[ぜんまいこうろぎ] ここは圣翼マriana学园,圣翼学院小故事  CH9578个人=渣译,"translated, chinese",,zenmai kourogi,manga,,,rough translation,35,2026-08-01 16:54:38,2026-08-01 16:54:38,2026-08-02 15:01:17
669190,[Twin Melon Pie (Mitarashi Ranko)] Zetsurin Sugite Hitori ja Te ni Oemasen! [Digital],[ツインメロンパイ (みたらし蘭子)] 絶倫すぎて一人じゃ手に負えません！[DL版],Zetsurin Sugite Hitori ja Te ni Oemasen!,japanese,mitarashi ranko,twin melon pie,doujinshi,original,,"kissing, big breasts, group, masturbation, cheating, nakadashi, ahegao, ffm threesome, dark skin, gyaru, blowjob, sole male",40,2026-08-01 16:57:20,2026-08-01 16:57:20,2026-08-02 15:01:29
669191,"[Kurotanida] Seikaku Kitsume Hitozuma Kyoushi (29), Saimin Contact ni Ochiru",[黒谷田] 性格キツめ人妻教師(29)、催眠コンタクトに堕ちる,"Seikaku Kitsume Hitozuma Kyoushi (29), Saimin Contact ni Ochiru",japanese,,kurotanida,doujinshi,original,,"milf, group, netorare, hairy, mind control, multi-work series, bisexual, pixie cut",66,2026-08-01 17:01:34,2026-08-01 17:01:34,2026-08-02 15:01:40
669192,[Multi-Type (pasdar)] Ore no Onna Tomodachi wa Subarashi Bangaihen Rumi-Side [Digital],[Multi-type (pasdar)] オレの女友達は素晴らしい 番外編 Rumi-Side [DL版],Ore no Onna Tomodachi wa Subarashi Bangaihen Rumi-Side,japanese,pasdar,multi-type,doujinshi,original,,"big breasts, sleeping, full color, multi-work series, paizuri, sole female, sole male, nipple stimulation",66,2026-08-01 17:06:07,2026-08-01 17:06:07,2026-08-02 15:01:51
669193,[Renainou (Mizuyuki)] Renainou Tanpenshuu [Digital],[恋愛脳 (みずゆき)] 恋愛脳短編集 [DL版],Renainou Tanpenshuu,japanese,mizuyuki,renainou,doujinshi,original,,"big breasts, schoolboy uniform, schoolgirl uniform, x-ray, mind control, paizuri, blowjob, twintails",70,2026-08-01 17:10:22,2026-08-01 17:10:22,2026-08-02 15:02:03
669194,[IV VA SHIN (Mikuni Mizuki)] Shokuba no Senpai 2.5 [Digital],[IV VA SHIN (みくに瑞貴)] 職場の先輩2.5 [DL版],Shokuba no Senpai 2.5,japanese,mikuni mizuki,iv va shin,doujinshi,original,,masturbation,104,2026-08-01 17:16:42,2026-08-01 17:16:42,2026-08-02 15:02:14
669195,[Tohosanhun (Chada)] Kanojo no Shinyuu de Do-M na Gal ga Oshikakete Kita [Digital],[徒歩三分 (チャダ)] 彼女の親友でドМなギャルが押しかけて来た [DL版],Kanojo no Shinyuu de Do-M na Gal ga Oshikakete Kita,japanese,chado | chada,tohosanhun,doujinshi,original,,"big breasts, sole female, sole male",49,2026-08-01 17:19:56,2026-08-01 17:19:56,2026-08-02 15:02:25
669196,[星野竜一] 人妻陰陽師サクヤ3 寝取り篇 [DL版],[星野竜一] 人妻陰陽師サクヤ3 寝取り篇 [DL版],人妻陰陽師サクヤ3 寝取り篇,japanese,hoshino ryuichi,,doujinshi,original,,"milf, big breasts, netorare, anal, sleeping, mind control, multi-work series, filming, anal intercourse",63,2026-08-01 17:23:51,2026-08-01 17:23:51,2026-08-02 15:02:36
669197,(BanG Dreamer's Party! 9th STAGE) [Tateana Juukyo (ANA)] Kiss yori Saki ni Dekirukoto | 亲吻前能做的事 (BanG Dream!) [Chinese] [Dokiki漢化社],(BanG Dreamer's Party! 9th STAGE) [竪穴住居  (ANA)] キスより先にできること (BanG Dream!) [中国翻訳],Kiss yori Saki ni Dekirukoto | 亲吻前能做的事,"translated, chinese",ana,tateana juukyo,doujinshi,bang dream,"hina hikawa, sayo hikawa","twins, kissing, females only, yuri, incest, fingering, sister",29,2026-08-01 17:29:08,2026-08-01 17:29:08,2026-08-02 15:02:48
669198,[Hatoraya (Saketora Akira)] Oharai Shimasho. [Digital],[鳩虎屋 (鮭虎暁)] おはらいしましょ。 [DL版],Oharai Shimasho.,japanese,,,doujinshi,original,,"miko, nakadashi, lolicon, possession, sole female, sole male, mesugaki",26,2026-08-01 17:34:35,2026-08-01 17:34:35,2026-08-02 15:02:59
669199,[Yorozuya Miyakotei (Kyou no Gohan)] Kumuyu ni Oshioki shite Kudasai! (Granblue Fantasy) [Digital],[よろず屋みやこ亭 (京のごはん)] クムユにおしおきしてくださいっ！ (グランブルーファンタジー) [DL版],Kumuyu ni Oshioki shite Kudasai!,japanese,kyou no gohan,yorozuya miyakotei,doujinshi,granblue fantasy,"gran, camieux","big breasts, swimsuit, nakadashi, paizuri, sole female, sole male, horns",26,2026-08-01 17:36:28,2026-08-01 17:36:28,2026-08-02 15:03:10
669200,[Yorozuya Miyakotei (Kyou no Gohan)] Sen ni Oshioki Shite Kudasai nya. (Granblue Fantasy) [Digital],[よろず屋みやこ亭 (京のごはん)] センにおしおきしてくださいにゃ。 (グランブルーファンタジー) [DL版],Sen ni Oshioki Shite Kudasai nya.,japanese,kyou no gohan,yorozuya miyakotei,doujinshi,granblue fantasy,"gran, sen","corset, nakadashi, dark skin, x-ray, collar, catgirl, sole female, sole male, kemonomimi",28,2026-08-01 17:38:20,2026-08-01 17:38:20,2026-08-02 15:03:21
669201,[Kyou no Gohan] Jinsei o Dainashi ni suru Yottsu no Houhou [Digital],[京のごはん] 人生を台無しにする4つの方法 [DL版],Jinsei o Dainashi ni suru Yottsu no Houhou,japanese,kyou no gohan,,manga,,,"maid, schoolgirl uniform, ahegao, sex toys, femdom, bondage, lolicon, exhibitionism, tankoubon, stockings, pantyhose, orgasm denial, filming, blowjob, big penis, blindfold, very long hair, multiple orgasms, mesugaki",219,2026-08-01 18:18:49,2026-08-01 18:18:49,2026-08-02 15:03:32
669202,"[NOSEBLEED (Miyamoto Issa)] Kuro Gal Maid Inma, Goshu O Kuu. 3 [Chinese]",,"Kuro Gal Maid Inma, Goshu O Kuu. 3","translated, chinese",miyamoto issa,nosebleed,doujinshi,original,,"big breasts, piercing, dark skin, multi-work series, shotacon",38,2026-08-01 18:25:54,2026-08-01 18:25:54,2026-08-02 15:03:43
669203,(C77) [40010 1-GO (Shimanto Shisakugata)] Mikan ha Pantsu mo Sakurairo (To LOVE-Ru) [English] [XO Manga],(C77) [40010壱号 (40010試作型)] 美柑はパンツもさくらいろ (To LOVEる -とらぶる-) [英訳],Mikan ha Pantsu mo Sakurairo,"english, translated",shimanto shisakugata,40010 1-go,doujinshi,to love-ru,"rito yuuki, mikan yuuki","kissing, nakadashi, lolicon, incest, fingering, sister, blowjob, sole female, sole male, hidden sex",30,2026-08-01 18:31:35,2026-08-01 18:31:35,2026-08-02 15:03:54
669204,[Xeph's Artwork (Xeph)] VANILLA MIX 02 Unicorn wa Iiko no kana? (Azur Lane) [English] [XO Manga] [Digital],[音樂盒 (Xeph)] VANILLA MIX 02 ユニコーンはいい子のかな? (アズールレーン) [英訳] [DL版],VANILLA MIX 02 Unicorn wa Iiko no kana?,"english, translated",xeph,xephs artwork,doujinshi,azur lane,unicorn,"nakadashi, scanmark, dark skin, lolicon, full color, stockings, blowjob, muscle, sole female, sole male",19,2026-08-01 18:35:40,2026-08-01 18:35:40,2026-08-02 15:04:05
669205,(COMIC1☆3) [40010 1-GO (40010Prototype)] Mikan no Pantsu ha Sakurairo (To LOVE-Ru) [English] [XO Manga],(COMIC1☆3) [40010壱号 (40010試作型)] 美柑のパンツはさくらいろ (To LOVEる -とらぶる-) [英訳],Mikan no Pantsu ha Sakurairo,"english, translated",shimanto shisakugata,40010 1-go,doujinshi,to love-ru,"rito yuuki, mikan yuuki","scanmark, lolicon, incest, sister, sole female, sole male",19,2026-08-01 18:39:28,2026-08-01 18:39:28,2026-08-02 15:04:17
669206,[PigPanPan (Ikura Nagisa)] Yamakaze no Ouji-sama - My dear prince. (Kantai Collection -KanColle-) [English] [XO Manga] [Digital],[PigPanPan (伊倉ナギサ)] 山風のおうじさま (艦隊これくしょん -艦これ-) [英訳] [DL版],Yamakaze no Ouji-sama - My dear prince.,"english, translated",ikura nagisa,pigpanpan,doujinshi,kantai collection,"teitoku, yamakaze","scanmark, stockings, yandere, sole female, sole male",11,2026-08-01 18:40:21,2026-08-01 18:40:21,2026-08-02 15:04:28
669207,[PigPanPan (Ikura Nagisa)] Zettaiteki Maid Kanri (Azur Lane) [English] [XO Manga] [Digital],[PigPanPan (伊倉ナギサ)] 絶対的メイド管理 (アズールレーン) [英訳] [DL版],Zettaiteki Maid Kanri,"english, translated",ikura nagisa,pigpanpan,doujinshi,azur lane,sheffield,"maid, scanmark, collar, yandere, sole female, sole male, eye-covering bang",11,2026-08-01 18:41:13,2026-08-01 18:41:13,2026-08-02 15:04:39
669208,(C92) [PigPanPan (Ikura Nagisa)] Shigure to Boku no Shinseikatsu (Kantai Collection -KanColle-)  [English] [XO Manga],(C92) [PigPanPan (伊倉ナギサ)] 時雨と僕の新生活 (艦隊これくしょん -艦これ-) [英訳],Shigure to Boku no Shinseikatsu,"english, translated",ikura nagisa,pigpanpan,doujinshi,kantai collection,"shigure, teitoku","scanmark, yandere, shotacon, sole female, sole male",25,2026-08-01 18:45:56,2026-08-01 18:45:56,2026-08-02 15:04:50
669209,patientz,,patientz,chinese,patientz,,doujinshi,original,,"transformation, corruption, anal, absorption, full color, males only, yaoi, muscle, anal intercourse, cockphagia",19,2026-08-01 18:47:18,2026-08-01 18:47:18,2026-08-02 15:05:01
669210,[はとめ本舗 (はとめ)] 【導入部分9ページ】ごめんなさいR18シーン間に合いませんでした [FANBOX],,【導入部分9ページ】ごめんなさいR18シーン間に合いませんでした,japanese,hatome,hatome honpo,doujinshi,original,,non-nude,8,2026-08-01 18:48:01,2026-08-01 18:48:01,2026-08-02 15:05:13
669211,[Ntsuatimun (yurarin)] Shougakusei de Ninshin shite Akachan Unjaimashita Soushuuhen [Digital],[んつぁてぃむん (遊来りん)] 小◯生で妊娠して赤ちゃん産んじゃいました 総集編 [DL版],Shougakusei de Ninshin shite Akachan Unjaimashita Soushuuhen,japanese,yurarin,,doujinshi,original,,"swimsuit, pregnant, schoolgirl uniform, nakadashi, anal, bikini, lolicon, x-ray, defloration, mind control, tanlines, lactation, stockings, cowgirl, impregnation, school swimsuit, collar, catgirl, randoseru, tail plug, kemonomimi, leash, soushuuhen, eye-covering bang, anal intercourse, vaginal birth",172,2026-08-01 19:20:13,2026-08-01 19:20:13,2026-08-02 15:05:24
669212,[Zenmai Kourogi] 左江的夫妻生活  CH9578个人=渣译,,左江的夫妻生活  CH9578个人=渣译,"translated, chinese",,,manga,,,rough translation,54,2026-08-01 19:23:59,2026-08-01 19:23:59,2026-08-02 15:05:35
669213,[Yudepopo] Pine ga Ippai Hon (Bomber Girl) [Digital],[茹でぽぽ] パインがいっぱい本 (ボンバーガール) [DL版],Pine ga Ippai Hon,japanese,,yudepopo,doujinshi,bomber girl,pine,"big breasts, unusual pupils, nakadashi, x-ray, paizuri, sole female, sole male",20,2026-08-01 19:25:22,2026-08-01 19:25:22,2026-08-02 15:05:47
669214,[ampullaria]兽女仆女仆白玉优里是一只一心一意、助人为乐的杂狗。,[ampullaria] 獣人メイドのシラユuriちゃは一途でsukebeベな雑种犬,兽女仆女仆白玉优里是一只一心一意、助人为乐的杂狗。,"japanese, translated",,,manga,,,rough translation,35,2026-08-01 19:27:35,2026-08-01 19:27:35,2026-08-02 15:05:58
669215,[無明室 (にゃるホテ)] ケイちゃん えっちしよ！(ブルーアーカイブ) [DL版],[無明室 (にゃるホテ)] ケイちゃん えっちしよ！(ブルーアーカイブ) [DL版],ケイちゃん えっちしよ！,japanese,,,doujinshi,blue archive,"sensei, kei tendou","lolicon, stockings, sole female, sole male, very long hair, halo",32,2026-08-01 19:33:21,2026-08-01 19:33:21,2026-08-02 15:06:09
669216,[Doppyuru Gengar (Gengar)] Mahou Shoujo ga Shokushu ni Makeru Wake Nain desu kedo? 2 | 魔法少女是不会输给触手的，应该不会输的吧？ 2 [Chinese],[どっぴゅる☆げんがー (ゲンガー)] 魔法少女が触手に負けるわけないんですけど?2 [中国翻訳],Mahou Shoujo ga Shokushu ni Makeru Wake Nain desu kedo? 2 | 魔法少女是不会输给触手的，应该不会输的吧？ 2,"translated, chinese",gengar,,doujinshi,original,,"magical girl, cervix penetration, stockings, impregnation, catgirl, tentacles, eggs, sole female, forced exposure, rough translation, vaginal birth",26,2026-08-01 19:35:12,2026-08-01 19:35:12,2026-08-02 15:06:20
669217,[神毛物由宇] 体格差いろいろ,[神毛物由宇] 体格差いろいろ,体格差いろいろ,japanese,mikemono yuu,,doujinshi,original,,sole female,8,2026-08-01 19:35:57,2026-08-01 19:35:57,2026-08-02 15:06:31
669218,[神毛物由宇] お掃除メイドさん,[神毛物由宇] お掃除メイドさん,お掃除メイドさん,japanese,mikemono yuu,,doujinshi,original,,"maid, handjob, first person perspective, sole female, sole male",3,2026-08-01 19:36:19,2026-08-01 19:36:19,2026-08-02 15:06:43
669219,[神毛物由宇] 見上げると大迫力の幼馴染,[神毛物由宇] 見上げると大迫力の幼馴染,見上げると大迫力の幼馴染,japanese,mikemono yuu,,doujinshi,original,,"big breasts, shotacon, sole female, sole male",3,2026-08-01 19:39:12,2026-08-01 19:39:12,2026-08-02 15:06:54
669220,[神毛物由宇] エンカウント,[神毛物由宇] エンカウント,エンカウント,japanese,mikemono yuu,,doujinshi,original,,"schoolgirl uniform, x-ray, stockings, blowjob, sole female, sole male",3,2026-08-01 19:39:35,2026-08-01 19:39:35,2026-08-02 15:07:05
669221,[PETALS (ASTI)] Morino Rinze Choukyou Keikaku 2 | 杜野凛世调教计划 2 (THE iDOLM@STER: Shiny Colors) [Chinese] [Digital],[PETALS (ASTI)] 杜野凛世調教計画2 (アイドルマスター シャイニーカラーズ) [中国翻訳] [DL版],Morino Rinze Choukyou Keikaku 2 | 杜野凛世调教计划 2,"translated, chinese",asti,petals,doujinshi,the idolmaster,rinze morino,"collar, sole female, sole male, leash, rough translation",38,2026-08-01 19:41:57,2026-08-01 19:41:57,2026-08-02 15:07:17
669222,[神毛物由宇] 突然の告白に戸惑うお嬢様,[神毛物由宇] 突然の告白に戸惑うお嬢様,突然の告白に戸惑うお嬢様,japanese,mikemono yuu,,doujinshi,original,,"handjob, big breasts, schoolgirl uniform, shotacon, sole female, sole male, ponytail",3,2026-08-01 19:42:39,2026-08-01 19:42:39,2026-08-02 15:07:28
669223,[神毛物由宇] 水着でお風呂,[神毛物由宇] 水着でお風呂,水着でお風呂,japanese,mikemono yuu,,doujinshi,original,,"big breasts, paizuri, shotacon, sole female, sole male, bathing room",3,2026-08-01 19:43:27,2026-08-01 19:43:27,2026-08-02 15:07:39
669224,Pelvic Exam: Clitoral Submission,絶頂検査クリ陥落～性機能なんか要らないと思っていました,Pelvic Exam: Clitoral Submission,"english, translated",,,doujinshi,original,,"squirting, torture, humiliation, females only, ahegao, sex toys, femdom, bondage, yuri, mind break, multiple orgasms, clit stimulation, ruined orgasm",44,2026-08-01 19:46:23,2026-08-01 19:46:23,2026-08-02 15:07:50
669225,[神毛物由宇] C107おまけ本,[神毛物由宇] C107おまけ本,C107おまけ本,japanese,mikemono yuu,,doujinshi,original,,"group, ffm threesome, dark skin, sole male, twintails",4,2026-08-01 19:46:56,2026-08-01 19:46:56,2026-08-02 15:08:01
669226,"[Claudia (Takano Yumi)] Haikei, Ogenki Desuka (Hetalia Axis Powers) [English]",[クロウディア (高野弓)] 拝啓、お元気ですか (ヘタリア Axis Powers) [英訳],"Haikei, Ogenki Desuka","english, translated",takano yumi,claudia,doujinshi,axis powers hetalia,"japan, england","males only, yaoi",35,2026-08-01 19:48:58,2026-08-01 19:48:58,2026-08-02 15:08:12
669227,[Dai San Uchuu (Chikahara Mio)] Night of Hide and Seek (Hetalia Axis Powers) [English],[第三宇宙 (近原澪)] ナイト・オブ・ハイド・アンド・シーク (ヘタリア Axis Powers) [英訳],Night of Hide and Seek,"english, translated",,,doujinshi,axis powers hetalia,"japan, england","males only, yaoi",30,2026-08-01 19:50:50,2026-08-01 19:50:50,2026-08-02 15:08:24
669228,[albino (Chino)] Birdcage Zenpen (Hetalia Axis Powers) [English],[albino (チノ)] とりかご 前編 (ヘタリア Axis Powers) [英訳],Birdcage Zenpen,"english, translated",chino,,doujinshi,axis powers hetalia,"england, prussia | gilbert beilschmidt","males only, yaoi",30,2026-08-01 19:53:01,2026-08-01 19:53:01,2026-08-02 15:08:35
669229,[gunblue (Kazu)] Un secreto (Hetalia Axis Powers),[gunblue (和)] Un secreto (ヘタリア Axis Powers),Un secreto,japanese,,,doujinshi,axis powers hetalia,"spain, england","males only, yaoi",25,2026-08-01 19:54:36,2026-08-01 19:54:36,2026-08-02 15:08:46
669230,[gunblue (Kazu)] Un secreto (Hetalia Axis Powers) [English],[gunblue (和)] Un secreto (ヘタリア Axis Powers) [英訳],Un secreto,"english, translated",,,doujinshi,axis powers hetalia,"spain, england","males only, yaoi",25,2026-08-01 19:56:15,2026-08-01 19:56:15,2026-08-02 15:08:57
669231,[Shiroi Tentoumushi (Ta ta)] Goblin no Kuni [English] [MTL],[白い天道虫 (た ta)] ゴブリンの国,Goblin no Kuni,"english, translated",takizawa taki | ta ta,shiroi tentoumushi,doujinshi,original,,"squirting, big breasts, piercing, spanking, pregnant, group, goblin, urination, nakadashi, ryona, anal, sex toys, mother, thigh high boots, monster, incest, double penetration, lactation, stockings, gokkun, rape, blowjob, collar, deepthroat, slave, petplay, anal intercourse, rough translation, low incest, vaginal birth, butt plug",119,2026-08-01 20:18:06,2026-08-01 20:18:06,2026-08-02 15:09:08
669232,[Shybox] NTR Demon Hunter,,NTR Demon Hunter,english,shybox,,doujinshi,original,,"sweating, netorare, uncensored, story arc, big ass, cheating, nakadashi, demon girl, x-ray, huge penis, voyeurism, muscle, big penis, horns, netorase",19,2026-08-01 20:19:35,2026-08-01 20:19:35,2026-08-02 15:09:20
669233,ミカとお馬さん,未花与马先生,ミカとお馬さん,"translated, chinese",kumiyabe,,doujinshi,blue archive,mika misono,"bestiality, nakadashi, horse, pantyhose, sole female, rough translation",9,2026-08-01 20:21:50,2026-08-01 20:21:50,2026-08-02 15:09:31
669234,[Ebi Fry Teishoku] Himitsu no Jikan+Himitsu no Kankei | 秘密的时间+秘密的关系 (COMIC Anthurium 2024-03) [Chinese] [易碎品个人汉化] [Digital],[エビフライ定食] 秘密の時間+秘密の関係 (COMIC アンスリウム 2024年3月号) [中国翻訳] [DL版],Himitsu no Jikan+Himitsu no Kankei | 秘密的时间+秘密的关系,"translated, chinese",ebi fry teishoku,,manga,,,"handjob, big breasts, schoolboy uniform, schoolgirl uniform, nakadashi, sole female, sole male, classroom",44,2026-08-01 20:24:46,2026-08-01 20:24:46,2026-08-02 15:09:42
669235,[まめおじたん] 本映像は、今後100年間にわたり非公開とされる [書換え版] [Gagak_Ireng],[まめおじたん] 本映像は、今後100年間にわたり非公開とされる [書換え版],本映像は、今後100年間にわたり非公開とされる,japanese,mameojitan,kakuzatou,doujinshi,original,,"kissing, big breasts, swimsuit, uncensored, nakadashi, ahegao, bikini, x-ray, defloration, lingerie, filming, mind break, dilf, impregnation, blowjob, big penis, first person perspective, bbm, deepthroat, sole female, sole male, twintails, redraw",16,2026-08-01 20:25:54,2026-08-01 20:25:54,2026-08-02 15:09:53
669236,[Wakaru Tissue] Nanka Tanoshikute Kimochiii Koto | 寻一抹欢愉，觅一番极乐 。 [Chinese] [Sky110036个人汉化] [Digital],[わかるティッシュ] なんかたのしくてきもちいいこと [中国翻訳] [DL版],Nanka Tanoshikute Kimochiii Koto | 寻一抹欢愉，觅一番极乐 。,"translated, chinese",kanabun | wakaru tissue,,manga,,,"swimsuit, group, anal, ffm threesome, lolicon, incest, tanlines, tankoubon, oppai loli, tomboy, daughter, shotacon",65,2026-08-01 20:38:05,2026-08-01 20:38:05,2026-08-02 15:10:05
669237,【nomicriz】New Neuvillette x Wriothesley(原神)【chinese】,,【nomicriz】New Neuvillette x Wriothesley(原神)【chinese】,"translated, chinese",,,doujinshi,genshin impact,"aether, wriothesley, neuvillette","yaoi, webtoon",15,2026-08-01 20:39:19,2026-08-01 20:39:19,2026-08-02 15:10:16
669238,[hmf (Moguyama)] Coming Out Countdown (Hetalia Axis Powers),[hmf (もぐやま)] カミングアウト カウントダウン (ヘタリア Axis Powers),Coming Out Countdown,japanese,,,doujinshi,axis powers hetalia,"spain, england","males only, yaoi",19,2026-08-01 20:40:48,2026-08-01 20:40:48,2026-08-02 15:10:27
669239,[MDMS (will)] Oyabun wa Maid-sama (Hetalia Axis Powers),[MDMS (うぃる)] 親分はメイド様 (ヘタリア Axis Powers),Oyabun wa Maid-sama,japanese,,,doujinshi,axis powers hetalia,"spain, england","males only, yaoi",27,2026-08-01 20:42:46,2026-08-01 20:42:46,2026-08-02 15:10:39
669240,[Ritaru Dando(Beyan)] Zubunure hanjin hanrei shōjo wa samishigari | 寂寞的全身濕透的半人半靈少女(Touhou Project) [Chinese] [明稿昨拖漢化組] [Digital],[りたるだんど (べーやん)] ずぶぬれ半人半霊少女はさみしがり  (東方Project) [中国翻訳] [DL版],Zubunure hanjin hanrei shōjo wa samishigari | 寂寞的全身濕透的半人半靈少女,"translated, chinese",,,doujinshi,touhou project,youmu konpaku,sole female,12,2026-08-01 20:43:44,2026-08-01 20:43:44,2026-08-02 15:10:50
669241,[ジェイザルゴ]特命捜査官市ヶ谷凛样本+設定画,[ジェイザルゴ] 特命捜査官市ヶ谷凛样本+設定画,特命捜査官市ヶ谷凛样本+設定画,japanese,,jzargo,doujinshi,original,,,15,2026-08-01 20:44:51,2026-08-01 20:44:51,2026-08-02 15:11:01
669242,[Mitari Gakuen (Nush)] Mitari no Sono Ep. 256- | 魅足之园 （256话-） [Chinese] [lex2022个人汉化],[魅足学園 (ナッシュ)] 魅足の園 Ep. 256- [中国翻訳],Mitari no Sono Ep. 256- | 魅足之园 （256话-）,"translated, chinese",nush,mitari gakuen,doujinshi,original,,"milf, big breasts, femdom, foot licking, tickling, footjob, pantyhose, smell, cbt",117,2026-08-01 20:52:12,2026-08-01 20:52:12,2026-08-02 15:11:12
669243,(C106) [infinity line (Misato Nana)] Shinrai Dekiru Kashitsuki no Tsukaikata (Kantai Collection -KanColle-),(C106) [infinity line (三郷なな)] 信頼できる加湿器の使い方 (艦隊これくしょん -艦これ-),Shinrai Dekiru Kashitsuki no Tsukaikata,japanese,misato nana,infinity line,doujinshi,kantai collection,"teitoku, hibiki | verniy","squirting, sweating, schoolgirl uniform, nakadashi, lolicon, x-ray, stockings, sole female, sole male, very long hair",22,2026-08-01 20:56:22,2026-08-01 20:56:22,2026-08-02 15:11:23
669244,(C107) [infinity line (Misato Nana)] Shinrai Dekiru Hishokan no Hokyou Kaishuu (Kantai Collection -KanColle-),(C107) [infinity line (三郷なな)] 信頼できる秘書艦の補強改修 (艦隊これくしょん -艦これ-),Shinrai Dekiru Hishokan no Hokyou Kaishuu,japanese,misato nana,infinity line,doujinshi,kantai collection,"teitoku, hibiki | verniy","schoolgirl uniform, nakadashi, lolicon, x-ray, stockings, sole female, sole male, very long hair",22,2026-08-01 21:00:46,2026-08-01 21:00:46,2026-08-02 15:11:35
669245,[Yanachi] Chigyuu InCha ga Imouto ni Tsurerare Shuugaku Ryokou JK Shikainai Daiyokujou de Geneki JK to Gomunashi 18P Harem Dairankou!! [Chinese],[梁池] チー牛陰キャが妹に連れられ修学旅行JKしかいない大浴場で現役JKとゴムなし18Pハーレム大乱交！！ [中国翻訳],Chigyuu InCha ga Imouto ni Tsurerare Shuugaku Ryokou JK Shikainai Daiyokujou de Geneki JK to Gomunashi 18P Harem Dairankou!!,"translated, chinese",yanachi,,doujinshi,original,,"sweating, kissing, big breasts, cunnilingus, group, glasses, emotionless sex, schoolgirl uniform, facesitting, nakadashi, ffm threesome, harem, x-ray, defloration, incest, rimjob, gyaru, gokkun, saliva, sister, dilf, impregnation, tomboy, blowjob, collar, sole male, beauty mark, ponytail, pixie cut, multimouth blowjob, eye-covering bang, multiple straddling, sentou",248,2026-08-01 21:46:33,2026-08-01 21:46:33,2026-08-02 15:11:46
669246,"[Abeno Chaco, Tennouji Kitsune (Yamata Nagato)] Academy Saikyou no Mob Healer ~Shinige Sekai no Mob ni Tensei shita Ore wa, Hazure Job [Healer] to Gensaku Chishiki de Musou suru~ | 学园最强路人奶妈～转生为死亡游戏世界的路人角色的我，凭借废柴职业【治疗师】与原作知识无双～ [Chinese] [易碎品个人汉化] [进行中]","[阿倍野ちゃこ, 天王寺きつね (八又ナガト)] アカデミー最強のモブヒーラー 〜死にゲー世界のモブに転生した俺は、外れジョブ【ヒーラー】と原作知識で無双する〜  [中国翻訳] [進行中]","Academy Saikyou no Mob Healer ~Shinige Sekai no Mob ni Tensei shita Ore wa, Hazure Job [Healer] to Gensaku Chishiki de Musou suru~ | 学园最强路人奶妈～转生为死亡游戏世界的路人角色的我，凭借废柴职业【治疗师】与原作知识无双～","translated, chinese","tennouji kitsune, abeno chaco",,manga,,takagi,"story arc, non-h, tankoubon",225,2026-08-01 22:00:25,2026-08-01 22:00:25,2026-08-02 15:11:57
669247,[森野×井の中の井守] 信長の妹が俺の嫁 第01巻,[森野×井の中の井守] 信長の妹が俺の嫁 第01巻,信長の妹が俺の嫁 第01巻,japanese,,,manga,,,story arc,193,2026-08-01 22:12:41,2026-08-01 22:12:41,2026-08-02 15:12:08
669248,[森野×井の中の井守] 信長の妹が俺の嫁 第02巻,[森野×井の中の井守] 信長の妹が俺の嫁 第02巻,信長の妹が俺の嫁 第02巻,japanese,,,manga,,,story arc,197,2026-08-01 22:24:51,2026-08-01 22:24:51,2026-08-02 15:12:20
669249,[森野×井の中の井守] 信長の妹が俺の嫁 第03巻,[森野×井の中の井守] 信長の妹が俺の嫁 第03巻,信長の妹が俺の嫁 第03巻,japanese,,,manga,,,story arc,197,2026-08-01 22:36:57,2026-08-01 22:36:57,2026-08-02 15:12:32
669250,[森野×井の中の井守] 信長の妹が俺の嫁 第04巻 [雑誌寄せ集め],[森野×井の中の井守] 信長の妹が俺の嫁 第04巻 [雑誌寄せ集め],信長の妹が俺の嫁 第04巻,japanese,,,manga,,,"story arc, small breasts, very long hair",172,2026-08-01 22:47:19,2026-08-01 22:47:19,2026-08-02 15:12:43
669251,[wasabizuke (wasabi)] Mushi san to isshyo ! ~Ojyousama hen + Maid hen~,[わさび漬け (わさび)] 蟲さんと一緒！～お嬢様編+メイド編～,Mushi san to isshyo ! ~Ojyousama hen + Maid hen~,"translated, chinese",wasabi,,doujinshi,original,,"big breasts, pregnant, x-ray, insect, mosaic censorship, rough translation, vaginal birth",93,2026-08-01 22:52:43,2026-08-01 22:52:43,2026-08-02 15:12:54
669252,[Tenguren (Nario)] Boketsu o Horu 23 [Chinese],[天愚連 (ナリヲ)] 母穴を掘る23 [中国翻訳],Boketsu o Horu 23,"translated, chinese",nario,tenguren,doujinshi,original,,"kissing, big breasts, nakadashi, mother, multi-work series, incest, blowjob, sole female",36,2026-08-01 22:58:59,2026-08-01 22:58:59,2026-08-02 15:13:05
669253,[Ayakaseke no Neko (Ayakase Chiyoko)] Tonari no Misaki-san | 邻居美咲小姐 [Chinese] [COW个人汉化] [Digital],[綾枷家の猫 (綾枷ちよこ)] 隣のみさきさん [中国翻訳] [DL版],Tonari no Misaki-san | 邻居美咲小姐,"translated, chinese",ayakase chiyoko,ayakase-ke no neko,doujinshi,original,,"kissing, big breasts, masturbation, cheating, nakadashi, gokkun, blowjob, sole female, sole male, nipple stimulation",45,2026-08-01 23:02:04,2026-08-01 23:02:04,2026-08-02 15:13:17
669254,[Ricegnat] My GF (ghost friend) caught me jerking off and now she's bouncing on it CRAZY STYLE (Dokibird & Mint Fantome),,My GF (ghost friend) caught me jerking off and now she's bouncing on it CRAZY STYLE,english,ricegnat | kerasu,,doujinshi,,"dokibird, mint fantome","futanari, uncensored, masturbation, nakadashi, ahegao, shemale, hairy, ghost, full color, small breasts, bukkake, blowjob, sole female, sole dickgirl, twintails, tail, vtuber, very long hair, painted nails, dickgirl on female",39,2026-08-01 23:04:40,2026-08-01 23:04:40,2026-08-02 15:13:29
669255,[ポンスケ] 父娘(元父娘の関係)(ぐるーみんぐ) [阳头个人汉化][DL版],[ポンスケ] 父娘(元父娘の関係)(ぐるーみんぐ) [DL版],父娘,"translated, chinese",ponsuke,,manga,,,"lolicon, incest, daughter",32,2026-08-01 23:10:51,2026-08-01 23:10:51,2026-08-02 15:13:40
669256,[easykeung & seongsu]  我的in援团 |  我的in援團 1-7 [Chinese] [Ongoing],,我的in援团 |  我的in援團 1-7,"translated, chinese",,,manga,,,webtoon,140,2026-08-01 23:21:45,2026-08-01 23:21:45,2026-08-02 15:13:51
669257,[しろまの] 元バッテリーの2人がポリネシアンえっちする話[中国翻訳],[しろまの] 元バッテリーの2人がポリネシアンえっちする話,元バッテリーの2人がポリネシアンえっちする話,"translated, chinese",,,doujinshi,original,,"handjob, kissing, prostate massage, nakadashi, anal, males only, yaoi, nipple stimulation, extraneous ads",40,2026-08-01 23:24:33,2026-08-01 23:24:33,2026-08-02 15:14:02
669258,[Beruennea (Skylader)] Tada no Kouhai datta Kimi [Chinese] [Digital],[ベルエンネーア (すかいれーだー)] ただの後輩だった君 [中国翻訳] [DL版],Tada no Kouhai datta Kimi,"translated, chinese",skylader,beruennea,doujinshi,original,,"sweating, big breasts, bbw, netorare, big ass, huge breasts, gyaru-oh, multi-work series, tanlines, gokkun, mosaic censorship, rape, bloomers, blackmail, blowjob, sole female, ponytail, eye-covering bang, crying, extraneous ads",59,2026-08-01 23:35:20,2026-08-01 23:35:20,2026-08-02 15:14:14
669259,[Ink Complex (Tomohiro Kai)] Tower Residence Setsuguka Taiouchuu 2 | 高級豪宅禮賓部接待中 2 [Chinese] [Digital],[Ink Complex (智弘カイ)] タワーレジデンス 接遇課対応中2 [中国翻訳] [DL版],Tower Residence Setsuguka Taiouchuu 2 | 高級豪宅禮賓部接待中 2,"translated, chinese",tomohiro kai,ink complex,doujinshi,original,,"business suit, kissing, big breasts, cunnilingus, emotionless sex, big ass, condom, facesitting, nakadashi, blowjob face, femdom, bikini, x-ray, multi-work series, pantyhose, paizuri, ball sucking, blowjob, sole female, sole male, ponytail, twintails, hidden sex",61,2026-08-01 23:39:13,2026-08-01 23:39:13,2026-08-02 15:14:25
669260,[Pamunosu (Koppamu)] Tsuyo Tsuyo Ojou-sama to Echi Echi no Sho (Takamiya Rion) [Digital],[ぱむの巣 (こっぱむ)] つよつよお嬢様とえちえちの書 (鷹宮リオン) [DL版],Tsuyo Tsuyo Ojou-sama to Echi Echi no Sho,japanese,koppamu,pamunosu,doujinshi,nijisanji,takamiya rion,"maid, stockings, apron, leotard, tentacles, sole female, vtuber, very long hair, stirrup legwear",29,2026-08-01 23:41:20,2026-08-01 23:41:20,2026-08-02 15:14:36
669261,[Homura Subaru] Chichi Yuri Rhapsody [Digital],[焔すばる] ちちゆりラプソディ [DL版],Chichi Yuri Rhapsody,japanese,homura subaru,,manga,,,"females only, demon girl, yuri, tankoubon, nipple stimulation",236,2026-08-01 23:56:12,2026-08-01 23:56:12,2026-08-02 15:14:49
669262,[Mendako Suizokukan (Oruka)] Opacity Elixir (Blue Archive) [English] [Morally Bankrupt Wizard Translations] [Digital],[めんだこ水族館 (織夏)] Opacity Elixir (ブルーアーカイブ) [英訳] [DL版],Opacity Elixir,"english, translated",oruka,mendako suizokukan,doujinshi,blue archive,"sensei, mine aomori","kissing, wings, big breasts, nakadashi, x-ray, multi-work series, drugs, fingering, blowjob, muscle, deepthroat, sole female, sole male, very long hair, nipple stimulation, halo",47,2026-08-01 23:59:26,2026-08-01 23:59:26,2026-08-02 15:15:00
669263,[Kugurofu] At the Elf's Whim - Ch 1 [Nocturnal Yuri R-18] [greenpenbluepen],[くぐろふ] エルフの思うまま,At the Elf's Whim - Ch 1,"english, translated",kugurofu,,manga,,,"elf, big breasts, full censorship, huge breasts, multi-work series, big areolae, paizuri, sole female, sole male",28,2026-08-02 00:01:26,2026-08-02 00:01:26,2026-08-03 14:00:13
669264,[木村早九] 聖巡エクスタシー-××しないと出られない部屋で魔族をブッ倒します- 第01巻,[木村早九] 聖巡エクスタシー-××しないと出られない部屋で魔族をブッ倒します- 第01巻,聖巡エクスタシー-××しないと出られない部屋で魔族をブッ倒します- 第01巻,japanese,,,manga,,,"kissing, big breasts, story arc, masturbation, nakadashi, demon girl, dark skin, multi-work series, blowjob, muscle, big penis, collar, horns, domination loss, cockslapping",201,2026-08-02 00:13:34,2026-08-02 00:13:34,2026-08-03 14:00:25
669265,"[Ajisai Denden (Kawakami Rokkaku, Takanashi Rei)] FutanaLiliMorri (Darkstalkers)","[アジサイデンデン (川上六角, 小鳥遊レイ)] フタナリリモリ (ヴァンパイア)",FutanaLiliMorri,japanese,"kawakami rokkaku, takanashi rei",ajisaidenden,doujinshi,darkstalkers,"morrigan aensland, lilith aensland","futanari, wings, demon girl, lolicon, incest, stockings, pantyhose, small breasts, leotard, sister, sole dickgirl",21,2026-08-02 00:15:10,2026-08-02 00:15:10,2026-08-03 14:00:38
669266,[For Us (Yonjiri)] Usagi no Senobi (Blue Archive) [Chinese] [Digital],[ふぉーあす (よんじり)] 兎の背伸び (ブルーアーカイブ) [中国翻訳] [DL版],Usagi no Senobi,"translated, chinese",yonjiri,for us,doujinshi,blue archive,"sensei, miyako tsukiyuki","swimsuit, nakadashi, sole female, sole male, ponytail, rough translation, halo",32,2026-08-02 00:17:19,2026-08-02 00:17:19,2026-08-03 14:00:49
669267,[Mofukoke] Sensei ga Onnanoko no Seishori o Suru no wa Kousoku Desu ne? (1) [Chinese] [德意志民族的神圣罗马帝国翻译委员会下属奥地利大公国维也纳远东漫画译制局],[もふこけ] 先生が教え子の性処理をするのは校則ですよね? (1) [中国翻訳],Sensei ga Onnanoko no Seishori o Suru no wa Kousoku Desu ne?,"translated, chinese",mofukoke,,doujinshi,original,,"big breasts, cunnilingus, schoolgirl uniform, nakadashi, stockings, teacher, sole female, sole male, classroom",48,2026-08-02 00:20:30,2026-08-02 00:20:30,2026-08-03 14:01:01
669268,[Folgore(眼帯ヒゲマニア)] 大家族2V [Dante x Vergil](Devil May Cry) [Chinese],[Folgore(眼帯ヒゲマニア)] 大家族2V [ダンバジ](デビルメイクライ) [中国翻訳],大家族2V,"translated, chinese",gantai higemania,folgore,doujinshi,devil may cry,"vergil, dante","twins, brother, males only, yaoi",11,2026-08-02 00:21:30,2026-08-02 00:21:30,2026-08-03 14:01:13
669269,[Kijima Daisyarin] Netorare Mitsura Asedaku Kyonyuu Tawaman Waifu [Chinese] [枫叶汉化] [Digital],[鬼島大車輪] 寝取られ密裸 汗だく巨乳❤タワマン猥婦 [中国翻訳] [DL版],Netorare Mitsura Asedaku Kyonyuu Tawaman Waifu,"translated, chinese",kijima daisyarin | yoisho53,,manga,,,"milf, sweating, big breasts, mmf threesome, group, netorare, story arc, cheating, coach, tankoubon, lingerie",219,2026-08-02 00:34:21,2026-08-02 00:34:21,2026-08-03 14:01:25
669270,[Sakurai Nana] Ame nochi Koi nochi SEX ~Suterareta Joshi o Hirottara Natsukaremashita~,[櫻雷七] 雨のち恋のちSEX〜捨てられた女子を拾ったら懐かれました〜,Ame nochi Koi nochi SEX ~Suterareta Joshi o Hirottara Natsukaremashita~,japanese,sakurai nana,,manga,,,"story arc, mosaic censorship",82,2026-08-02 00:39:13,2026-08-02 00:39:13,2026-08-03 14:01:40
669271,[ie] Succubus Gakuen [Ongoing],[ie] サキュバス学園 [進行中],Succubus Gakuen,japanese,ie,,doujinshi,original,,"big breasts, schoolboy uniform, glasses, big ass, schoolgirl uniform, nakadashi, demon girl, hairy, stockings, crotch tattoo, tail, very long hair",27,2026-08-02 00:40:59,2026-08-02 00:40:59,2026-08-03 14:03:04
669272,[浅田シンジン] 界の軌跡エレイン+リゼットおねショタ漫画,[浅田シンジン] 界の軌跡エレイン+リゼットおねショタ漫画,界の軌跡エレイン+リゼットおねショタ漫画,japanese,asada shinjin,,doujinshi,original,,"big breasts, full color, bunny girl, leotard, kemonomimi",4,2026-08-02 00:41:32,2026-08-02 00:41:32,2026-08-03 14:03:21
669273,[Yusaritsukata (Awayume)] Anata ni Dake no Milk o Douzo [一条闲鱼罢了个人汉化][翻译中],[ゆうさりつかた (淡夢)] あなたにだけのミルクをどうぞ [DL版],Anata ni Dake no Milk o Douzo,"translated, chinese",awayume,yusaritsukata,doujinshi,original,,"big breasts, lactation, stockings, yandere, sole female, sole male, twintails, rough translation",12,2026-08-02 00:42:29,2026-08-02 00:42:29,2026-08-03 14:03:35
669274,[ika9] 贝蒂 (Re:ゼロから始める異世界生活),[ika9] 贝蒂 (Re:ゼロから始める異世界生活),贝蒂,"japanese, chinese",ika9,,doujinshi,re zero kara hajimeru isekai seikatsu,beatrice,"unusual pupils, bondage, dark skin, mosaic censorship, stomach deformation, sole female, sole male, drill hair",8,2026-08-02 00:43:13,2026-08-02 00:43:13,2026-08-03 14:03:48
669275,[Sakurai Nana] Ame nochi Koi nochi SEX ~Suterareta Joshi o Hirottara Natsukaremashita~,[櫻雷七] 雨のち恋のちSEX〜捨てられた女子を拾ったら懐かれました〜,Ame nochi Koi nochi SEX ~Suterareta Joshi o Hirottara Natsukaremashita~,japanese,sakurai nana,,manga,,,"big breasts, story arc, sole female, sole male",74,2026-08-02 00:48:29,2026-08-02 00:48:29,2026-08-03 14:04:03
669276,[Yuruyakatou]一个家里蹲女儿  CH9578翻译,[ゆるやか島] 引きこもりな男の娘 [中国翻訳],一个家里蹲女儿  CH9578翻译,"translated, chinese",,yuruyakatou,doujinshi,original,,"anal, crossdressing, males only, yaoi, stockings, tomgirl, shotacon, josou seme, eye-covering bang, anal intercourse, rough translation",56,2026-08-02 00:59:03,2026-08-02 00:59:03,2026-08-03 14:04:20
669277,[Hakuginmokusei (Poshi)] Hayase Yuuka de Shikoritai | 想用早濑优香来嘿咻嘿咻 (Blue Archive) [Chinese] [牛肉X茗芽汉化] [Digital],[白銀木犀 (ぽし)] 早瀬ユウカでシコりたい (ブルーアーカイブ) [中国翻訳] [DL版],Hayase Yuuka de Shikoritai | 想用早濑优香来嘿咻嘿咻,"translated, chinese",poshi,hakuginmokusei,doujinshi,blue archive,"yuuka hayase, sensei","paizuri, bukkake, bloomers, sole female, sole male, clothed paizuri, ponytail, apparel bukkake, halo",23,2026-08-02 01:00:33,2026-08-02 01:00:33,2026-08-03 14:04:32
669278,[RERE] 皮物性奴 [Chinese],,皮物性奴,chinese,,rere,doujinshi,original,,"business suit, big breasts, masturbation, skinsuit, yuri, mind control, possession, teacher, tribadism, very long hair, gender change",27,2026-08-02 01:02:34,2026-08-02 01:02:34,2026-08-03 14:04:46
669279,[RERE] 皮モノ性奴隷,[RERE] 皮モノ性奴隷,皮モノ性奴隷,japanese,,rere,doujinshi,original,,"business suit, big breasts, masturbation, skinsuit, yuri, mind control, possession, teacher, tribadism, very long hair, gender change",27,2026-08-02 01:04:23,2026-08-02 01:04:23,2026-08-03 14:06:05
669280,[RERE] Skinsuit sex slave [English],,Skinsuit sex slave,"english, translated",,rere,doujinshi,original,,"business suit, big breasts, masturbation, skinsuit, yuri, mind control, possession, mosaic censorship, teacher, tribadism, very long hair, gender change",27,2026-08-02 01:06:17,2026-08-02 01:06:17,2026-08-03 14:06:20
669281,[RERE] 換身的代價 [Chinese],,換身的代價,chinese,,rere,doujinshi,original,,"big breasts, chastity belt, body swap, moral degeneration, femdom, footjob, sole female, gender change",33,2026-08-02 01:08:33,2026-08-02 01:08:33,2026-08-03 14:06:31
669282,[RERE] 入れ替わりの代償,[RERE] 入れ替わりの代償,入れ替わりの代償,japanese,,rere,doujinshi,original,,"big breasts, chastity belt, body swap, moral degeneration, femdom, footjob, sole female, gender change",33,2026-08-02 01:10:46,2026-08-02 01:10:46,2026-08-03 14:06:44
669283,[RERE] The price of swap body [English],,The price of swap body,"japanese, english",,rere,doujinshi,original,,"big breasts, chastity belt, body swap, moral degeneration, femdom, footjob, sole female, gender change",33,2026-08-02 01:12:54,2026-08-02 01:12:54,2026-08-03 14:06:56
669284,[RERE] 附身旅行團 [Chinese],,附身旅行團,chinese,,rere,doujinshi,original,,"big breasts, group, masturbation, kimono, dark skin, yuri, possession, dilf, tribadism, muscle, very long hair, gender change, multiple pairings",13,2026-08-02 01:13:53,2026-08-02 01:13:53,2026-08-03 14:07:08
669285,[RERE] 憑依ツアー,[RERE] 憑依ツアー,憑依ツアー,japanese,,rere,doujinshi,original,,"big breasts, group, masturbation, kimono, dark skin, yuri, possession, dilf, tribadism, muscle, very long hair, gender change, multiple pairings",13,2026-08-02 01:14:50,2026-08-02 01:14:50,2026-08-03 14:07:23
669286,[RERE] Possession Tour Group [English],,Possession Tour Group,english,,rere,doujinshi,original,,"big breasts, group, masturbation, kimono, dark skin, yuri, possession, mosaic censorship, dilf, tribadism, muscle, very long hair, gender change, multiple pairings",13,2026-08-02 01:15:44,2026-08-02 01:15:44,2026-08-03 14:07:36
669287,[RERE] 理想的女友 [Chinese],,理想的女友,chinese,,rere,doujinshi,original,,"big breasts, body swap, nakadashi, moral degeneration, x-ray, lingerie, rape, bbm, sole female, gender change",15,2026-08-02 01:18:52,2026-08-02 01:18:52,2026-08-03 14:08:59
669288,[RERE] 理想の彼女,[RERE] 理想の彼女,理想の彼女,japanese,,rere,doujinshi,original,,"big breasts, body swap, nakadashi, moral degeneration, x-ray, lingerie, rape, bbm, sole female, gender change",15,2026-08-02 01:22:09,2026-08-02 01:22:09,2026-08-03 14:09:12
669289,[RERE] Ideal Girlfriend [English],,Ideal Girlfriend,english,,rere,doujinshi,original,,"big breasts, body swap, nakadashi, moral degeneration, x-ray, lingerie, rape, bbm, sole female, gender change",15,2026-08-02 01:25:20,2026-08-02 01:25:20,2026-08-03 14:09:25
669290,[Himitsu (Touou)] YOGA de Kawaru Anata no Jinsei to Bodi Meiku | 通过瑜伽来重塑你的人生和身体 [Chinese] [白杨汉化组],[秘蜜(トウオウ)] YOGAで変わる貴方の人生とボディメイク [中国翻訳],YOGA de Kawaru Anata no Jinsei to Bodi Meiku | 通过瑜伽来重塑你的人生和身体,"translated, chinese",touou,,doujinshi,original,,"big breasts, armpit sex, footjob, mind control, rimjob, mind break, dilf, impregnation, sole female, sole male, bald, twintails, domination loss, smalldom",66,2026-08-02 01:29:12,2026-08-02 01:29:12,2026-08-03 14:09:36
669291,[NANAMASU Koame] Sukidesu Tsukimashitewa Kagasete Kudasai！︱STK 我喜欢你，然后请让我闻你！ [Chinese][全1卷],[七升こあめ] STK～好きです つきましては 嗅がせてください！︱STK 我喜歡你，然後請讓我聞你！ [Chinese][全1卷],Sukidesu Tsukimashitewa Kagasete Kudasai！︱STK 我喜欢你，然后请让我闻你！,"translated, chinese",,,manga,,,"anal, males only, tankoubon, yaoi, watermarked, anal intercourse",162,2026-08-02 01:38:42,2026-08-02 01:38:42,2026-08-03 14:09:48
669292,[Maimu Maimu (Kudou Maimu)] Akogare no Naka no Hito | 一直憧憬的中之人 [Chinese] [白杨汉化组],[まいむ～まいむ (九童まいむ)] あこがれのナカの人 [中国翻訳],Akogare no Naka no Hito | 一直憧憬的中之人,"translated, chinese",kudou maimu,maimu maimu,doujinshi,original,,,27,2026-08-02 01:40:37,2026-08-02 01:40:37,2026-08-03 14:10:00
669293,[ドラムス] アブカノゼロ,[ドラムス] アブカノゼロ,アブカノゼロ,japanese,dramus,,doujinshi,original,,"big breasts, story arc, schoolgirl uniform, multi-work series",89,2026-08-02 01:46:08,2026-08-02 01:46:08,2026-08-03 14:10:12
669294,[Erotic Fantasy Larvaturs] Marguerite My Love (SCANMTL),[Erotic Fantasy ラーバタス] Marguerite My Love(マーガレット・マイ・ラヴ),Marguerite My Love,"english, translated",takaishi fuu,erotic fantasy larvaturs | lavata koubou,doujinshi,original,,"ahegao, scanmark, monster, nipple fuck, x-ray, inflation, breast expansion, tentacles, stomach deformation, rough translation",57,2026-08-02 01:49:35,2026-08-02 01:49:35,2026-08-03 14:10:23
669295,[Lavata Koubou (Takaishi Fuu)] Tamatte Irumono Zenbu Kimi no Naka ni Sosogitakute [English] [SCANMTL] [Digital],[らばた工房 (高石ふう)] 溜まっているもの全部 君の中に注ぎたくて [英訳] [DL版],Tamatte Irumono Zenbu Kimi no Naka ni Sosogitakute,"english, translated",takaishi fuu,"yokoshima, erotic fantasy larvaturs | lavata koubou",doujinshi,original,,"slime, ahegao, anal, scanmark, monster, inflation, impregnation, tentacles, rough translation",27,2026-08-02 01:51:16,2026-08-02 01:51:16,2026-08-03 14:10:35
669296,[Commamion (Nuge)] Shoukanjuu Yori Boku o Mite [English] [SCANMTL] [Digital],[コンマミオン (ぬげ)] 召喚獣よりボクをみて [英訳] [DL版],Shoukanjuu Yori Boku o Mite,"english, translated",nuge,commamion,doujinshi,original,,"anal, scanmark, phimosis, exhibitionism, males only, yaoi, tomgirl, tentacles, shotacon, anal intercourse, rough translation",33,2026-08-02 01:57:57,2026-08-02 01:57:57,2026-08-03 14:10:46
669297,[Lithium no Kojin Circle (Lithium)] Tanaka-kun ga Bangaihen 5 [Digital],[Lithiumの個人サークル (Lithium)] 「田中くんが～」番外編5 [DL版],Tanaka-kun ga Bangaihen 5,japanese,lithium,lithium no kojin circle,doujinshi,original,,"handjob, kissing, cunnilingus, mmf threesome, group, glasses, netorare, masturbation, urination, nakadashi, ahegao, freckles, anal, ffm threesome, kimono, lolicon, multi-work series, incest, double penetration, swinging, sister, blowjob, shotacon, bisexual, twintails, small penis, multimouth blowjob, mesuiki, nipple stimulation, netorase, kodomo doushi, kodomo only",82,2026-08-02 02:13:43,2026-08-02 02:13:43,2026-08-03 14:10:57
669298,[Tonkotsu Fuumi (Poncocchan)] kuchikoki kyonyuu gyaru [Chinese] [Sainae] [Digital],[とんこつふうみ (ぽんこっちゃん)] クチコキ巨乳ギャル [中国翻訳],kuchikoki kyonyuu gyaru,"translated, chinese",poncocchan,tonkotsu fuumi,doujinshi,original,,"big breasts, schoolgirl uniform, blowjob face, gyaru, ball sucking, blowjob, deepthroat, sole female, sole male, twintails, no penetration, focus blowjob",23,2026-08-02 02:15:25,2026-08-02 02:15:25,2026-08-03 14:11:09
669299,[Tonoya (Tonotani)] Kusuguri Kunoichi Retsuden -San- [English] [SCANMTL] [Digital],[との屋 (とのたに)] くすぐりくノ一列伝-参- [英訳] [DL版],Kusuguri Kunoichi Retsuden -San-,"english, translated",tonotani,tonoya,doujinshi,original,,"torture, femdom, scanmark, tickling, lolicon, tentacles, rough translation",35,2026-08-02 02:22:23,2026-08-02 02:22:23,2026-08-03 14:11:20
669300,(C97) [furuike (Sumiya)] Citadel (Lord El-Melloi II Sei no Jikenbo) [Chinese] [白杨汉化组],(C97) [furuike (スミヤ)] Citadel (ロード・エルメロイII世の事件簿) [中国翻訳],Citadel,"translated, chinese",sumiya,furuike,doujinshi,lord el-melloi ii sei no jikenbo,"waver velvet, gray","sole female, sole male",19,2026-08-02 02:23:51,2026-08-02 02:23:51,2026-08-03 14:11:32
669301,[TeruTeruGirl (Amano Teru)] Iseki Tansaku o Shiyou to Shitara Shokushu ni Tsukamatte Ninshin Suru made Okasareru Hanashi [English] [SCANMTL],[てるてるがーる (天乃輝)] 遺跡探索をしようとしたら触手に捕まって妊娠するまで犯される話 [英訳],Iseki Tansaku o Shiyou to Shitara Shokushu ni Tsukamatte Ninshin Suru made Okasareru Hanashi,"english, translated",amano teru,teruterugirl,doujinshi,original,,"ahegao, anal, scanmark, monster, prolapse, double penetration, impregnation, tentacles, sole female, rough translation, vaginal birth",27,2026-08-02 02:25:50,2026-08-02 02:25:50,2026-08-03 14:11:44
669302,[Erotic Fantasy Larvaturs (Takaishi Fuu)] Kanba Syokubutu Hannugi Hannominenekisando (SCANMTL),[らばた工房 (高石ふう)] 姦葉植物 半脱ぎ半呑み粘液サンド [DL版],Kanba Syokubutu Hannugi Hannominenekisando,"english, translated",takaishi fuu,erotic fantasy larvaturs | lavata koubou,doujinshi,original,,"bdsm, nakadashi, scanmark, nipple fuck, tentacles, cumflation, mouth mask, rough translation",26,2026-08-02 02:27:43,2026-08-02 02:27:43,2026-08-03 14:11:55
669303,Amnesia and the Clone Pet,,Amnesia and the Clone Pet,english,fest,,doujinshi,original,,"females only, full color, collar, slave, leash, clone, petplay",8,2026-08-02 02:28:36,2026-08-02 02:28:36,2026-08-03 14:12:07
669304,[Funmatsu Matcha (Inasotsu)] Gin Shokushu (Shadowverse) [English] [SCANMTL] [Digital],[粉末抹茶 (いなそつ)] 銀触手 (シャドウバース) [英訳] [DL版],Gin Shokushu,"english, translated",inasotsu,funmatsu maccha,doujinshi,shadowverse,,"squirting, sweating, wings, big breasts, pregnant, unusual pupils, scanmark, demon girl, x-ray, stockings, tentacles, twintails, horns, drill hair, clit stimulation, rough translation, nipple stimulation",48,2026-08-02 02:31:44,2026-08-02 02:31:44,2026-08-03 14:12:18
669305,[Gallery of Depravity (Sakiyume)] Usagi no Nee-san no Yabai Kusuri (Touhou Project),[Gallery of Depravity (Sakiyume)] うさぎの姉さんのヤバイ薬 (東方Project),Usagi no Nee-san no Yabai Kusuri,japanese,,,doujinshi,touhou project,reisen udongein inaba,"big breasts, armpit sex, huge breasts, anal, bunny girl, big penis, shotacon, sole female, sole male, kemonomimi, anal intercourse",36,2026-08-02 02:39:08,2026-08-02 02:39:08,2026-08-03 14:12:29
669306,[Technician] Anal Sex ga Unda Aru Fuufu no Saikouchiku Monogatari | The Story Of A Marriage Rebuilt By Anal Sex [English],[テクニシャン] アナルセックスが生んだある夫婦の再構築物語 [英訳],Anal Sex ga Unda Aru Fuufu no Saikouchiku Monogatari | The Story Of A Marriage Rebuilt By Anal Sex,"english, translated",,technician,doujinshi,original,,"squirting, milf, big breasts, netorare, cheating, anal, x-ray, fingering, blowjob, sole female, sole male, anal intercourse",58,2026-08-02 02:42:48,2026-08-02 02:42:48,2026-08-03 14:12:40
669307,[Dorei Jackie] Ryoujoku Kairou [Chinese],[奴隷ジャッキー] 凌辱回廊 [中国翻訳],Ryoujoku Kairou,"translated, chinese",dorei jackie,,manga,,,"big breasts, torture, pegging, urethra insertion, strap-on, piercing, spanking, group, glasses, story arc, schoolgirl uniform, anal, sex toys, femdom, bondage, lolicon, defloration, incest, tankoubon, stockings, paizuri, rape, sister, blowjob, yandere",180,2026-08-02 03:15:18,2026-08-02 03:15:18,2026-08-03 14:12:52
669308,[Momonomi Yuki] Muku na Shoujo wa Otosareru [Digital],[もものみ由貴] 無垢な少女は堕とされる [DL版],Muku na Shoujo wa Otosareru,japanese,sakura yukimi | momonomi,,manga,,,"lolicon, tankoubon, bbm",185,2026-08-02 03:49:58,2026-08-02 03:49:58,2026-08-03 14:13:03
669309,[Nostalgic Color (Kasuga Izure)] SLOW MELLOW DRIP (Blue Archive) [Digital],[Nostalgic Color (春日いづれ)] スロウ・メロウ・ドリップ (ブルーアーカイブ) [DL版],SLOW MELLOW DRIP,japanese,kasuga izure,nostalgic color,doujinshi,blue archive,"sensei, kei tendou","lolicon, sole female, sole male, very long hair, halo",29,2026-08-02 03:55:46,2026-08-02 03:55:46,2026-08-03 14:13:15
669310,[RERE] Destructive Possession [English],,Destructive Possession,english,,rere,doujinshi,original,,"business suit, big breasts, group, masturbation, exhibitionism, yuri, bride, possession, filming, tribadism, gender change",13,2026-08-02 03:56:48,2026-08-02 03:56:48,2026-08-03 14:13:26
669311,[RERE] 破滅的憑依,[RERE] 破滅的憑依,破滅的憑依,japanese,,rere,doujinshi,original,,"business suit, big breasts, group, masturbation, exhibitionism, yuri, bride, possession, filming, tribadism, gender change",13,2026-08-02 03:57:46,2026-08-02 03:57:46,2026-08-03 14:13:37
669312,[RERE] 破滅的附身 [Chinese],,破滅的附身,chinese,,rere,doujinshi,original,,"business suit, big breasts, group, masturbation, exhibitionism, yuri, bride, possession, filming, tribadism, gender change",13,2026-08-02 03:58:46,2026-08-02 03:58:46,2026-08-03 14:13:48
669313,[RERE] Possession Training [English],,Possession Training,english,,rere,doujinshi,original,,"corruption, masturbation, schoolgirl uniform, footjob, possession, no penetration, gender change",13,2026-08-02 03:59:51,2026-08-02 03:59:51,2026-08-03 14:14:00
669314,[RERE] 憑依調教,[RERE] 憑依調教,憑依調教,japanese,,rere,doujinshi,original,,"corruption, masturbation, schoolgirl uniform, footjob, possession, no penetration, gender change",13,2026-08-02 04:00:52,2026-08-02 04:00:52,2026-08-03 14:14:11
669315,[RERE] 附身調教 [Chinese],,附身調教,chinese,,rere,doujinshi,original,,"corruption, masturbation, schoolgirl uniform, footjob, possession, no penetration, gender change",13,2026-08-02 04:01:52,2026-08-02 04:01:52,2026-08-03 14:14:22
669316,[Denki Neko (Toku)] Dekaketsu PowerHara Tenchou ni Shiboraretai! 2 [Digital],[でんきねこ (とく)] デカケツパワハラ店長に搾られたい! 2 [DL版],Dekaketsu PowerHara Tenchou ni Shiboraretai! 2,japanese,toku,denki neko,doujinshi,original,,"sweating, piercing, big ass, facesitting, nakadashi, hairy, x-ray, multi-work series, small breasts, sole female, sole male, nipple stimulation, nipple piercing, bathing room",89,2026-08-02 04:07:12,2026-08-02 04:07:12,2026-08-03 14:14:33
669317,[RERE] Transformation Clothing Store [English],,Transformation Clothing Store,english,,rere,doujinshi,original,,"transformation, skinsuit, crossdressing, shemale, yuri, x-ray, stockings, tribadism, stomach deformation, feminization, gender morph, gender change, dickgirl on female, futanarization",21,2026-08-02 04:08:42,2026-08-02 04:08:42,2026-08-03 14:14:44
669318,[RERE] 変身洋服店,[RERE] 変身洋服店,変身洋服店,japanese,,rere,doujinshi,original,,"transformation, skinsuit, crossdressing, shemale, yuri, x-ray, stockings, tribadism, stomach deformation, gender morph, gender change, dickgirl on female, futanarization",21,2026-08-02 04:10:20,2026-08-02 04:10:20,2026-08-03 14:14:56
669319,[RERE] 變身服飾店 [Chinese],,變身服飾店,chinese,,rere,doujinshi,original,,"transformation, skinsuit, crossdressing, shemale, yuri, x-ray, stockings, tribadism, stomach deformation, gender morph, gender change, dickgirl on female, futanarization",21,2026-08-02 04:12:19,2026-08-02 04:12:19,2026-08-03 14:15:07
669320,[RERE] Shared Idol [English],,Shared Idol,english,,rere,doujinshi,original,,"big breasts, masturbation, body swap, nakadashi, x-ray, defloration, rape, bbm, sole female, very long hair, gender change",18,2026-08-02 04:15:41,2026-08-02 04:15:41,2026-08-03 14:15:18
669321,[RERE] シェアリングアイドル,[RERE] シェアリングアイドル,シェアリングアイドル,japanese,,rere,doujinshi,original,,"big breasts, masturbation, body swap, nakadashi, x-ray, defloration, rape, bbm, sole female, very long hair, gender change",18,2026-08-02 04:19:13,2026-08-02 04:19:13,2026-08-03 14:15:29
669322,[RERE] 共享偶像 [Chinese],,共享偶像,chinese,,rere,doujinshi,original,,"big breasts, masturbation, body swap, nakadashi, x-ray, defloration, rape, bbm, sole female, very long hair, gender change",18,2026-08-02 04:22:40,2026-08-02 04:22:40,2026-08-03 14:15:41
669323,[RERE] Flight Possession Journey [English],,Flight Possession Journey,english,,rere,doujinshi,original,,"big breasts, nakadashi, x-ray, possession, paizuri, stewardess, shared senses, sole female, sole male, hidden sex, gender change",15,2026-08-02 04:23:48,2026-08-02 04:23:48,2026-08-03 14:15:52
669324,[RERE] 憑依フライト,[RERE] 憑依フライト,憑依フライト,japanese,,rere,doujinshi,original,,"big breasts, nakadashi, x-ray, possession, paizuri, stewardess, shared senses, sole female, sole male, hidden sex, gender change",15,2026-08-02 04:24:56,2026-08-02 04:24:56,2026-08-03 14:16:03
669325,[RERE] 飛航附身之旅 [Chinese],,飛航附身之旅,chinese,,rere,doujinshi,original,,"big breasts, nakadashi, x-ray, possession, paizuri, stewardess, shared senses, sole female, sole male, hidden sex, gender change",15,2026-08-02 04:25:59,2026-08-02 04:25:59,2026-08-03 14:16:14
669326,[RERE] Desire Parasite [English],,Desire Parasite,english,,rere,doujinshi,original,,"big breasts, body swap, mind control, fingering, parasite, tentacles, bbm, sole female, sole male, gender change",17,2026-08-02 04:27:20,2026-08-02 04:27:20,2026-08-03 14:16:26
669327,[RERE] 欲望パラサイト,[RERE] 欲望パラサイト,欲望パラサイト,japanese,,rere,doujinshi,original,,"big breasts, body swap, mind control, fingering, parasite, tentacles, bbm, sole female, sole male, gender change",17,2026-08-02 04:28:35,2026-08-02 04:28:35,2026-08-03 14:16:37
669328,[RERE] 慾望寄生 [Chinese],,慾望寄生,chinese,,rere,doujinshi,original,,"big breasts, body swap, mind control, fingering, parasite, tentacles, bbm, sole female, sole male, gender change",17,2026-08-02 04:29:48,2026-08-02 04:29:48,2026-08-03 14:16:48
669329,[Umour] Yarasete kureru Basaki no Gal Senpai [Chinese],[Umour] ヤラせてくれるバ先のギャル先輩 [中国翻訳],Yarasete kureru Basaki no Gal Senpai,"translated, chinese",,suinose | umour,doujinshi,original,,"big breasts, cashier, femdom, bondage, big areolae, gyaru, gokkun, blowjob, sole female, sole male, pixie cut, eye-covering bang, extraneous ads",53,2026-08-02 04:33:08,2026-08-02 04:33:08,2026-08-03 14:16:59
669330,[Celerism (Serori)] Etchina Haishin Hajimemashita…♡ (Kimi to Idol PreCure) [Chinese] [種付大叔個人漢化] [Digital],[Celerism (せロリー)] えっちな配信はじめました…♡ (キミとアイドルプリキュア♪) [中国翻訳] [DL版],Etchina Haishin Hajimemashita…♡,"translated, chinese",,celerism,doujinshi,kimi to idol precure,cure kyun kyun | kokoro shigure,"transformation, magical girl, solo action, exhibitionism, stockings, bukkake, filming, dilf, blackmail, blowjob, bbm, sole female, bald, twintails, rough translation, high heels",39,2026-08-02 04:35:57,2026-08-02 04:35:57,2026-08-03 14:17:10
669331,[San Se Fang (Heiqing Langjun)] Hyakkasou 14 <<Makikaese! Sekidou Yasha no Kyoufu!>> [English] [Decensored] [Digital],,Hyakkasou 14 <<Makikaese! Sekidou Yasha no Kyoufu!>>,"english, translated",heiqing langjun | kokusei roukun,san se fang,doujinshi,original,,"big breasts, uncensored, multi-work series, ball sucking, gloves",29,2026-08-02 04:38:04,2026-08-02 04:38:04,2026-08-03 14:17:22
669332,[RIYUMA Kana] Kawaii Kimi Ⅲ～Bijin na Osananajimi to Heibon na Boku～︱可爱的你～美丽青梅竹马与平凡的我～ [Chinese][第3卷],[りゆま加奈] かわいいきみ Ⅲ～美人な幼馴染と平凡な僕～︱可爱的你～美丽青梅竹马与平凡的我～ [Chinese][第3卷],Kawaii Kimi Ⅲ～Bijin na Osananajimi to Heibon na Boku～︱可爱的你～美丽青梅竹马与平凡的我～,"translated, chinese",,,manga,,,"schoolboy uniform, multi-work series, males only, tankoubon, yaoi, watermarked",147,2026-08-02 04:46:56,2026-08-02 04:46:56,2026-08-03 14:17:34
669333,[RIYUMA Kana] Kawaii Kimi Ⅳ～Bijin na Osananajimi to Heibon na Boku～︱可爱的你～美丽青梅竹马与平凡的我～ [Chinese][第4卷],[りゆま加奈] かわいいきみ Ⅳ～美人な幼馴染と平凡な僕～︱可爱的你～美丽青梅竹马与平凡的我～ [Chinese][第4卷],Kawaii Kimi Ⅳ～Bijin na Osananajimi to Heibon na Boku～︱可爱的你～美丽青梅竹马与平凡的我～,"translated, chinese",,,manga,,,"schoolboy uniform, multi-work series, males only, tankoubon, yaoi, watermarked",163,2026-08-02 04:56:57,2026-08-02 04:56:57,2026-08-03 14:17:45
669334,[Shiwudesu]猛T优香爆操诺亚 (bluearchive)AB哥随便汉化,[Shiwudesu] ノアユウ (bluearchive),猛T优香爆操诺亚 (bluearchive)AB哥随便汉化,"translated, chinese",shiwudesu,,manga,blue archive,"yuuka hayase, noa ushio","mosaic censorship, doujinshi, halo, dickgirl on female",6,2026-08-02 04:57:36,2026-08-02 04:57:36,2026-08-03 14:17:56
669335,[ATSUI Sanru] Ningen no Yuushani Kairaku wo Ue Tsuke rarete Shimau Shokushu Mazoku no Hanashi Bangai-hen︱被人类勇者强行植入快感的触手魔族的故事 番外篇 [Chinese][全1话],[天嗣さんる] 人間の勇者に快楽を植えつけられてしまう触手魔族の話 番外編︱被人类勇者强行植入快感的触手魔族的故事 番外篇 [Chinese][全1话],Ningen no Yuushani Kairaku wo Ue Tsuke rarete Shimau Shokushu Mazoku no Hanashi Bangai-hen︱被人类勇者强行植入快感的触手魔族的故事 番外篇,"translated, chinese",,,doujinshi,original,,"handjob, double anal, group, nakadashi, anal, x-ray, males only, double penetration, yaoi, rimjob, demon, blowjob, muscle, watermarked, mmm threesome, anal intercourse, nipple stimulation",43,2026-08-02 05:00:12,2026-08-02 05:00:12,2026-08-03 14:18:07
669336,"The Young Lady Is Obsessed with Body Transformations: ""A Disastrous Situation! The Runaway Young Lady's Sleepover Diet!""",お嬢は状態変化に夢中 「肥惨！家出お嬢のお泊まりダイエット！」,"The Young Lady Is Obsessed with Body Transformations: ""A Disastrous Situation! The Runaway Young Lady's Sleepover Diet!""",japanese,baka sakusha,,doujinshi,original,,"big breasts, full color, shapening",32,2026-08-02 05:02:27,2026-08-02 05:02:27,2026-08-03 14:18:18
669337,目つきも口も悪いけどちゃんとお願いしたら大体なんでもしてくれるドえろい眼鏡っ娘のドメガ,,目つきも口も悪いけどちゃんとお願いしたら大体なんでもしてくれるドえろい眼鏡っ娘のドメガ,"english, translated",okuva,,doujinshi,original,,"big breasts, glasses, schoolgirl uniform, scanmark, big areolae, paizuri, ball sucking, blowjob, sole female, sole male, clothed paizuri, clothed female nude male, no penetration, focus blowjob, focus paizuri, rough translation",30,2026-08-02 05:04:38,2026-08-02 05:04:38,2026-08-03 14:18:29
669338,[にゃろメ]背伸びしてマチアプ始めたらドエロいギャルが来てブチ〇〇れるやつ,[にゃろメ]背伸びしてマチアプ始めたらドエロいギャルが来てブチ〇〇れるやつ,背伸びしてマチアプ始めたらドエロいギャルが来てブチ〇〇れるやつ,japanese,nyarome,,doujinshi,original,,"dark skin, gyaru, sole female, sole male",3,2026-08-02 05:05:08,2026-08-02 05:05:08,2026-08-03 14:18:42
669339,[くみやべ] 露比不在的理由。。(卖瓜老板个人翻译),,露比不在的理由。。,chinese,kumiyabe,,doujinshi,uma musume pretty derby,daiichi ruby,"group, netorare, double penetration, sole female, kemonomimi",21,2026-08-02 05:06:33,2026-08-02 05:06:33,2026-08-03 14:18:53
669340,[ATSUI Sanru] Ningen no Yuushani Kairaku wo Ue Tsuke rarete Shimau Shokushu Mazoku no Hanashi︱被人类勇者植下快乐种子的触手魔族 [Chinese][全1话],[天嗣さんる] 人間の勇者に快楽を植えつけられてしまう触手魔族の話︱被人类勇者植下快乐种子的触手魔族 [Chinese][全1话],Ningen no Yuushani Kairaku wo Ue Tsuke rarete Shimau Shokushu Mazoku no Hanashi︱被人类勇者植下快乐种子的触手魔族,"translated, chinese",,,manga,,,"big breasts, nakadashi, anal, x-ray, males only, yaoi, low shotacon, muscle, big penis, watermarked, tentacles, anal intercourse",95,2026-08-02 05:12:40,2026-08-02 05:12:40,2026-08-03 14:19:04
669341,[くみやべ] 不在の理由は。。 2026/8/1,,不在の理由は。。 2026/8/1,japanese,kumiyabe,,doujinshi,uma musume pretty derby,daiichi ruby,"group, netorare, harem, sole female, kemonomimi",10,2026-08-02 05:13:36,2026-08-02 05:13:36,2026-08-03 14:19:15
669342,[Mentsukidou (Shimuro)] Turn Europa into a dick-girl and have anal sex. (Granblue Fantasy) [English],エウロペをディックガールにしてフェラ＆ケツハメ,Turn Europa into a dick-girl and have anal sex.,"english, translated",shimuro itaru,,doujinshi,granblue fantasy,europa,"anal, shemale, blowjob, sole male, male on dickgirl, sole dickgirl, mesuiki, anal intercourse, rough translation, futanarization",8,2026-08-02 05:14:19,2026-08-02 05:14:19,2026-08-03 14:19:27
669343,[KENTO (KENTO OKAYAMA) Nakimushihime to Shitennou - Shiofuki Sex Yonbanshoubu - [English] [SCANMTL],[KENTO (KENTO OKAYAMA)] 泣き虫姫と四天王 - 潮吹きセックス四番勝負 - [英訳],,"english, translated",kento okayama,kento,doujinshi,original,,"sex toys, scanmark, yuri, multi-work series, demon, tribadism, bisexual, rough translation",46,2026-08-02 05:17:27,2026-08-02 05:17:27,2026-08-03 14:19:38
669344,[AQUOTZ] MAMAMASK 2 Uncensored English Ver.,,MAMAMASK 2 Uncensored English Ver.,english,aquotz,,doujinshi,the mask,,"transformation, corruption, uncensored, body modification, moral degeneration, huge breasts",50,2026-08-02 05:20:48,2026-08-02 05:20:48,2026-08-03 14:19:49
669345,[KENTO (KENTO OKAYAMA)] Nakimushihime to Shitennou 2 - Renzoku Ikishio Daisakusen - [English] [SCANMTL],[KENTO (KENTO OKAYAMA)] 泣き虫姫と四天王2 - 連続イキ潮大作戦 - [英訳],Nakimushihime to Shitennou 2 - Renzoku Ikishio Daisakusen -,"english, translated",kento okayama,kento,doujinshi,original,,"cunnilingus, scanmark, bondage, yuri, multi-work series, stockings, rape, tentacles, multiple orgasms, rough translation",34,2026-08-02 05:27:36,2026-08-02 05:27:36,2026-08-03 14:20:01
669346,[KENTO (KENTO OKAYAMA)] Kyuuenmachi no Rurua - Rurua Waiting for Help - Dungeon no Saikasou de Ikasareru Yuushachan - [English] [SCANMTL],[KENTO (KENTO OKAYAMA)] 救援待ちのルルア - ダンジョンの最下層でイかされる勇者ちゃん - [英訳],Kyuuenmachi no Rurua - Rurua Waiting for Help - Dungeon no Saikasou de Ikasareru Yuushachan -,"english, translated",kento okayama,kento,doujinshi,original,,"sex toys, scanmark, bondage, yuri, stockings, fingering, rape, tentacles, crotch tattoo, rough translation",42,2026-08-02 05:35:41,2026-08-02 05:35:41,2026-08-03 14:20:12
669347,[ATSUI Sanru]Eigyou Chuu ni Baibu o Otoshitara Kouhai ni Choukyou Sareru Koto ni natta Riiman no Hanashi ︱上班时掉了震动棒后被后辈调教的上班族的故事 [Chinese][全1话],[天嗣さんる] 営業中にバイブを落としたら後輩に調教されることになったリーマンの話︱上班时掉了震动棒后被后辈调教的上班族的故事 [Chinese][全1话],Eigyou Chuu ni Baibu o Otoshitara Kouhai ni Choukyou Sareru Koto ni natta Riiman no Hanashi ︱上班时掉了震动棒后被后辈调教的上班族的故事,"translated, chinese",,,doujinshi,original,,"business suit, handjob, kissing, glasses, big ass, prostate massage, frottage, nakadashi, anal, sex toys, bondage, x-ray, males only, yaoi, blowjob, muscle, big penis, watermarked, anal intercourse, multiple orgasms, nipple stimulation, butt plug",112,2026-08-02 05:42:33,2026-08-02 05:42:33,2026-08-03 14:20:23
669348,[Ishimura] OL Marunomi (SCANMTL),[いしみそ] ＯＬ丸呑み,OL Marunomi,"english, translated",ishimura | ishimiso,,doujinshi,original,,"big breasts, anal, vore, scanmark, bondage, tentacles, pixie cut, rough translation",8,2026-08-02 05:43:21,2026-08-02 05:43:21,2026-08-03 14:20:35
669349,[*Tadashi Nijigen ni Kagiru (Yanaiba Erohami)] Ero Kougeki Taisei Kaimu na Noukin Onna Seishokusha ga Zenshin o Guchagucha ni Okasareru Hon [English] [SCANMTL],[※ただし二次元に限る (柳葉えろはみ)] エロ攻撃耐性皆無な脳筋女聖職者が全身をグチャグチャに犯される本 [英訳],Ero Kougeki Taisei Kaimu na Noukin Onna Seishokusha ga Zenshin o Guchagucha ni Okasareru Hon,"english, translated",,,doujinshi,original,,"slime, nakadashi, anal, scanmark, tentacles, rough translation, nipple stimulation",30,2026-08-02 05:45:29,2026-08-02 05:45:29,2026-08-03 14:20:46
669350,[Beluga-wan (Shiro Iruka)] Toaru Boukensha no Sainan [English] [SCANMTL] [Digital],[ベルーガ湾 (しろイルカ)] とある冒険者の災難 [英訳] [DL版],Toaru Boukensha no Sainan,"english, translated",shiro iruka,,doujinshi,original,,"scanmark, bondage, monster, drugs, rape, tentacles, sole female, rough translation",36,2026-08-02 05:52:10,2026-08-02 05:52:10,2026-08-03 14:20:57
669351,[Beluga-wan (Shiro Iruka)] Ruka-chan to Shojo Kui no Dokutsu [English] [SCANMTL],[ベルーガ湾 (しろイルカ)] るかちゃんと少女喰いの洞窟 [英訳],Ruka-chan to Shojo Kui no Dokutsu,"english, translated",shiro iruka,,doujinshi,original,,"scanmark, rape, tentacles, sole female, rough translation",30,2026-08-02 05:58:02,2026-08-02 05:58:02,2026-08-03 14:21:08
669352,[Unidentified Flying Baumkuchen (Nanase Kokono)] Miqo'te ga Kawai Sugiru no ga Ikenai node Keisotsu ni Hydra Ike ni Nageiretai (Final Fantasy XIV) [English] [SCANMTL] [Digital],[未確認飛行ばーむくーへん (七瀬玖)] ミコッテが可愛すぎるのがいけないので軽率にヒドラ池に投げ入れたい (ファイナルファンタジーXIV) [英訳] [DL版],Miqo'te ga Kawai Sugiru no ga Ikenai node Keisotsu ni Hydra Ike ni Nageiretai,"english, translated",nanase kokono,unidentified flying baumkuchen,doujinshi,final fantasy xiv,,"scanmark, tentacles, sole female, kemonomimi, tail, rough translation",26,2026-08-02 05:59:53,2026-08-02 05:59:53,2026-08-03 14:21:19
669353,[Shiina] Arisu-chan no Onegai Goto Ch. 1-7,[シイナ] ありすちゃんのお願いごと 第1-7話,Arisu-chan no Onegai Goto Ch. 1-7,japanese,shiina,,manga,,,"handjob, big breasts, tall man, muscle, big penis, sole female, sole male",193,2026-08-02 06:11:37,2026-08-02 06:11:37,2026-08-03 14:21:30
669354,[Unidentified Flying Baumkuchen (Nanase Kokono)] Miqo'te ga Kawai Sugiru no ga Ikenai node Keisotsu ni Hydra Ike ni Nageiretai 2 (Final Fantasy XIV) [English] [SCANMTL] [Digital],[未確認飛行ばーむくーへん (七瀬玖)] ミコッテが可愛すぎるのがいけないので軽率にヒドラ池に投げ入れたい 2 (ファイナルファンタジーXIV) [英訳] [DL版],Miqo'te ga Kawai Sugiru no ga Ikenai node Keisotsu ni Hydra Ike ni Nageiretai 2,"english, translated",nanase kokono,unidentified flying baumkuchen,doujinshi,final fantasy xiv,,"scanmark, catgirl, tentacles, kemonomimi, rough translation",25,2026-08-02 06:13:23,2026-08-02 06:13:23,2026-08-03 14:21:42
669355,[Mentsukidou (Shimuro)]  Futanari Iori vs. Sensei (Blue Archive) [English],ふたなりイオリVS先生,Futanari Iori vs. Sensei,"english, translated",shimuro itaru,,doujinshi,blue archive,"iori shiromi, sensei","futanari, anal, sex toys, male on dickgirl, sole dickgirl, twintails, tail, focus anal, very long hair, mesuiki, eye-covering bang, anal intercourse, rough translation, high heels, halo, full-packaged futanari",8,2026-08-02 06:14:07,2026-08-02 06:14:07,2026-08-03 14:21:54
669356,[RERE] The Fall of the Elf Queen [English],,The Fall of the Elf Queen,english,,rere,doujinshi,original,,"elf, big breasts, pregnant, goblin, body swap, nakadashi, x-ray, fingering, mosaic censorship, rape, impregnation, blowjob, eye-covering bang, gender change, smalldom, vaginal birth",21,2026-08-02 06:18:07,2026-08-02 06:18:07,2026-08-03 14:22:05
669357,[RERE] エルフ女王の堕落,[RERE] エルフ女王の堕落,エルフ女王の堕落,japanese,,rere,doujinshi,original,,"elf, big breasts, pregnant, goblin, body swap, nakadashi, x-ray, fingering, impregnation, blowjob, eye-covering bang, gender change, vaginal birth",21,2026-08-02 06:19:38,2026-08-02 06:19:38,2026-08-03 14:22:16
669358,[RERE] 精靈女王的墮落 [Chinese],,精靈女王的墮落,chinese,,rere,doujinshi,original,,"elf, big breasts, pregnant, goblin, body swap, nakadashi, x-ray, fingering, impregnation, blowjob, eye-covering bang, gender change, vaginal birth",21,2026-08-02 06:21:12,2026-08-02 06:21:12,2026-08-03 14:22:28
669359,[RERE] 人格排泄スイーツ店,[RERE] 人格排泄スイーツ店,人格排泄スイーツ店,japanese,,rere,doujinshi,original,,"futanari, schoolgirl uniform, body swap, bondage, tribadism, personality excretion, dickgirl on female, futanarization",15,2026-08-02 06:22:25,2026-08-02 06:22:25,2026-08-03 14:22:39
669360,[RERE] 人格排泄甜品店 [Chinese],,人格排泄甜品店,chinese,,rere,doujinshi,original,,"futanari, schoolgirl uniform, body swap, bondage, tribadism, personality excretion, dickgirl on female, futanarization",15,2026-08-02 06:23:34,2026-08-02 06:23:34,2026-08-03 14:22:50
669361,[RERE] Role Confusion - An Abnormal Daily Life [English],,Role Confusion - An Abnormal Daily Life,english,,rere,doujinshi,original,,"big breasts, group, females only, masturbation, schoolgirl uniform, body swap, exhibitionism, yuri, mind control, tribadism, collar, leash, petplay, fff threesome, gender change",17,2026-08-02 06:24:45,2026-08-02 06:24:45,2026-08-03 14:23:01
669362,[RERE] 立場錯乱－異常な日常,[RERE] 立場錯乱－異常な日常,立場錯乱－異常な日常,japanese,,rere,doujinshi,original,,"big breasts, group, females only, masturbation, schoolgirl uniform, body swap, exhibitionism, yuri, tribadism, collar, sole male, leash, petplay, fff threesome, gender change",17,2026-08-02 06:26:04,2026-08-02 06:26:04,2026-08-03 14:23:12
669363,[RERE] 立場錯亂－異常的日常 [Chinese],,立場錯亂－異常的日常,chinese,,rere,doujinshi,original,,"big breasts, group, females only, masturbation, schoolgirl uniform, body swap, exhibitionism, yuri, tribadism, collar, sole male, leash, petplay, fff threesome, gender change",17,2026-08-02 06:27:19,2026-08-02 06:27:19,2026-08-03 14:24:26
669364,[Noginogi] Yondara Kanarazu Nuite Kureru Jimi-kei Deka Onna Nurse-san [Digital],[のぎのぎ] 呼んだら必ず抜いてくれる地味系デカ女ナースさん [DL版],Yondara Kanarazu Nuite Kureru Jimi-kei Deka Onna Nurse-san,japanese,,,doujinshi,original,,"kissing, big breasts, swimsuit, nurse, glasses, big ass, nakadashi, huge breasts, hairy, bikini, x-ray, big areolae, paizuri, bukkake, blowjob, sole female, sole male, twintails",27,2026-08-02 06:29:04,2026-08-02 06:29:04,2026-08-03 14:24:37
669365,[TSF no F (Takahashi Konnyaku)] Jotaika Shita Ore no Boku no Shiawase Mesu Ochi Seikatsu [Chinese] [牢大个人机翻],[TSFのF (高橋こんにゃく)] 女体化した俺の僕の幸せ雌堕ち生活 [中国翻訳],Jotaika Shita Ore no Boku no Shiawase Mesu Ochi Seikatsu,"translated, chinese",takahashi konnyaku,tsf no f,doujinshi,original,,"big breasts, mmf threesome, schoolboy uniform, group, masturbation, full color, gyaru, gender morph, gender change, rough translation",52,2026-08-02 06:32:45,2026-08-02 06:32:45,2026-08-03 14:24:48
669366,[ながしま超助] [C] ヒーローヌキヌキ隊 アヘんじゃーず [EagleHawk個人漢化],[ながしま超助] [C] ヒーローヌキヌキ隊 アヘんじゃーず [EagleHawk個人漢化],ヒーローヌキヌキ隊 アヘんじゃーず,"translated, chinese",nagashima chosuke,,manga,redline,,"big breasts, group, story arc, multi-work series, double penetration, bunny girl, tankoubon, paizuri, blowjob, muscle, tentacles",200,2026-08-02 06:44:40,2026-08-02 06:44:40,2026-08-03 14:24:59
669367,[Horori] Z.Z.Z Gravure #07: Jane Doe (Zenless Zone Zero) [Uncensored],[Horori] Z.Z.Z Gravure #07: Jane Doe (Zenless Zone Zero)  [Uncensored],Z.Z.Z Gravure #07: Jane Doe,japanese,horori,,doujinshi,zenless zone zero,jane doe,"uncensored, tentacles",20,2026-08-02 06:46:22,2026-08-02 06:46:22,2026-08-03 14:25:11
669368,[Hawkkun] SOFMOD 1 [Digital](Girls' Frontline)[Chinese] [大受气包烤RO组汉化],,SOFMOD 1,"translated, chinese",hawkkun,,doujinshi,girls frontline,m4 sopmod ii,"futanari, multi-work series, dickgirl on female",44,2026-08-02 06:49:13,2026-08-02 06:49:13,2026-08-03 14:25:22
669369,[Ginchaya (Gincha)] Poolside [Chinese],[銀茶屋 (銀茶)] プールサイド [DL版] [中国翻訳],Poolside,"japanese, translated, chinese",gincha,ginchaya,doujinshi,original,,"kissing, swimsuit, gag, torture, group, electric shocks, schoolgirl uniform, urination, nakadashi, anal, sex toys, bondage, yuri, whip, multi-work series, paizuri, blowjob, blindfold, bisexual, beauty mark, ponytail",47,2026-08-02 06:52:16,2026-08-02 06:52:16,2026-08-03 14:26:35
669370,[Ginchaya (Gincha)] Poolside: Chapter 2 [Chinese],[銀茶屋 (銀茶)] プールサイド：チャプター2 [DL版] [中国翻訳],Poolside: Chapter 2,"translated, chinese",gincha,ginchaya,doujinshi,original,,"swimsuit, gag, torture, electric shocks, nakadashi, sex toys, bondage, hairy, yuri, multi-work series, blowjob, tribadism, slave, bisexual, beauty mark, ponytail, pixie cut, crying, nipple stimulation",53,2026-08-02 06:55:45,2026-08-02 06:55:45,2026-08-03 14:26:46
669371,[Ginchaya (Gincha)] Poolside: Chapter 3 [Chinese],[銀茶屋 (銀茶)] プールサイド：チャプター3 [DL版] [中国翻訳],Poolside: Chapter 3,"translated, chinese",gincha,ginchaya,doujinshi,original,,"kissing, triple penetration, swimsuit, torture, group, electric shocks, nakadashi, anal, sex toys, ffm threesome, bondage, hairy, yuri, whip, multi-work series, double penetration, blowjob, tribadism, collar, slave, bisexual, beauty mark, anal intercourse",66,2026-08-02 07:00:04,2026-08-02 07:00:04,2026-08-03 14:26:57
669372,[Ginchaya (Gincha)] if: Poolside [Chinese],[銀茶屋 (銀茶)] if：poolside [中国翻訳],if: Poolside,"translated, chinese",gincha,ginchaya,doujinshi,original,,"swimsuit, females only, yuri, tribadism, ponytail",53,2026-08-02 07:03:50,2026-08-02 07:03:50,2026-08-03 14:27:08
669373,[Ginchaya (Gincha)] Poolside: Chapter 4 [Chinese],[銀茶屋 (銀茶)] プールサイド：チャプター4 [DL版] [中国翻訳],Poolside: Chapter 4,"translated, chinese",gincha,ginchaya,doujinshi,original,,"cum swap, swimsuit, gag, strap-on, anal, sex toys, bondage, yuri, gokkun, blowjob, collar, shibari, deepthroat, slave, bisexual, pixie cut, anal intercourse, rough translation, nipple stimulation",58,2026-08-02 07:07:41,2026-08-02 07:07:41,2026-08-03 14:27:20
669374,[p-n] Ryuu no Gekirai | The Dragon's Roar (Blue Archive) [English] [SDF] [Digital],[p-n] 竜ノ華姫雷 『水を向けて』以降の幻視 (ブルーアーカイブ) [英訳],Ryuu no Gekirai | The Dragon's Roar,"english, translated",p-n,,doujinshi,blue archive,"sensei, kisaki ryuuge","lolicon, chinese dress, sole female, sole male, hair buns, halo",36,2026-08-02 07:14:50,2026-08-02 07:14:50,2026-08-03 14:27:31
669375,[Marosaan (Yunamaro)] Yotta Kanojo ga Yabasugiru! ~Asa Made Reisei Buttobi Amatoro Ecchi~ [Digital],[まろ茶庵 (ゆなまろ)] 酔ったカノジョがヤバすぎる!～朝まで理性ぶっ飛びあまとろえっち～ [DL版],Yotta Kanojo ga Yabasugiru! ~Asa Made Reisei Buttobi Amatoro Ecchi~,japanese,yunamaro,marosaan,doujinshi,original,,"big breasts, cunnilingus, x-ray, multi-work series, fingering, tall girl, inverted nipples, blowjob, sole female, sole male, very long hair",136,2026-08-02 07:23:23,2026-08-02 07:23:23,2026-08-03 14:28:44
669376,(SUPER TOON MIX 2023) [Potato BOOKS (Jagaimo)] Shiawase Ride (Big Hero 6) [English] {Chin²},(SUPER TOON MIX 2023) [ぽてとBOOKS (じゃがいも)] しあわせライド (ベイマックス) [英訳],Shiawase Ride,"english, translated",jagaimo,potato books,doujinshi,big hero 6,"hiro hamada, tadashi hamada","kissing, nakadashi, anal, brother, males only, incest, yaoi, blowjob, big penis, shotacon, stomach deformation, mesuiki, anal intercourse",21,2026-08-02 07:27:16,2026-08-02 07:27:16,2026-08-03 14:28:55
669377,[Electra over] Saiminjutsu de chijoku wanwan kara no toro ketsumanko choukyou de namaikina kouhai senyou no ou bitch ni saremashita! [English],,Saiminjutsu de chijoku wanwan kara no toro ketsumanko choukyou de namaikina kouhai senyou no ou bitch ni saremashita!,"english, translated",,electra over,doujinshi,original,,"anal, mind control, males only, yaoi, mosaic censorship, rough translation",34,2026-08-02 07:29:31,2026-08-02 07:29:31,2026-08-03 14:29:06
669378,[Putama] Fanbox汉化合集 (Blue Archive) [Chinese] [欶澜汉化组],[ぷ玉] Fanbox汉化合集 (ブルーアーカイブ) [中国翻訳],Fanbox汉化合集,"translated, chinese",putama,,doujinshi,blue archive,"hasumi hanekawa, yuuka hayase, iori shiromi, haruna kurodate, karin kakudate, mari iochi, nonomi izayoi, mika misono, ako amau, saki sorai, noa ushio, sensei, saori joumae, kazusa kyouyama, toki asuma, kanna ogata, rio tsukatsuki, aoi oki, rumi akeshiro, kikyou kiryuu, yukari kadenokouji, ichika nakamasa, kisaki ryuuge, kirara yozakura, satsuki kyougoku, eri shirao, konoka","maid, handjob, sweating, kissing, wings, leg lock, swimsuit, group, schoolgirl uniform, nakadashi, ahegao, ffm threesome, femdom, dark skin, bikini, x-ray, paizuri, blowjob, catgirl, sole male, ponytail, mesuiki, school gym uniform, nipple stimulation, halo",233,2026-08-02 07:43:17,2026-08-02 07:43:17,2026-08-03 14:29:18
669379,[Spiral (Arumamai Ayuka+)] Otoko dato Omotteita Netoge no Aibou ga Jitsu wa Onnanoko datta tte Hanashi / Story About How My Online Gamer Friend Whom I Thought Was A Guy And Turned Out To Be A Girl [English] {Doujins.com},[すぱいらる (在誠舞あゆか+)] 男だと思っていたネトゲの相棒が実は女の子だったって話 [英訳],Otoko dato Omotteita Netoge no Aibou ga Jitsu wa Onnanoko datta tte Hanashi / Story About How My Online Gamer Friend Whom I Thought Was A Guy And Turned Out To Be A Girl,"english, translated",arumamai ayuka plus,spiral,doujinshi,original,,"virginity, unusual pupils, glasses, nakadashi, anorexic, lolicon, x-ray, defloration, fingering, hotpants, tomboy, sole female, sole male, pixie cut",42,2026-08-02 07:51:35,2026-08-02 07:51:35,2026-08-03 14:29:29
669380,[Sanbaizu]  Women's Toilet [Chinese],[Sanbaizu] バスルームと女子便所 [中国翻訳],Women's Toilet,"translated, chinese",,sanbaizu,doujinshi,original,,"scat, big breasts, big ass, urination, mother, coprophagia, mosaic censorship, sister, small penis, rough translation",21,2026-08-02 07:53:09,2026-08-02 07:53:09,2026-08-03 14:29:40
669381,"[Sanbaizu] On the way home, I went to the women's restroom with my older sister. [Chinese]",帰り道お姉さんと女子便所 [中国翻訳],"On the way home, I went to the women's restroom with my older sister.","translated, chinese",,sanbaizu,doujinshi,original,,"scat, big ass, coprophagia, rough translation",21,2026-08-02 07:54:35,2026-08-02 07:54:35,2026-08-03 14:30:54
669382,[Sanbaizu] With my older sister in the kotatsu [Chinese],こたつでお姉さんと [中国翻訳],With my older sister in the kotatsu,"translated, chinese",,sanbaizu,doujinshi,original,,"scat, big breasts, urination, femdom, coprophagia, footjob, sister, rough translation",21,2026-08-02 07:56:02,2026-08-02 07:56:02,2026-08-03 14:31:05
669383,[Sanbaizu] Stressful interview in the women's restroom [Chinese],圧迫面接女子便所 [中国翻訳],Stressful interview in the women's restroom,"translated, chinese",,sanbaizu,doujinshi,original,,"scat, swimsuit, schoolgirl uniform, urination, coprophagia, rough translation",21,2026-08-02 07:57:31,2026-08-02 07:57:31,2026-08-03 14:31:17
669384,[Sanbaizu] Aikagi Shinnyuu -Nemuru Onna- [Chinese],[三杯酢] 合鍵侵入ー眠る女ー [中国翻訳],Aikagi Shinnyuu -Nemuru Onna-,"translated, chinese",,sanbaizu,doujinshi,original,,"big breasts, netorare, sleeping, mosaic censorship, sole female, rough translation",20,2026-08-02 07:58:51,2026-08-02 07:58:51,2026-08-03 14:31:28
669385,[Sanbaizu] Roten Boshi [Chinese],[三杯酢] 露天母子 [中国翻訳],Roten Boshi,"translated, chinese",,sanbaizu,doujinshi,original,,"milf, big breasts, group, raccoon girl, mosaic censorship, rough translation",21,2026-08-02 08:00:25,2026-08-02 08:00:25,2026-08-03 14:31:39
669386,[Sanbaizu]Hide-and-seek in the women's restroom [Chinese],[三杯酢] かくれんぼ女子便所 [中国翻訳],Hide-and-seek in the women's restroom,"translated, chinese",,sanbaizu,doujinshi,original,,"milf, scat, big ass, urination, femdom, coprophagia, mosaic censorship, rough translation",21,2026-08-02 08:01:57,2026-08-02 08:01:57,2026-08-03 14:31:50
669387,[Sanbaizu] Handjob Nurse and the Ladies' Room [Chinese],[Sanbaizu] 手コキナースと女子便所 [中国翻訳],Handjob Nurse and the Ladies' Room,"translated, chinese",,sanbaizu,doujinshi,original,,"scat, urination, rough translation",21,2026-08-02 08:03:29,2026-08-02 08:03:29,2026-08-03 14:33:03
669388,[Sanbaizu] The Money-Making Ladies' Restroom [Chinese],[Sanbaizu] お金になる女子便所 [中国翻訳],The Money-Making Ladies' Restroom,"translated, chinese",,sanbaizu,doujinshi,original,,"scat, schoolgirl uniform, urination, coprophagia, rough translation",21,2026-08-02 08:04:53,2026-08-02 08:04:53,2026-08-03 14:33:14
669389,[Sanbaizu] The Elevator Boy and the Girls' Restroom [Chinese],[Sanbaizu] エレベーター少年と女子便所 [中国翻訳],The Elevator Boy and the Girls' Restroom,"translated, chinese",,sanbaizu,doujinshi,original,,"scat, urination, coprophagia, stockings, rough translation",21,2026-08-02 08:06:19,2026-08-02 08:06:19,2026-08-03 14:33:25
669390,[Sanbaizu] The Lady Taking Shelter from the Rain — Women's Restroom [Chinese],[Sanbaizu] 雨宿りお姉さん女子便所 [中国翻訳],The Lady Taking Shelter from the Rain — Women's Restroom,"translated, chinese",,sanbaizu,doujinshi,original,,"scat, urination, coprophagia, sole female, rough translation",21,2026-08-02 08:07:48,2026-08-02 08:07:48,2026-08-03 14:33:37
669391,[あせするふぁむ系]  出没注意変態不審者おばさんのチン汁搾り,[あせするふぁむ系]  出没注意変態不審者おばさんのチン汁搾り,出没注意変態不審者おばさんのチン汁搾り,japanese,,acesulfame kei,doujinshi,original,,"milf, scat, big breasts, bbw, glasses, huge breasts, hairy, shotacon, old lady",22,2026-08-02 08:12:28,2026-08-02 08:12:28,2026-08-03 14:33:49
669392,"[Shibikikaku (Ayashibi)] Oshi wa Docchi da!? | Who's Your Oshi! (Houshou Marine, Ookami Mio) [English] {Doujins.com} [Digital]",[しび企画 (あやしび)] 推しはどっちだ!? (宝鐘マリン、大神ミオ) [英訳] [DL版],Oshi wa Docchi da!? | Who's Your Oshi!,"english, translated",,,doujinshi,hololive,"ookami mio, houshou marine","big breasts, group, wolf girl, ffm threesome, bikini, blowjob, sole male, kemonomimi, vtuber",21,2026-08-02 08:13:54,2026-08-02 08:13:54,2026-08-03 14:34:00
669393,[ma_shika (A_shika)] Tenshi Hirotta kara Haramaseru ~Ojii-san Senyou Botebara Onaho ni Naru made no Kiroku~,[ma_鹿 (A_鹿)] 天使拾ったから孕ませる 〜おじさん専用ボテ腹オナホになるまでの記録〜,Tenshi Hirotta kara Haramaseru ~Ojii-san Senyou Botebara Onaho ni Naru made no Kiroku~,japanese,ashika,,doujinshi,original,,"maid, wings, big breasts, nakadashi, ahegao, anal, x-ray, angel, stockings, paizuri, dilf, impregnation, blowjob, big penis, bbm, stomach deformation, deepthroat, sole female, sole male, bald, very long hair, anal intercourse, high heels",67,2026-08-02 08:27:06,2026-08-02 08:27:06,2026-08-03 14:34:13
669394,"[Mainichi Angel] Maken Tensei ~Tensei shitara Saikyou no Maken / Reincarnated As A Demon Sword ~After Reincarnating As The Strongest Demon Sword, I'm Making The Beauty Who Got Me Become Horny Every Time She Uses Me~[SHORETNED]  [English] {Doujins.com}",[毎日エンゼル] 魔剣転生〜転生したら最強の魔剣になった俺、 使われるたびに美少女を欲情させてしまう件について〜 [英訳],"Maken Tensei ~Tensei shitara Saikyou no Maken / Reincarnated As A Demon Sword ~After Reincarnating As The Strongest Demon Sword, I'm Making The Beauty Who Got Me Become Horny Every Time She Uses Me~","english, translated",mainichi angel,,doujinshi,original,,"transformation, big breasts, masturbation, nakadashi, ahegao, big areolae, sole female, sole male, twintails",37,2026-08-02 08:29:38,2026-08-02 08:29:38,2026-08-03 14:35:26
669395,[Magical Arts (Ema)] Hyoutan no Tsubomi [Chinese],[マジカルアーツ (絵魔)] 瓢箪のつぼみ [中国翻訳],Hyoutan no Tsubomi,"translated, chinese",ema,magical arts,doujinshi,original,,"old man, urination, anal, granddaughter, sole female, internal urination, rough translation",50,2026-08-02 08:33:02,2026-08-02 08:33:02,2026-08-03 14:35:37
669396,"[Nikushoku Kurari]  ""Watching Myself Get Wrecked"" Session",手前やられ鑑賞会,"""Watching Myself Get Wrecked"" Session",japanese,shishikura kurari,,doujinshi,original,,"twintails, shapening",20,2026-08-02 08:34:30,2026-08-02 08:34:30,2026-08-03 14:35:49
669397,"[Shouchuu MAC (Hozumi Kenji)] Utsusemi no Uta ~Osananajimi no Hitozuma Okami to, Nen ni Ichido no Ouse~",[焼酎MAC] 空蝉の唄〜幼馴染の人妻女将と、年に一度の逢瀬〜,"Utsusemi no Uta ~Osananajimi no Hitozuma Okami to, Nen ni Ichido no Ouse~",japanese,hozumi kenji,shouchuu mac,doujinshi,original,,"squirting, milf, big breasts, cunnilingus, story arc, cheating, condom, kimono, misc, full color, fingering, blowjob, sole female, sole male",154,2026-08-02 08:44:07,2026-08-02 08:44:07,2026-08-03 14:36:00
669398,[Fanbox] まきや mfmakiya,,まきや mfmakiya,japanese,,,doujinshi,original,,"big breasts, femdom, footjob, big areolae, muscle",105,2026-08-02 08:50:26,2026-08-02 08:50:26,2026-08-03 14:36:11
669399,"[FutamareLab (Akiamare)] Futanari NeCafe Nanmin Amagasu Mui-chan | The Futanari Net-Cafe Refugee, Amagasu Mui [English] {Doujins.com} [Digital]",[Futamare (あきあまれ)] ふたなりネカフェ難民天粕むいちゃん♥ [英訳] [DL版],"Futanari NeCafe Nanmin Amagasu Mui-chan | The Futanari Net-Cafe Refugee, Amagasu Mui","english, translated",akiamare,futamare,doujinshi,original,,"futanari, virginity, glasses, anal, gyaru, smegma, hairy armpits, big penis, sole male, dickgirl on male, sole dickgirl, anal intercourse, full-packaged futanari",48,2026-08-02 08:53:35,2026-08-02 08:53:35,2026-08-03 14:36:23
669400,[RERE] Closed Loop Reincarnation [English],,Closed Loop Reincarnation,english,,rere,doujinshi,original,,"milf, big breasts, masturbation, body swap, ahegao, mother, incest, impregnation, age regression, very long hair, gender change",7,2026-08-02 08:55:02,2026-08-02 08:55:02,2026-08-03 14:37:36
669401,[Crazy Brain Pulse (Aizawa Uji)] Atashi no Dakara! | He's Mine! (Zenless Zone Zero) [English] [Digital],[くれいじーぶれいんぱるす (相沢U字)] あたしのだから! (ゼンレスゾーンゼロ) [英訳] [DL版],Atashi no Dakara! | He's Mine!,"english, translated",aizawa uji,crazy brain pulse,doujinshi,zenless zone zero,"ellen joe, wise","unusual teeth, schoolgirl uniform, nakadashi, pantyhose, collar, sole female, sole male, tail, shark girl",25,2026-08-02 08:56:46,2026-08-02 08:56:46,2026-08-03 14:37:47
669402,[Ark] Kinjo no Mesu Ero Onee-chan -Himitsu no Orusuban- (Remake-ban),[Ark] 近所のメスエロお姉ちゃん -秘密のお留守番-(リメイク版),Kinjo no Mesu Ero Onee-chan -Himitsu no Orusuban-,"translated, chinese",ark,,doujinshi,original,,"handjob, leg lock, nakadashi, lolicon, x-ray, blowjob, shotacon, sole female, sole male, twintails, rough translation",42,2026-08-02 09:04:35,2026-08-02 09:04:35,2026-08-03 14:37:58
669403,[Nikushoku Kurari] The story of a mad scientist who created a ring to build a utopia in a ruined world.,マッドサイエンティストが崩壊世界で理想郷を造る指輪を作った話,The story of a mad scientist who created a ring to build a utopia in a ruined world.,japanese,shishikura kurari,,doujinshi,original,,shapening,22,2026-08-02 09:06:11,2026-08-02 09:06:11,2026-08-03 14:38:09
669404,(C96) [Akagisou (Akagi Kuro)] Miku to Riamu no Super Hamehame Shinkan Compa /  Miku and Riamu's Super Fucky-Fuck Newcomer Welcome Party! (THE IDOLM@STER CINDERELLA GIRLS) [English] {Doujins.com},(C96) [赤木荘 (赤木クロ)] みくとりあむのスーパーハメハメ新歓コンパ (アイドルマスターシンデレラガールズ)  [英訳],Miku to Riamu no Super Hamehame Shinkan Compa /  Miku and Riamu's Super Fucky-Fuck Newcomer Welcome Party!,"english, translated",akagi kuro,akagisou,doujinshi,the idolmaster,"miku maekawa, riamu yumemi","big breasts, group, glasses, ahegao, gyaru-oh",24,2026-08-02 09:07:56,2026-08-02 09:07:56,2026-08-03 14:38:20
669405,[RERE] Personality Excretion Dessert Shop [English],,Personality Excretion Dessert Shop,english,,rere,doujinshi,original,,"futanari, schoolgirl uniform, body swap, bondage, tribadism, personality excretion, dickgirl on female, futanarization",15,2026-08-02 09:09:07,2026-08-02 09:09:07,2026-08-03 14:38:32
669406,"[Ashita  Koizumi Niruna (Koizumi Niruna)] Tenkensaki wa Karada Muchimuchi Mudage Boo Boo /  The Home I Was Called To For An Inspection Had A Whole Family Of Plump, Hairy, Pussy-Stinking, Huge-Boobed Women [English] {Doujins.com}",,"Tenkensaki wa Karada Muchimuchi Mudage Boo Boo /  The Home I Was Called To For An Inspection Had A Whole Family Of Plump, Hairy, Pussy-Stinking, Huge-Boobed Women","english, translated",,,doujinshi,original,,"sweating, big breasts, hairy, smell, hairy armpits, sole female, sole male",20,2026-08-02 09:10:42,2026-08-02 09:10:42,2026-08-03 14:38:43
669407,[Akiyama Production (Kurauda Shouta)] Kachiku Monogatari (Moyashimon) [Chinese],[アキヤマ興業 (クラウド翔太)] 家畜物語 (もやしもん) [中国翻訳],Kachiku Monogatari,"translated, chinese",kurauda shouta,akiyama production,doujinshi,moyashimon,haruka hasegawa,"garter belt, gag, group, anal, sex toys, bondage, double penetration, lactation, stockings, sole female, rough translation",20,2026-08-02 09:12:05,2026-08-02 09:12:05,2026-08-03 14:38:54
669408,[Nikushoku Kurari] State-Changing Battle Royale,状態変化バトロワ,State-Changing Battle Royale,japanese,shishikura kurari,,doujinshi,original,,"oni, transformation, big breasts, full color, shapening",12,2026-08-02 09:13:07,2026-08-02 09:13:07,2026-08-03 14:39:05
669409,[Momoziri Hustle Dou] Zetsurin Mama no Narumi-san to Hentai Musuko | 性欲旺盛的妈妈成美和变态儿子 [Chinese],[桃尻ハッスル堂] 絶倫ママの成美さんとヘンタイ息子 [中国翻訳],Zetsurin Mama no Narumi-san to Hentai Musuko | 性欲旺盛的妈妈成美和变态儿子,"translated, chinese",,momoziri hustle dou,doujinshi,original,,"milf, mother, incest, shotacon, sole female, sole male, rough translation",51,2026-08-02 09:23:21,2026-08-02 09:23:21,2026-08-03 14:39:17
669410,[LOVERY PEACH (Onisake Riri)] Insyoku Hime,[LOVERY PEACH (鬼酒りり)] 淫触姫,Insyoku Hime,japanese,,onisake,doujinshi,original,,"unusual pupils, monster girl, story arc, breast feeding, femdom, bondage, eyemask, tentacles, domination loss, nipple stimulation",97,2026-08-02 09:29:52,2026-08-02 09:29:52,2026-08-03 14:39:28
669411,(C78) [Peroppoi tokoro (Chobipero)] Tenshi no Oto | The Sound of an Angel (Angel Beats!) [English] {Doujins.com},(C78) [ペろっぽい処 (ちょびぺろ)] てんしのおと (Angel Beats!)  [英訳],Tenshi no Oto | The Sound of an Angel,"english, translated",chobipero,peroppoi tokoro,doujinshi,angel beats,"yuzuru otonashi, kanade tachibana","schoolboy uniform, schoolgirl uniform, lolicon, defloration, sole female, sole male, very long hair",25,2026-08-02 09:34:26,2026-08-02 09:34:26,2026-08-03 14:39:39
669412,[Nikushoku Kurari] KonoSuba Status Change Book,このすば状態変化本,KonoSuba Status Change Book,japanese,shishikura kurari,,doujinshi,kono subarashii sekai ni syukufuku o,"aqua, darkness | lalatina ford dustiness","big breasts, full color, shapening",15,2026-08-02 09:35:43,2026-08-02 09:35:43,2026-08-03 14:39:50
669413,[chin] Mabudachi Nagachichi Daihenshin Ch. 1-7 | My Best Friend's Transformation Into A Long-Titty Girl Ch. 1-5 [English] {Doujins.com} [Digital],[ちん] マブダチナガチチ大変身 第1-2話 [英訳] [DL版],Mabudachi Nagachichi Daihenshin Ch. 1-7 | My Best Friend's Transformation Into A Long-Titty Girl Ch. 1-5,"english, translated",chin,,manga,,,"maid, inseki, sweating, big breasts, swimsuit, group, glasses, big ass, pasties, ahegao, ffm threesome, mind control, incest, stockings, paizuri, leotard, dilf, blowjob, watermarked, bbm, sole male, kemonomimi, hidden sex, pixie cut, tail, gender change",160,2026-08-02 10:06:07,2026-08-02 10:06:07,2026-08-03 14:40:02
669414,[Rizaadoman no shirippo] Sakyubasu no petto ni natta majo no hanashi [Digital],[リザードマンの尻っぽ] サキュバスのペットになった魔女の話 [DL版],Sakyubasu no petto ni natta majo no hanashi,japanese,,,doujinshi,original,,"big breasts, gag, group, vore, bondage, demon girl, yuri, minigirl, lactation, stockings, rape, blindfold",46,2026-08-02 10:15:01,2026-08-02 10:15:01,2026-08-03 14:40:13
669415,[Nikushoku Kurari] Female Knight of a Defeated Nation,敗北国家の女騎士,Female Knight of a Defeated Nation,japanese,shishikura kurari,,doujinshi,original,,"transformation, big breasts, multiple breasts, monster, full color, shapening",16,2026-08-02 10:16:10,2026-08-02 10:16:10,2026-08-03 14:40:24
669416,Varbya,,Varbya,"english, translated",,,doujinshi,"original, arknights",,"big breasts, paizuri, rough translation",106,2026-08-02 10:22:58,2026-08-02 10:22:58,2026-08-03 14:40:36
669417,[Cupiko] Vore Me!~ Bad students are shrunk and swallowed whole! A huge turd is your grave! ~,[くぴこ] 丸呑み先生〜成績の悪い生徒は縮めて丸呑み！極太ウンコがお前の墓だ！〜,Vore Me!~ Bad students are shrunk and swallowed whole! A huge turd is your grave! ~,japanese,cupiko,,doujinshi,original,,"milf, shrinking, scat, big breasts, bbw, big ass, snuff, femdom, vore, minigirl, miniguy, pixie cut",19,2026-08-02 10:24:26,2026-08-02 10:24:26,2026-08-03 14:40:47
669418,[も]2026年4、5月更新分[ADA个人机翻],[も]2026年4、5月更新分[ADA个人机翻],2026年4、5月更新分,"translated, chinese",kireina mochi,,doujinshi,original,,"milf, kissing, big breasts, netorare, nakadashi, sex toys, bikini, mind control, cowgirl, collar, oyakodon, shaved head, rough translation, smalldom",18,2026-08-02 10:25:42,2026-08-02 10:25:42,2026-08-03 14:40:58
669419,[Trapezohedron (Jimador)] Haiboku e no Yuuwaku Futanari Sister V.S Neburi Hitode,[トラペゾヘドロン (ヒマドール)] 敗北への誘惑 ふたなりシスターV.Sねぶりヒトデ,Haiboku e no Yuuwaku Futanari Sister V.S Neburi Hitode,japanese,jimador,trapezohedron,doujinshi,original,,"futanari, transformation, nun, corruption, moral degeneration, femdom, mind control, parasite, dickgirl on female",43,2026-08-02 10:30:12,2026-08-02 10:30:12,2026-08-03 14:41:10
669420,飛機杯女神連線中 第11话 要好好奖励人家喔♥,,飛機杯女神連線中 第11话 要好好奖励人家喔♥,"translated, chinese",,,manga,,,"webtoon, rough translation",53,2026-08-02 10:33:25,2026-08-02 10:33:25,2026-08-03 14:41:21
669421,飛機杯女神連線中 第12话 把校园女神操到虚脱,,飛機杯女神連線中 第12话 把校园女神操到虚脱,"translated, chinese",,,manga,,,"webtoon, rough translation",53,2026-08-02 10:36:48,2026-08-02 10:36:48,2026-08-03 14:41:32
669422,[Mousou PushOn] Seigi no hiroin seimiko amane shoushou [Digital],[妄想PushOn] 正義のヒロイン 聖巫女 天音 承兆 [DL版],Seigi no hiroin seimiko amane shoushou,japanese,,mousou pushon,doujinshi,original,,artistcg,178,2026-08-02 10:48:03,2026-08-02 10:48:03,2026-08-03 14:41:43
669423,[Umebatake (Yurimo)] Akutoku shigotoshi ni nechinechi semerare ikimakucchau aogekaeri biyaku massaji [Digital],[ウメ畑 (ゆりも)] 悪徳施術師にネチネチ責められイきまくっちゃう仰け反り媚薬マッサージ,Akutoku shigotoshi ni nechinechi semerare ikimakucchau aogekaeri biyaku massaji,japanese,,umebatake,doujinshi,original,,"squirting, big breasts, group, females only, oil, yuri, x-ray, drugs, fingering, fff threesome, eye-covering bang, multiple orgasms",29,2026-08-02 10:50:08,2026-08-02 10:50:08,2026-08-03 14:41:54
669424,飛機杯女神連線中 第13话 英文系女大生「约跑中」,,飛機杯女神連線中 第13话 英文系女大生「约跑中」,"translated, chinese",,,manga,,,"webtoon, rough translation",53,2026-08-02 10:53:23,2026-08-02 10:53:23,2026-08-03 14:42:06
669425,飛機杯女神連線中 第14話 妳覺得我忍得住嗎,,飛機杯女神連線中 第14話 妳覺得我忍得住嗎,"translated, chinese",,,manga,,,"webtoon, rough translation",51,2026-08-02 10:56:30,2026-08-02 10:56:30,2026-08-03 14:42:17
669426,飛機杯女神連線中 第15话 是谁先受不了的,,飛機杯女神連線中 第15话 是谁先受不了的,chinese,,,manga,,,webtoon,51,2026-08-02 10:59:34,2026-08-02 10:59:34,2026-08-03 14:42:28
669427,飛機杯女神連線中 第16话 [请取货]口交专用飞机杯,,飛機杯女神連線中 第16话 [请取货]口交专用飞机杯,chinese,,,manga,,,webtoon,51,2026-08-02 11:02:41,2026-08-02 11:02:41,2026-08-03 14:42:39
669428,飛機杯女神連線中 第17话 男生喜欢这样吹吗,,飛機杯女神連線中 第17话 男生喜欢这样吹吗,"translated, chinese",,,manga,,,"webtoon, rough translation",54,2026-08-02 11:06:02,2026-08-02 11:06:02,2026-08-03 14:42:49
669429,[伯楽] 2026年7月号,[伯楽] 2026年7月号,2026年7月号,"japanese, chinese",bole | boraku,,doujinshi,uma musume pretty derby,eishin flash,,33,2026-08-02 11:08:18,2026-08-02 11:08:18,2026-08-03 14:43:01
669430,飛機杯女神連線中 第18话 校园女神的深喉咙♥,,飛機杯女神連線中 第18话 校园女神的深喉咙♥,"translated, chinese",,,manga,,,"webtoon, rough translation",50,2026-08-02 11:11:20,2026-08-02 11:11:20,2026-08-03 14:43:12
669431,飛機杯女神連線中 第19话 考试期间也要「放松」,,飛機杯女神連線中 第19话 考试期间也要「放松」,"translated, chinese",,,manga,,,"webtoon, rough translation",51,2026-08-02 11:14:25,2026-08-02 11:14:25,2026-08-03 14:43:23
669432,飛機杯女神連線中 第20话 爱液泛滥的楼梯间,,飛機杯女神連線中 第20话 爱液泛滥的楼梯间,"translated, chinese",,,manga,,,"webtoon, rough translation",54,2026-08-02 11:17:42,2026-08-02 11:17:42,2026-08-03 14:43:34
669433,[RERE] All humans become anime girls [English],,All humans become anime girls,english,,rere,doujinshi,original,,"shemale, cosplaying, full color, bunny girl, pantyhose, leotard, gender change, dickgirl on female",11,2026-08-02 11:18:37,2026-08-02 11:18:37,2026-08-03 14:43:45
669434,[RERE] 全人類女性キャラクター化,[RERE] 全人類女性キャラクター化,全人類女性キャラクター化,japanese,,rere,doujinshi,original,,"cosplaying, full color, bunny girl, gender change, dickgirl on female",11,2026-08-02 11:19:31,2026-08-02 11:19:31,2026-08-03 14:43:57
669435,[RERE] 全人類都變成女性動漫角色 [Chinese],,全人類都變成女性動漫角色,chinese,,rere,doujinshi,original,,"cosplaying, full color, bunny girl, gender change, dickgirl on female",11,2026-08-02 11:20:24,2026-08-02 11:20:24,2026-08-03 14:44:08
669436,[RERE] The student council president is my xxxx [English],,The student council president is my xxxx,english,,rere,doujinshi,original,,"transformation, giant, masturbation, schoolgirl uniform, minigirl, mind break",23,2026-08-02 11:21:55,2026-08-02 11:21:55,2026-08-03 14:44:19
669437,[RERE] 生徒会長は僕のチンコ,[RERE] 生徒会長は僕のチンコ,生徒会長は僕のチンコ,japanese,,rere,doujinshi,original,,"transformation, masturbation, schoolgirl uniform, minigirl, mind break",23,2026-08-02 11:23:31,2026-08-02 11:23:31,2026-08-03 14:44:30
669438,[RERE] 生徒会長は僕のチンコ [Chinese],[RERE] 生徒会長は僕のチンコ,生徒会長は僕のチンコ,chinese,,rere,doujinshi,original,,"transformation, masturbation, schoolgirl uniform, minigirl, mind break",23,2026-08-02 11:25:07,2026-08-02 11:25:07,2026-08-03 14:44:41
669439,[Tonkotsu Fuumi (Poncocchan)] Kuchikoki Kyonyuu Gal,[とんこつふうみ (ぽんこっちゃん)] クチコキ巨乳ギャル,Kuchikoki Kyonyuu Gal,japanese,poncocchan,tonkotsu fuumi,doujinshi,original,,"schoolgirl uniform, blowjob face, gyaru, blowjob, deepthroat, sole female, sole male, no penetration, focus blowjob",23,2026-08-02 11:26:40,2026-08-02 11:26:40,2026-08-03 14:44:53
669440,[RERE] 換身鄰居 [Chinese],,換身鄰居,chinese,,rere,doujinshi,original,,"milf, big breasts, masturbation, cheating, body swap, bbm, gender change",21,2026-08-02 11:28:05,2026-08-02 11:28:05,2026-08-03 14:45:04
669441,[RERE] ご近所入れ替わり,[RERE] ご近所入れ替わり,ご近所入れ替わり,japanese,,rere,doujinshi,original,,"milf, big breasts, masturbation, cheating, body swap, low lolicon, bbm, gender change",21,2026-08-02 11:29:37,2026-08-02 11:29:37,2026-08-03 14:45:15
669442,[RERE] Swap Neighbor [English],,Swap Neighbor,"english, translated",,rere,doujinshi,original,,"milf, big breasts, masturbation, cheating, body swap, low lolicon, bbm, gender change",21,2026-08-02 11:30:59,2026-08-02 11:30:59,2026-08-03 14:45:27
669443,"[Senaka] Musuko no Okagede, Sex ga Daisuki ni Naremashita 2 | Thanks To My Son, I've Come To Love Sex 2 [English]",[せなか] 息子のおかげで、セックスが大好きになれました。2 [英訳],"Musuko no Okagede, Sex ga Daisuki ni Naremashita 2 | Thanks To My Son, I've Come To Love Sex 2","english, translated",,senaka,doujinshi,original,,"squirting, milf, sweating, kissing, big breasts, bbw, cunnilingus, dark nipples, story arc, big ass, urination, nakadashi, huge breasts, blowjob face, mother, hairy, x-ray, multi-work series, incest, big areolae, paizuri, gokkun, blowjob, big penis, shotacon, sole female, sole male, beauty mark, multiple orgasms, rough translation",56,2026-08-02 11:41:30,2026-08-02 11:41:30,2026-08-03 14:45:38
669444,"[Nikushoku Kurari] An Ordinary Day: ""State-Altering App""",いつも通りの一日「状態改変アプリ」,"An Ordinary Day: ""State-Altering App""",japanese,shishikura kurari,,doujinshi,original,,shapening,19,2026-08-02 11:42:49,2026-08-02 11:42:49,2026-08-03 14:45:49
669445,[RERE] Body Swap Impulse Disorder - Models and Trams [English],,Body Swap Impulse Disorder - Models and Trams,english,,rere,doujinshi,original,,"big breasts, old man, masturbation, body swap, gender change",17,2026-08-02 11:44:10,2026-08-02 11:44:10,2026-08-03 14:46:00
669446,[RERE] 急性入れ替わり衝動－モデルとホームレス,[RERE] 急性入れ替わり衝動－モデルとホームレス,急性入れ替わり衝動－モデルとホームレス,japanese,,rere,doujinshi,original,,"big breasts, old man, masturbation, body swap, gender change",17,2026-08-02 11:45:24,2026-08-02 11:45:24,2026-08-03 14:46:12
669447,[RERE] 急性換身衝動－模特兒和流浪漢 [Chinese],,急性換身衝動－模特兒和流浪漢,chinese,,rere,doujinshi,original,,"big breasts, old man, masturbation, body swap, gender change",17,2026-08-02 11:46:35,2026-08-02 11:46:35,2026-08-03 14:46:23
669448,[Nikushoku Kurari] A Supernatural Tale: The Story of the Beach Hut,怪異！海の家の噺,A Supernatural Tale: The Story of the Beach Hut,japanese,shishikura kurari,,doujinshi,zenless zone zero,,shapening,13,2026-08-02 11:47:41,2026-08-02 11:47:41,2026-08-03 14:46:34
669449,[Nikushoku Kurari] A Day of Misfortune,災難の日,A Day of Misfortune,japanese,shishikura kurari,,doujinshi,zenless zone zero,nicole demara,"big breasts, full color, shapening",12,2026-08-02 11:48:37,2026-08-02 11:48:37,2026-08-03 14:46:46
669450,[おかのはじめ] The Isolated Island of Phantom Color,[おかのはじめ] 幻色の孤島,The Isolated Island of Phantom Color,japanese,okano hajime | ranman,,doujinshi,original,,"bunny girl, insect, tentacles, manga",169,2026-08-02 11:58:30,2026-08-02 11:58:30,2026-08-03 14:46:58
669451,[Nikushoku Kurari] Hebiusaya the Hero,蛇兎屋・ザ・ヒーロー,Hebiusaya the Hero,japanese,shishikura kurari,,doujinshi,zenless zone zero,"belle, nicole demara, cissia","big breasts, tentacles, no penetration, forced exposure, shapening",13,2026-08-02 11:59:36,2026-08-02 11:59:36,2026-08-03 14:47:09
669452,Haru Kanojo no Shikiroku,,Haru Kanojo no Shikiroku,"english, translated",allegro,isocurve,doujinshi,original,,"big breasts, glasses, netorare, cheating, rough translation",42,2026-08-02 12:02:30,2026-08-02 12:02:30,2026-08-03 14:47:22
669453,[EIDEN] Mitsuri-chan and Esthetics + extra pics,みつりちゃんとえすて,Mitsuri-chan and Esthetics + extra pics,"japanese, english",eiden,,doujinshi,kimetsu no yaiba | demon slayer,"tanjirou kamado, mitsuri kanroji","big breasts, big ass, chikan, twintails, no penetration, animated",20,2026-08-02 12:04:02,2026-08-02 12:04:02,2026-08-03 14:47:33
669454,[Torii Yoshitsuna] Watashitachi ga 153 cm datta Toki no koto | When We Were Squarely 5 Feet Old [English] [Jefferson Translations] [Digital],[鳥居ヨシツナ] 私たちが153cmだった時のこと [英訳] [DL版],Watashitachi ga 153 cm datta Toki no koto | When We Were Squarely 5 Feet Old,"english, translated",torii yoshitsuna | yamayoshi tanosuke,,manga,,,"prostitution, condom, nakadashi, lolicon, defloration, tankoubon, small breasts, rape, shotacon, sole female, sole male, twintails, kodomo doushi",188,2026-08-02 12:39:36,2026-08-02 12:39:36,2026-08-03 14:47:44
669455,[トキビト] 雛鳥組のチキチキ大運動会！(ブルーアーカイブ),[トキビト] 雛鳥組のチキチキ大運動会！(ブルーアーカイブ),雛鳥組のチキチキ大運動会！,japanese,,,doujinshi,blue archive,,"harem, lolicon, footjob, sole male, no penetration, hair buns, multiple footjob, halo",6,2026-08-02 12:40:57,2026-08-02 12:40:57,2026-08-03 14:47:55
669456,[トキビト] 千奈ペイポイントの使い道～海辺でデート編～ (学園アイドルマスター),[トキビト] 千奈ペイポイントの使い道～海辺でデート編～ (学園アイドルマスター),千奈ペイポイントの使い道～海辺でデート編～,japanese,,,doujinshi,the idolmaster,china kuramoto,"unusual pupils, sole female, sole male",5,2026-08-02 12:41:27,2026-08-02 12:41:27,2026-08-03 14:48:07
669457,[Tokibito] Kakoku na Kisaki (Blue Archive),,Kakoku na Kisaki,japanese,,,doujinshi,blue archive,kisaki ryuuge,"anal, sex toys, dark skin, lolicon, sole female, sole male, sketch lines, halo",17,2026-08-02 12:45:09,2026-08-02 12:45:09,2026-08-03 14:48:18
669458,[Nekoneko Panchu!] Takako Sensei no Oshioki Choukyou Repooto Mochidzuki Yukimi-hen [English],[ネコネコ・パンチュッ! ] (ねこねこぱんちゅっ)【貴子先生のお仕置き調教レポート】【望月雪美】編,Takako Sensei no Oshioki Choukyou Repooto Mochidzuki Yukimi-hen,"english, translated",nekoneko panchu,,doujinshi,original,,"futanari, bdsm, nipple expansion, scat, chastity belt, gag, torture, humiliation, piercing, spanking, big nipples, enema, schoolgirl uniform, urination, anal, sex toys, femdom, bondage, coprophagia, thigh high boots, pig girl, lolicon, exhibitionism, yuri, latex, inflation, diaper, smell, mind break, smegma, nose hook, tube, big clit, collar, clit growth, randoseru, body writing, slave, harness, gloves, petplay, multiple orgasms, exposed clothing, rough translation, crying, nipple piercing, high heels",29,2026-08-02 12:50:36,2026-08-02 12:50:36,2026-08-03 14:48:29
669459,[Oshima Aki] Totsuzen Ane ga Dekita Hanashi 4 | The Story of How I Suddenly Got Older Sisters 4 [English] [Rirare Translation],[大島あき] 突然姉ができた話4 [英訳],Totsuzen Ane ga Dekita Hanashi 4 | The Story of How I Suddenly Got Older Sisters 4,"english, translated",oshima aki,,doujinshi,original,,"kissing, big breasts, piercing, group, big ass, masturbation, nakadashi, ahegao, ffm threesome, kimono, dark skin, cousin, x-ray, multiple paizuri, multi-work series, incest, bunny girl, gyaru, paizuri, voyeurism, blowjob, collar, sole male, kemonomimi, twintails, very long hair, multimouth blowjob, painted nails",93,2026-08-02 13:08:32,2026-08-02 13:08:32,2026-08-03 14:48:40
669460,[Dendou Monaka] Uchuujin Senyou Mitsuyu Route [English],[電動もなか] 宇宙人専用密輸ルート [英訳],Uchuujin Senyou Mitsuyu Route,"english, translated",,dendou monaka,doujinshi,original,,"futanari, body modification, balls expansion, syringe, scanmark, bondage, alien, big balls, stockings, mind break, rape, big penis, blindfold, tentacles, male on dickgirl, twintails, rough translation, penis enlargement, futanarization",46,2026-08-02 13:17:35,2026-08-02 13:17:35,2026-08-03 14:48:52
669461,[Circle Fukami no Kokoro (Totan Niare)] Mahou Shoujo Chie-chan ga Shokushu de Sokuochi suru Hon | A book in which the magical girl Chie-chan falls instantly with tentacles [English] [SCANMTL],[サークルふかみのこころ (溶淡にあれ)] 魔法少女ちえちゃんが触手で即堕ちする本 [英訳],Mahou Shoujo Chie-chan ga Shokushu de Sokuochi suru Hon | A book in which the magical girl Chie-chan falls instantly with tentacles,"english, translated",totan niare,fukami no kokoro,doujinshi,original,,"masturbation, moral degeneration, scanmark, x-ray, blackmail, clit growth, tentacles, sole female, twintails, very long hair, clit stimulation, rough translation",36,2026-08-02 13:19:57,2026-08-02 13:19:57,2026-08-03 14:49:04
669462,[Bunchi] 小さなショタくん,,小さなショタくん,japanese,bunchi,,doujinshi,original,,"farting, femdom, lolicon, multi-work series, miniguy, shotacon, sole male, analphagia",104,2026-08-02 13:39:36,2026-08-02 13:39:36,2026-08-03 14:49:15
669463,[Bunchi] Little Shota,,Little Shota,english,bunchi,,doujinshi,original,,"farting, femdom, lolicon, full color, multi-work series, miniguy, shotacon, sole male, analphagia",104,2026-08-02 13:59:46,2026-08-02 13:59:46,2026-08-03 14:49:26
669464,[KENTO (KENTO OKAYAMA)] Haishinchuu desu! ~Vtuber no Koe Gaman Shiofuki~ [English] [SCANMTL],[KENTO (KENTO OKAYAMA)] 配信中です! ～V●uberの声ガマン潮吹き～ [英訳],Haishinchuu desu! ~Vtuber no Koe Gaman Shiofuki~,"english, translated",kento okayama,kento,doujinshi,original,,"squirting, big breasts, glasses, nakadashi, scanmark, x-ray, stockings, fingering, tentacles, kemonomimi, twintails, tail, clit stimulation, rough translation",52,2026-08-02 14:03:56,2026-08-02 14:03:56,2026-08-03 14:49:37
669465,[Yoerosun (Tazune)] Nagase Reika wa BSS in MM Este ~ Suki na Onna-tomodachi ga Eroi Massaji o Sareteru noni Majikku Mira-goshi de Minagara Kuyashiko suru shika Dekinai Hanashi ~ | 長瀬玲華在BSS魔鏡按摩室〜隔著魔鏡看著喜歡的女性朋友進行著色色按摩自己卻只能不甘地打著飛機的故事〜 [Chinese] [Incomplete],[ヨエロ寸 (たづね)] 長瀬玲華はBSS in MMエステ〜好きな女友達がエロいマッサージをされてるのにマジックミラー越しで見ながら悔シコするしか出来ない話〜 [中国翻訳] [ページ欠落],Nagase Reika wa BSS in MM Este ~ Suki na Onna-tomodachi ga Eroi Massaji o Sareteru noni Majikku Mira-goshi de Minagara Kuyashiko suru shika Dekinai Hanashi ~ | 長瀬玲華在BSS魔鏡按摩室〜隔著魔鏡看著喜歡的女性朋友進行著色色按摩自己卻只能不甘地打著飛機的故事〜,"translated, chinese",,,doujinshi,original,,"big breasts, netorare, incomplete, beauty mark, extraneous ads",39,2026-08-02 14:06:35,2026-08-02 14:06:35,2026-08-03 14:49:49
669466,[Yabitsutouge (Ootori Mahiro)] Lotion 3P M Seikan de Iyashitai Hitozuma no Hanashi [Chinese],[弥美津峠 (鳳まひろ)] ローション3P M性感で癒したい人妻の話 [中国翻訳],Lotion 3P M Seikan de Iyashitai Hitozuma no Hanashi,"translated, chinese",ootori mahiro | yabitsu hiro,yabitsutouge,doujinshi,original,,"big breasts, group, big ass, cheating, facesitting, anal, ffm threesome, bondage, oil, harem, foot licking, paizuri, lingerie, ball sucking, blowjob, big penis, blindfold, ponytail, twintails, very long hair, anal intercourse, nipple stimulation, extraneous ads, ball caressing, butt plug",39,2026-08-02 14:09:24,2026-08-02 14:09:24,2026-08-03 14:50:00
669467,[Akane Midori] Chouhatsu Ane to Reisei Otouto (COMIC Penguin Club 2024-01) [Chinese] [Digital],[朱音ミドリ] 挑発姉と冷静弟 (COMIC ペンギンクラブ 2024年1月号) [中国翻訳] [DL版],Chouhatsu Ane to Reisei Otouto,"translated, chinese",akane midori,,manga,,,"inseki, full censorship, sister, sole female, sole male, extraneous ads",27,2026-08-02 14:11:20,2026-08-02 14:11:20,2026-08-03 14:50:11
669468,[Sakura Kanawo] spirit Shift! Ch. 1 (COMIC Penguin Club 2023-11 & 12) [Chinese] [Digital],[左倉かなを] spiritシフト! 第1話 (COMIC ペンギンクラブ 2023年11月12月合併号) [中国翻訳] [DL版],spirit Shift! Ch. 1,"translated, chinese",arsenal | sakura kanawo,,manga,,,"big breasts, cunnilingus, full censorship, nakadashi, ahegao, x-ray, multi-work series, sole female, sole male, very long hair, extraneous ads",27,2026-08-02 14:13:26,2026-08-02 14:13:26,2026-08-03 14:50:23
669469,[Sakura Kanawo] spirit Shift! Ch. 2 (COMIC Penguin Club 2023-11 & 12) [Chinese] [Digital],[左倉かなを] spiritシフト! 第2話 (COMIC ペンギンクラブ 2023年11月12月合併号) [中国翻訳] [DL版],spirit Shift! Ch. 2,"translated, chinese",arsenal | sakura kanawo,,manga,,,"big breasts, full censorship, masturbation, prostitution, nakadashi, ahegao, x-ray, multi-work series, fingering, dilf, blowjob, very long hair, extraneous ads",26,2026-08-02 14:15:17,2026-08-02 14:15:17,2026-08-03 14:50:35
669470,[Sakura Kanawo] spirit Shift! Ch. 3 (COMIC Penguin Club 2024-01) [Chinese] [Digital],[左倉かなを] spiritシフト! 第3話 (COMIC ペンギンクラブ 2024年1月号) [中国翻訳] [DL版],spirit Shift! Ch. 3,"translated, chinese",arsenal | sakura kanawo,,manga,,,"big breasts, full censorship, prostitution, nakadashi, ahegao, x-ray, defloration, multi-work series, dilf, blowjob, bbm, sole female, sole male, extraneous ads",27,2026-08-02 14:17:20,2026-08-02 14:17:20,2026-08-03 14:50:46
669471,[Sangria Kyuuden] Blind Shine #4 [Digital] (SCANMTL),[サングリア宮殿] ブラインドシャイン 第4話,Blind Shine #4,"english, translated",shin,sangria kyuuden,doujinshi,original,,"big breasts, scanmark, monster, big areolae, tentacles, sole female, dark sclera, horns, rough translation",32,2026-08-02 14:19:33,2026-08-02 14:19:33,2026-08-03 14:50:57
669472,[Mizumo Club (Mizushiro Takuya)] ROPER SLAYER ATHENA (Athena) [English] [SCANMTL] [Digital],[みずも倶楽部 (水城たくや)] ローパースレイヤー アテナ (アテナ) [英訳] [DL版],ROPER SLAYER ATHENA,"english, translated",mizushiro takuya,mizumo club,doujinshi,athena,,"futanari, big breasts, females only, scanmark, rape, tentacles, rough translation, penis enlargement, futanarization",23,2026-08-02 14:24:00,2026-08-02 14:24:00,2026-08-03 14:51:09
669473,[Kawana] Kongou Inka Side-R -Eedition- (Shinseiki Inma Seiden) [English] [SCANMTL] [Digital],[かわな] 金剛淫華 Side-R -Eedition- (新世紀淫魔聖伝) [英訳] [DL版],Kongou Inka Side-R -Eedition-,"english, translated",kawana,,doujinshi,shinseiki inma seiden,,"schoolgirl uniform, scanmark, tentacles, rough translation",66,2026-08-02 14:28:12,2026-08-02 14:28:12,2026-08-03 14:51:20
669474,"[Tanuki Company (Tanuki no Kawa)] Yumemiru Mama ni, Machi Itari (Arknights) [English] [SCANMTL]",[たぬきカンパニー (狸の皮)] 夢見るままに、待ち至り (アークナイツ) [英訳],"Yumemiru Mama ni, Machi Itari","english, translated",,,doujinshi,arknights,kaltsit,"futanari, bdsm, gag, piercing, sex toys, femdom, scanmark, bondage, yuri, catgirl, tentacles, kemonomimi, horns, rough translation",31,2026-08-02 14:30:19,2026-08-02 14:30:19,2026-08-03 14:51:34
669475,"[Hy-dou (Hyji)] Kinjo Yuuwaku Shiro Soubi Oba-san no Himeta,,, 4 - Honshou Hen | Neighborhood Seduction White Rose - The Aunt's Secret 4 - True Nature Arc [English]",[灰同 (灰司)] 白薔薇伯母さんの秘めた、、、4話  本性  編 [英訳],"Kinjo Yuuwaku Shiro Soubi Oba-san no Himeta,,, 4 - Honshou Hen | Neighborhood Seduction White Rose - The Aunt's Secret 4 - True Nature Arc","english, translated",hyji,hy-dou,doujinshi,original,,"milf, big breasts, bbw, cheating, condom, multi-work series, incest, aunt, cowgirl, sole female, sole male",43,2026-08-02 14:38:45,2026-08-02 14:38:45,2026-08-03 14:51:45
669476,Excel Saga finale commemorative book ENG,エクセル·サーガ終了記念本,Excel Saga finale commemorative book ENG,"english, translated",,rikudoukan,manga,excel saga,excel excel,,108,2026-08-02 14:45:50,2026-08-02 14:45:50,2026-08-03 14:51:56
669477,Anko x Naruto & Sasuke Manga [English],[5Nan] Mitarashi Anko Toujou-ji ni Touji no Dokusha ga Mousou shita de Arou Scene... (Naruto),Anko x Naruto & Sasuke Manga,"english, translated",5nan,,doujinshi,naruto,"anko mitarashi, naruto uzumaki, sasuke uchiha","no penetration, rough translation",10,2026-08-02 14:46:38,2026-08-02 14:46:38,2026-08-03 14:52:07
669478,[峰崎龍之介×しかげなぎ] ダンジョン暮らしの元勇者 第08巻,[峰崎龍之介×しかげなぎ] ダンジョン暮らしの元勇者 第08巻,ダンジョン暮らしの元勇者 第08巻,japanese,shikage nagi,,manga,,,"story arc, multi-work series, tankoubon",191,2026-08-02 14:58:35,2026-08-02 14:58:35,2026-08-03 14:52:19
669479,[Aoi Hoshi ni Umareta Dark Angel (Sabajiba Gonhachirou)] 歡迎來到！豐滿下流的精靈村落！1 爆乳未亡人編 [Chinese] [沒有漢化]  (Ongoing),[青い星に生まれたダークエンジェル (鯖磁場権八朗)] ようこそ！ムチムチドスケベなエルフの里へ！！1 爆乳未亡人編 [中国翻訳] (進行中),歡迎來到！豐滿下流的精靈村落！1 爆乳未亡人編,"translated, chinese",sabaziba gonpachiro,aoi hoshi ni umareta dark angel,doujinshi,original,,"elf, milf, big breasts, huge breasts, paizuri",33,2026-08-02 15:00:50,2026-08-02 15:00:50,2026-08-03 14:52:30
669480,[King] 被黏液玩弄的白丝巫女 White silk witch played with slime (SCANMTL),[King] 被黏液玩弄的白丝巫女 White silk witch played with slime,被黏液玩弄的白丝巫女 White silk witch played with slime,"english, translated",king,,doujinshi,original,,"gag, scanmark, bondage, bodysuit, tentacles, rough translation",13,2026-08-02 15:01:49,2026-08-02 15:01:49,2026-08-03 14:52:41
669481,[King] 除魔少女 Slayer Girl (SCANMTL),[King] 除魔少女 Slayer Girl,除魔少女 Slayer Girl,"english, translated",king,,doujinshi,original,,"gag, schoolgirl uniform, living clothes, scanmark, bondage, tentacles, rough translation",24,2026-08-02 15:03:23,2026-08-02 15:03:23,2026-08-03 14:52:52
669482,[King] 紧身衣战斗服美女 Tights battle suit beauty (SCANMTL),[King] 紧身衣战斗服美女 Tights battle suit beauty,紧身衣战斗服美女 Tights battle suit beauty,"english, translated",king,,doujinshi,original,,"gag, scanmark, bondage, bodysuit, tentacles, rough translation",36,2026-08-02 15:05:48,2026-08-02 15:05:48,2026-08-03 14:53:03
669483,[L.I.R (Shooter)] Machuu no Maga Kanan Naedoko Hen (Love Live! Sunshine!!) [English] [SCANMTL],[L.I.R (シューター)] 魔虫の禍 果南苗床篇 (ラブライブ! サンシャイン!!) [英訳],Machuu no Maga Kanan Naedoko Hen,"english, translated",shooter,l.i.r,doujinshi,"love live, love live sunshine",kanan matsuura,"big breasts, nakadashi, anal, scanmark, monster, x-ray, double penetration, mind break, impregnation, tentacles, rough translation",38,2026-08-02 15:08:31,2026-08-02 15:08:31,2026-08-03 14:53:15
669484,[8aki-ya (8aki)] Marisa Shokushu 1 (Touhou Project) [English] [SCANMTL] [Digital],[8aki屋 (8aki)] 魔理沙触手 1 (東方Project) [英訳] [DL版],Marisa Shokushu 1,"english, translated",8aki,,doujinshi,touhou project,marisa kirisame,"scanmark, bondage, tentacles, sole female, rough translation, nipple stimulation",22,2026-08-02 15:10:18,2026-08-02 15:10:18,2026-08-03 14:53:27
669485,(C106) [8aki-ya (8aki)] Tenshokushi (Touhou Project) [English] [SCANMTL],(C106) [8aki屋 (8aki)] 天触漬 (東方Project) [英訳],Tenshokushi,"english, translated",8aki,,doujinshi,touhou project,tenshi hinanai,"nakadashi, scanmark, lolicon, tentacles, sole female, rough translation",26,2026-08-02 15:15:41,2026-08-02 15:15:41,2026-08-03 14:53:39
669486,[8aki-ya (8aki)] 8EYK01: [Shokushu Hashira] [English] [SCANMTL],[8aki屋 (8aki)] 8EYK01:[触手柱] [英訳],8EYK01:,"english, translated",8aki,,doujinshi,original,,"nakadashi, anal, scanmark, lolicon, multi-work series, double penetration, tentacles, sole female, rough translation",26,2026-08-02 15:20:56,2026-08-02 15:20:56,2026-08-03 14:53:50
669487,[8aki-ya (8aki)] 8EYK02 [Hashira Kotei 1] [English] [SCANMTL] [Digital],[8aki屋 (8aki)] 8EYK02[柱固定1] [英訳] [DL版],8EYK02,"english, translated",8aki,,doujinshi,original,,"torture, scanmark, bondage, multi-work series, fingering, sole female, rough translation",20,2026-08-02 15:22:23,2026-08-02 15:22:23,2026-08-03 14:54:01
669488,[8aki-ya (8aki)] 8EYK03 [Hashira Kotei 2] [English] [SCANMTL] [Digital],[8aki屋 (8aki)] 8EYK03[柱固定2] [英訳] [DL版],8EYK03,"english, translated",8aki,,doujinshi,original,,"gag, sex toys, scanmark, bondage, multi-work series, sole female, rough translation",22,2026-08-02 15:24:02,2026-08-02 15:24:02,2026-08-03 14:54:13
669489,[8aki-ya (8aki)] 8EYK04 [Hashira Kotei 3] [English] [SCANMTL] [Digital],[8aki屋 (8aki)] 8EYK04[柱固定3] [英訳] [DL版],8EYK04,"english, translated",8aki,,doujinshi,original,,"electric shocks, anal, sex toys, scanmark, bondage, multi-work series, sole female, rough translation, nipple stimulation",26,2026-08-02 15:26:00,2026-08-02 15:26:00,2026-08-03 14:54:24
669490,[8aki-ya (8aki)] 8EYK05 [Isu Baku 1] [English] [SCANMTL] [Digital],[8aki屋 (8aki)] 8EYK05[椅子縛1] [英訳] [DL版],8EYK05,"english, translated",8aki,,doujinshi,original,,"scanmark, bondage, multi-work series, fingering, shibari, sole female, rough translation",22,2026-08-02 15:27:41,2026-08-02 15:27:41,2026-08-03 14:54:36
669491,[boomdragonkid] NARUKO 4 (Naruto),,NARUKO 4,japanese,boomdragonkid,,doujinshi,boruto,"naruto uzumaki, boruto uzumaki","big breasts, shemale, full color, incest, gender change",43,2026-08-02 15:35:31,2026-08-02 15:35:31,2026-08-03 14:54:47
669492,[For Us (Yonjiri)] Usagi no Senobi (Blue Archive) [Chinese] [Digital],[ふぉーあす (よんじり)] 兎の背伸び (ブルーアーカイブ) [中国翻訳] [DL版],Usagi no Senobi,"translated, chinese",yonjiri,for us,doujinshi,blue archive,"sensei, miyako tsukiyuki","swimsuit, nakadashi, sole female, sole male, ponytail, rough translation, halo",32,2026-08-02 15:37:42,2026-08-02 15:37:42,2026-08-03 14:54:58
669493,[Tsukako] Kawaikute Shikata ga Nai! - Cute! Cute! So Cute!! (Suki Sugite Shikata ga Nai!) [Chinese] [山嵐个人汉化] [Digital],[つかこ] かわいくてしかたがない! (好きすぎてしかたがない!) [中国翻訳] [DL版],Kawaikute Shikata ga Nai! - Cute! Cute! So Cute!!,"translated, chinese",tsukako,,manga,,,"big breasts, demon girl, cosplaying, gyaru",25,2026-08-02 15:39:29,2026-08-02 15:39:29,2026-08-03 14:55:10
669494,[boomdragonkid] NARUKO 4 (Naruto) [Chinese],,NARUKO 4,chinese,boomdragonkid,,doujinshi,,fourth raikage,"big breasts, shemale, full color, gender change",44,2026-08-02 15:42:38,2026-08-02 15:42:38,2026-08-03 14:55:22
669495,"[AKIHARU Nobita]Ai Nante, Inma mo Kuwanai.︱爱情，连淫魔都不稀罕。 [Chinese][1-6][完]",[アキハルノビタ] 愛なんて、淫魔も喰わない︱愛情，連淫魔都不稀罕。 [Chinese][1-6][完],"Ai Nante, Inma mo Kuwanai.︱爱情，连淫魔都不稀罕。","translated, chinese",,,manga,,,"handjob, anal, crossdressing, males only, tankoubon, yaoi, watermarked, anal intercourse",150,2026-08-02 15:51:15,2026-08-02 15:51:15,2026-08-03 14:55:33
669496,[Yumaho] Buchigire hyōhen shinpu ni yoru zako akuma → inma-ka asobi︱暴怒突变神父的杂鱼恶魔→淫魔化游戏 [Chinese][全1话],[ゆうまほ] ブチギレ豹変神父によるザコ悪魔→淫魔化あそび︱暴怒突变神父的杂鱼恶魔→淫魔化游戏 [Chinese][全1话],Buchigire hyōhen shinpu ni yoru zako akuma → inma-ka asobi︱暴怒突变神父的杂鱼恶魔→淫魔化游戏,"translated, chinese",,,doujinshi,original,,"big breasts, big nipples, big ass, nakadashi, anal, big balls, x-ray, males only, yaoi, demon, muscle, big penis, watermarked, horns, anal intercourse, big muscles, nipple stimulation",36,2026-08-02 15:53:35,2026-08-02 15:53:35,2026-08-03 14:55:44
669497,"[Isono Funa] Nyotakyaba! Nyotaika Kyabajou-kun, Koi wo Shiru︱女体酒店！～女体化公关男孩，开始懂恋爱～ [Chinese][1-6][完]",[磯野フナ] にょたきゃば！～女体化キャバ嬢くん、恋を知る︱女體酒店！～女體化公關男孩，開始懂戀愛～ [Chinese][1-6][完],"Nyotakyaba! Nyotaika Kyabajou-kun, Koi wo Shiru︱女体酒店！～女体化公关男孩，开始懂恋爱～","translated, chinese",,,manga,,,"kissing, uncensored, anal, multi-work series, tankoubon, yaoi, blowjob, watermarked, anal intercourse, gender change",150,2026-08-02 16:02:00,2026-08-02 16:02:00,2026-08-03 14:55:56
669498,[Makoto Tateno]Kenshuui wa Koakuma to Odoru︱与小恶魔共舞的实习医生 [Chinese][全1卷],[立野真琴] 研修医は小悪魔と踊る︱与小恶魔共舞的实习医生 [Chinese][全1卷],Kenshuui wa Koakuma to Odoru︱与小恶魔共舞的实习医生,"translated, chinese",,,manga,,,"males only, tankoubon, yaoi, watermarked",171,2026-08-02 16:12:50,2026-08-02 16:12:50,2026-08-03 14:56:09
669499,[Amatani Haruka] IF: A Story About a World Where You Can Plant Seeds with Your Neighbors — The Classmate’s Mother Edition [English][CharlesWHITE],[アマタニハルカ] IF:ご近所様に種まきできる世界線の話 〜同級生の母親編〜 [英訳],IF: A Story About a World Where You Can Plant Seeds with Your Neighbors — The Classmate’s Mother Edition,"english, translated",amatani haruka,,doujinshi,original,,"handjob, milf, kissing, big breasts, big ass, nakadashi, paizuri, mosaic censorship, blowjob, rough translation",116,2026-08-02 16:20:02,2026-08-02 16:20:02,2026-08-03 14:56:20
669500,[AKIHARU Nobita] Boku ga Geibi Danyuu ni Natta Riyuu.︱单蠢直男的G片初体验。 [Chinese][1-3][完],[アキハルノビタ] 僕がゲイビ男優になった理由。︱单蠢直男的G片初体验。 [Chinese][1-3][完],Boku ga Geibi Danyuu ni Natta Riyuu.︱单蠢直男的G片初体验。,"translated, chinese",,,doujinshi,original,,"handjob, anal, multi-work series, males only, tankoubon, yaoi, blowjob, watermarked, anal intercourse",178,2026-08-02 16:30:03,2026-08-02 16:30:03,2026-08-03 14:56:31
669501,んなぎんぐ,,んなぎんぐ,japanese,,,doujinshi,original,,"scat, farting, facesitting, rimjob, imageset",24,2026-08-02 16:31:43,2026-08-02 16:31:43,2026-08-03 14:56:43
669502,[boomdragonkid] 只野さんは♂ ♀症です。2 (古見さんは、コミュ症です。) [English],[boomdragonkid] 只野さんは♂ ♀症です。2 (古見さんは、コミュ症です。),只野さんは♂ ♀症です。2,english,boomdragonkid,,doujinshi,komi-san wa komyushou desu.,hitohito tadano,"piercing, shemale, full color, yaoi, feminization, male on dickgirl",46,2026-08-02 16:34:57,2026-08-02 16:34:57,2026-08-03 14:56:54
669503,[潮里潤(鳥皮うめえ)] 気の強い村娘が最強勇者に身体でわからせられる話 １章【完】＋α,[潮里潤(鳥皮うめえ)] 気の強い村娘が最強勇者に身体でわからせられる話 １章【完】＋α,気の強い村娘が最強勇者に身体でわからせられる話 １章【完】＋α,japanese,,,manga,,,"big breasts, cunnilingus, glasses, story arc, defloration, multi-work series, muscle, collar",125,2026-08-02 16:42:55,2026-08-02 16:42:55,2026-08-03 14:57:08
669504,[boomdragonkid] 只野さんは♂ ♀症です。2 (古見さんは、コミュ症です。),[boomdragonkid] 只野さんは♂ ♀症です。2 (古見さんは、コミュ症です。),只野さんは♂ ♀症です。2,japanese,boomdragonkid,,doujinshi,komi-san wa komyushou desu.,hitohito tadano,"shemale, full color",46,2026-08-02 16:46:14,2026-08-02 16:46:14,2026-08-03 14:57:19
669505,[Tonkotsu Fuumi (Poncocchan)] Soen ni Natteta Osananajimi ga Okuchi Onaho Gayoi Shite Kuru Mikkakan | Three Days Treating My Estranged Friend As An Oral Fuckhole [English] [A Little Someone's Dummy] [Decensored] [Digital],[とんこつふうみ (ぽんこっちゃん)] 疎遠になってた幼馴染がお口オナホ通いしてくる三日間 [英訳] [無修正] [DL版],Soen ni Natteta Osananajimi ga Okuchi Onaho Gayoi Shite Kuru Mikkakan | Three Days Treating My Estranged Friend As An Oral Fuckhole,"english, translated",poncocchan,tonkotsu fuumi,doujinshi,original,,"big breasts, emotionless sex, uncensored, tall man, blowjob face, gokkun, hotpants, blowjob, big penis, deepthroat, sole female, sole male, no penetration, focus blowjob, mesuiki, crying",51,2026-08-02 16:49:27,2026-08-02 16:49:27,2026-08-03 14:57:30
669506,[Gakispark] デュエル・バニーガール 019 中文,,デュエル・バニーガール 019 中文,chinese,gakispark,,doujinshi,original,,twintails,58,2026-08-02 16:53:21,2026-08-02 16:53:21,2026-08-03 14:57:42
669507,[boomdragonkid] NARUKO 4 (Naruto) [English],,NARUKO 4,english,boomdragonkid,,doujinshi,,"naruto uzumaki, boruto uzumaki","big breasts, father, shemale, full color, incest, lingerie, blowjob, shotacon, crotch tattoo, small penis, anal intercourse, gender change",44,2026-08-02 17:01:53,2026-08-02 17:01:53,2026-08-03 14:57:53
669508,[boomdragonkid] 只野さんは♂ ♀症です。2 [Chinese],[boomdragonkid] 只野さんは♂ ♀症です。2,只野さんは♂ ♀症です。2,chinese,boomdragonkid,,doujinshi,komi-san wa komyushou desu.,hitohito tadano,"shemale, full color",46,2026-08-02 17:05:04,2026-08-02 17:05:04,2026-08-03 14:58:04
669509,[Karasunaba (Chiyozaki)] Baka de Yowakute Buzama demo︱愚笨软弱难堪又如何 [Chinese][上卷],[カラスナバ (千代崎)] バカで弱くて無様でも︱即便愚笨弱小悲慘如我 [Chinese][上卷],Baka de Yowakute Buzama demo︱愚笨软弱难堪又如何,"translated, chinese",,,manga,,,"handjob, uncensored, anal, multi-work series, males only, tankoubon, yaoi, blowjob, muscle, watermarked",195,2026-08-02 17:16:50,2026-08-02 17:16:50,2026-08-03 14:58:16
669510,[Karasunaba (Chiyozaki)] Baka de Yowakute Buzama demo︱愚笨软弱难堪又如何 [Chinese][下卷][完],[カラスナバ (千代崎)] バカで弱くて無様でも︱即便愚笨弱小悲慘如我 [Chinese][下卷][完],Baka de Yowakute Buzama demo︱愚笨软弱难堪又如何,"translated, chinese",,,manga,,,"handjob, uncensored, anal, multi-work series, males only, tankoubon, yaoi, blowjob, watermarked, anal intercourse",245,2026-08-02 17:31:16,2026-08-02 17:31:16,2026-08-03 14:58:27
669511,[Seres Ryu]夜の美少女戦士[Chinese],[セレス龍]夜の美少女戦士[中国翻訳],夜の美少女戦士,"translated, chinese",seres ryu,,doujinshi,original,,"futanari, big breasts, corruption, magical girl, living clothes, nakadashi, ahegao, bondage, demon girl, dark skin, yuri, x-ray, fft threesome, defloration, mind control, stockings, mind break, rape, blowjob, big penis, tentacles, dickgirl on dickgirl, ponytail, twintails, horns, fishnets, large tattoo, drill hair, rough translation, penis enlargement, futanarization",357,2026-08-02 18:35:32,2026-08-02 18:35:32,2026-08-03 14:58:38
669512,[Gakispark] デュエル・バニーガール 019 ENG,,デュエル・バニーガール 019 ENG,english,gakispark,,doujinshi,original,,"bondage, full color",58,2026-08-02 18:39:54,2026-08-02 18:39:54,2026-08-03 14:58:50
669513,[Inaka no Keshin] Mono Kasaseru Te 2 [English] [Morally Bankrupt Wizard Translations],[田舎の化身] 物化させる手2 [英訳],Mono Kasaseru Te 2,"english, translated",inaka no keshin,,doujinshi,original,,"kissing, forniphilia, humiliation, schoolgirl uniform, mind control, multi-work series, incest, sole male, no penetration, forced exposure",9,2026-08-02 18:41:59,2026-08-02 18:41:59,2026-08-03 14:59:01
669514,"[Hyoui Lover (vel)] Blue Archive Slime Fusion Takeover - Yuuka & Noah Arc (Blue Archive) [Japanese, English]","[憑依ラヴァー (vel)] ブルアカ スライム融合乗っ取り ユウカ＆ノア編 (ブルーアーカイブ) [日本語, 英語]",Blue Archive Slime Fusion Takeover - Yuuka & Noah Arc,"japanese, english",vel,hyoui lover,doujinshi,blue archive,,"big breasts, masturbation, absorption, slime girl, yuri, possession, rape, halo",60,2026-08-02 18:53:09,2026-08-02 18:53:09,2026-08-03 14:59:12
669515,[Hyoui Lover (vel)] Blue Archive Slime Fusion Takeover - Yuuka & Noah Arc (Blue Archive) [Chinese] [CE汉化组],[憑依ラヴァー (vel)] ブルアカ スライム融合乗っ取り ユウカ＆ノア編 (ブルーアーカイブ) [中国翻訳],Blue Archive Slime Fusion Takeover - Yuuka & Noah Arc,"translated, chinese",vel,hyoui lover,doujinshi,blue archive,,possession,30,2026-08-02 18:55:06,2026-08-02 18:55:06,2026-08-03 14:59:23
669516,[榊歌丸] ヤリログ（Chinese）【更新中】,,ヤリログ（Chinese）【更新中】,"translated, chinese",sakaki utamaru,,manga,,,"milf, big breasts, old man, pregnant, group, ffm threesome, bbm, bald, ponytail",164,2026-08-02 19:05:24,2026-08-02 19:05:24,2026-08-03 14:59:35
669517,[チバトシロウ] アクメ（Chinese）,,アクメ（Chinese）,"translated, chinese",chiba toshirou,,manga,,,"big breasts, group, ahegao, stockings",176,2026-08-02 19:15:58,2026-08-02 19:15:58,2026-08-03 14:59:46
669518,[Uwa Bami] ONNAtachi [Chinese] [Digital],[卯和馬実] 女肉たち [中国翻訳] [DL版],ONNAtachi,"translated, chinese",uwa bami,,manga,,,"milf, sweating, virginity, big breasts, glasses, big ass, cheating, huge breasts, incest, aunt, big areolae, drunk, mosaic censorship",214,2026-08-02 19:56:33,2026-08-02 19:56:33,2026-08-03 14:59:57
669519,[Tempura Dozaemon] Tsureshon de Mebaeru Ryou Omoi ~Tada no Otonari-san Datta Onnanoko to Ecchi shichau made no Ohanashi~ [Chinese] [Digital],[灼熱ゴリラの戻し汁 (天ぷら土左衛門)] 連れションで芽生える両想い♡〜ただのお隣さんだった女の子とエッチしちゃうまでのお話〜 [中国翻訳] [DL版],Tsureshon de Mebaeru Ryou Omoi ~Tada no Otonari-san Datta Onnanoko to Ecchi shichau made no Ohanashi~,"translated, chinese",tempura dozaemon,,doujinshi,original,,"masturbation, urination, solo action, sole female, sole male",52,2026-08-02 19:59:49,2026-08-02 19:59:49,2026-08-03 15:00:09
669520,[Tamarun] Kei-chan 0.2 | 凯伊酱0.2 (Blue Archive) [Chinese] [欶澜汉化组],[タマラン] ケイちゃん0.2 (ブルーアーカイブ) [中国翻訳],Kei-chan 0.2 | 凯伊酱0.2,"translated, chinese",tamarun,,doujinshi,blue archive,kei tendou,"kissing, onahole, schoolgirl uniform, sex toys, lolicon, stockings, ball sucking, blowjob",9,2026-08-02 20:01:54,2026-08-02 20:01:54,2026-08-03 15:00:20
669521,[菊門座 (それなりの石)] 特殊交易品の持ち込みがバレて押収されちゃうミヨ本,[菊門座 (それなりの石)] 特殊交易品の持ち込みがバレて押収されちゃうミヨ本 (ブルーアーカイブ) [DL版],特殊交易品の持ち込みがバレて押収されちゃうミヨ本,japanese,sorenari no ishi,kikumonza,doujinshi,blue archive,miyo sakurai,"gag, schoolgirl uniform, anal, sex toys, gaping, fisting, focus anal, halo, object insertion only",32,2026-08-02 20:04:06,2026-08-02 20:04:06,2026-08-03 15:00:31
669522,[Kazepana] P-katsu Ruby-chan (Love Live! Sunshine!!)[Chinese],[かぜぱな] P活ルビィちゃん (ラブライブ! サンシャイン!!)[中国翻译],P-katsu Ruby-chan,"translated, chinese",kazepana,,doujinshi,love live sunshine,ruby kurosawa,"prostitution, nakadashi, defloration, blowjob, sole female, twintails, rough translation",15,2026-08-02 20:05:16,2026-08-02 20:05:16,2026-08-03 15:00:43
669523,ヤヴァイ２,ヤヴァイ２,ヤヴァイ２,japanese,yamada tarou,oilan,doujinshi,original,,"group, netorare, anal, multi-work series, double penetration",45,2026-08-02 20:08:17,2026-08-02 20:08:17,2026-08-03 15:00:54
669524,[Lithium no Kojin Circle (Lithium)] Tanaka-kun ga Bangaihen 5,[Lithiumの個人サークル (Lithium)] 「田中くんが～」番外編5 [DL版],Tanaka-kun ga Bangaihen 5,"translated, chinese",lithium,lithium no kojin circle,doujinshi,original,,"group, netorare, urination, anal, kimono, brother, lolicon, incest, sister, shotacon, rough translation, netorase, kodomo doushi, kodomo only",82,2026-08-02 20:22:31,2026-08-02 20:22:31,2026-08-03 15:01:06
669525,[Yaminabe] Roshutsu | Exhibitionism (Shoujo Kumikyoku 26) [Chinese] [一串字母个人汉化],[やみなべ] ろ出 (少女組曲 26) [中国翻訳],Roshutsu | Exhibitionism,"translated, chinese",yaminabe | krogarasu,,manga,,,"lolicon, exhibitionism, stockings, sole female, eye-covering bang",25,2026-08-02 20:27:00,2026-08-02 20:27:00,2026-08-03 15:01:18
669526,[Matsuyoshi] A story about joining in on a friend's family sex.,[松吉] 家族セックスをする友達に混ぜてもらう話,A story about joining in on a friend's family sex.,"translated, chinese",,,doujinshi,original,,"milf, group, mother, incest, lactation, sister, daughter, rough translation",42,2026-08-02 20:34:41,2026-08-02 20:34:41,2026-08-03 15:01:29
669527,Dick Fish in One Piece,HoneyBread tela the Fishwoman(One Piece),Dick Fish in One Piece,"translated, chinese",honeybread,,doujinshi,one piece,,"big breasts, monster girl, shemale, full color, big penis",7,2026-08-02 20:35:27,2026-08-02 20:35:27,2026-08-03 15:01:40
669528,[Houkago Highball Land (Natin)] Doki!? Futarikkiri no Ofukai ni Arawareta Shoujo[Chinese],[放課後ハイボールランド (なてぃん)] ドキッ？二人っきりのオフ会に現れた少女[中国翻译],Doki!? Futarikkiri no Ofukai ni Arawareta Shoujo,"translated, chinese",natin,houkago highball land,doujinshi,original,,"lolicon, sole female, sole male, rough translation",17,2026-08-02 20:38:44,2026-08-02 20:38:44,2026-08-03 15:01:52
669529,[Sekki Kettle Jidai (Sekki Kettle)] Mori Holo 2 - Nikutai Kaizou Sennou Tanpen,[石器ケトル時代 (石器ケトル)] 盛ホロ２ - 肉体改造洗脳短編,Mori Holo 2 - Nikutai Kaizou Sennou Tanpen,japanese,sekki kettle,sekki kettle jidai,doujinshi,hololive,"ookami mio, murasaki shion, minato aqua, shirogane noel, houshou marine, sakura miko, usada pekora, amane kanata, shirakami fubuki, yukihana lamy, hoshimachi suisei, nakiri ayame, laplus darknesss, sakamata chloe, tokoyami towa, hakui koyori, kazama iroha, momosuzu nene, azki","futanari, oni, big breasts, witch, body modification, ahegao, huge breasts, mind control, breast expansion, lactation, mosaic censorship, kemonomimi, horns, vtuber, futanarization",39,2026-08-02 20:41:23,2026-08-02 20:41:23,2026-08-03 15:02:05
669530,[Ujimu] Kimi wa Zutto Osananajimi [Chinese],[うじむ] きみはずっと幼馴染 [中国翻訳],Kimi wa Zutto Osananajimi,"translated, chinese",ujimu,,doujinshi,original,,"kissing, big breasts, netorare, big ass, schoolgirl uniform, breast feeding, condom, nakadashi, x-ray, defloration, paizuri, blowjob, muscle, sole female, sole male, nipple stimulation, extraneous ads",68,2026-08-02 20:45:38,2026-08-02 20:45:38,2026-08-03 15:02:16
669531,[Kuroto] Gal Mama to Pakopako SEX ~ Hitozuma no Chouzetsu Tech ni Majiiki Zecchou! Ch. 24-51,[黒斗] ギャルママとパコパコSEX～人妻の超絶テクにマジイキ絶頂！第24~51話,Gal Mama to Pakopako SEX ~ Hitozuma no Chouzetsu Tech ni Majiiki Zecchou! Ch. 24-51,japanese,kuroto,,manga,,,"squirting, inseki, milf, kissing, big breasts, cunnilingus, group, glasses, story arc, masturbation, cheating, urination, facesitting, nakadashi, ahegao, anal, sex toys, ffm threesome, harem, hairy, cousin, yuri, full color, multi-work series, incest, stockings, rimjob, gyaru, paizuri, fingering, mosaic censorship, inverted nipples, blowjob, tribadism, sole male, bisexual, ponytail, anal intercourse",699,2026-08-02 22:54:28,2026-08-02 22:54:28,2026-08-03 15:02:28
669532,星界之王：虽被判定为下级勇者，但我照样打造女仆后宫,,星界之王：虽被判定为下级勇者，但我照样打造女仆后宫,"translated, chinese",,,manga,,,rough translation,205,2026-08-02 23:07:43,2026-08-02 23:07:43,2026-08-03 15:02:39
669533,[Piyuku no Buta (Pi)] Hitozuma wa Yasetakatta dake [Chinese],[ぴゆくのぶた (ぴ)] 人妻は痩せたかっただけ [中国翻訳],Hitozuma wa Yasetakatta dake,"translated, chinese",pi,piyuku no buta,doujinshi,original,,"milf, big breasts, gymshorts, netorare, cheating, coach, nakadashi, ahegao, hairy, mosaic censorship, blowjob, sole female, sole male, extraneous ads",50,2026-08-02 23:10:51,2026-08-02 23:10:51,2026-08-03 15:02:51
669534,[Yeast House (Pan Koojo)] Elf to Warui Kusuri. - Elves and Bad Medicine [Chinese] [tuna2021],[いーすとはうす (パン☆工場)] エルフと悪い薬。 [中国翻訳],Elf to Warui Kusuri. - Elves and Bad Medicine,"translated, chinese",pan koojo,yeast house,doujinshi,original,,"futanari, elf, masturbation, cheating, lolicon, full color, multi-work series, incest, paizuri, sister, full-packaged futanari, dickgirl on female, futanarization",40,2026-08-02 23:18:36,2026-08-02 23:18:36,2026-08-03 15:03:02
669535,[Rip@Lip (Mizuhara Yuu)] Gimai ga Gal-ka shita node Kossori Seikyouiku | 對辣妹化的繼妹進行性教育 [Chinese],[Rip@Lip (水原優)] 義妹がギャル化したのでコッソリ性教育 [中国翻訳],Gimai ga Gal-ka shita node Kossori Seikyouiku | 對辣妹化的繼妹進行性教育,"translated, chinese",mizuhara yuu,rip at lip,doujinshi,original,,"handjob, kissing, big breasts, onahole, schoolgirl uniform, nakadashi, sex toys, footjob, defloration, full color, tanlines, gyaru, mosaic censorship, sister, blowjob, collar, sole male, beauty mark, eye-covering bang, painted nails",120,2026-08-02 23:25:51,2026-08-02 23:25:51,2026-08-03 15:03:13
669536,[Kimura Rongaku] Kunoichi n Shi [Chinese] [無患之子],[木村論学] くのいちん肆 (中国翻訳),Kunoichi n Shi,"translated, chinese",,kimura rongaku,doujinshi,original,,"futanari, handjob, big breasts, masturbation, ahegao, femdom, multi-work series, small breasts, voyeurism, blowjob, kunoichi, sole female, gloves, no penetration, very long hair, mesuiki, multiple orgasms, nipple stimulation",33,2026-08-02 23:28:06,2026-08-02 23:28:06,2026-08-03 15:03:24
669537,[Kimura Rongaku] Kunoichi n kan [Chinese] [夜戦玖百回],[木村論学] くのいちん完 [中国翻訳],Kunoichi n kan,"translated, chinese",,kimura rongaku,doujinshi,original,,"futanari, sweating, kissing, big breasts, netorare, masturbation, nakadashi, ahegao, femdom, multi-work series, stockings, orgasm denial, small breasts, saliva, voyeurism, kunoichi, sole female, ponytail, gloves, mesuiki, eye-covering bang, multiple orgasms, nipple stimulation, dickgirl on female",32,2026-08-02 23:30:13,2026-08-02 23:30:13,2026-08-03 15:03:35
669538,[Alfre-Tori] Heroine Profile⑨[Chinese] [狼姫个人汉化],[あるふれっ鸟] ヒロインプロフィール⑨[中国翻訳],Heroine Profile⑨,"translated, chinese",alfre-tori,,doujinshi,original,,"demon girl, shemale, fft threesome, mind control, multi-work series, gender change",24,2026-08-02 23:31:58,2026-08-02 23:31:58,2026-08-03 15:03:47
669539,[thirty8ght] Jinkaku Haisetsu Subaru and Saori |  (Blue Archive),すばるとさおり(15p),Jinkaku Haisetsu Subaru and Saori |,japanese,38 | thirty8ght,,doujinshi,blue archive,"sensei, saori joumae, subaru kakehashi","big breasts, group, big ass, body swap, ahegao, anal, sex toys, ffm threesome, hairy, big areolae, gaping, low scat, personality excretion",30,2026-08-02 23:34:05,2026-08-02 23:34:05,2026-08-03 15:03:58
669540,[Hyoui Lover (Niko)] Wife Possession Treatment (Hyoui Catalog Vol. 2 ~Onna no Karada o Nottorimakuru Anthology~) [English] [GTF],,Wife Possession Treatment,"english, translated",niko,hyoui lover,doujinshi,original,,"big breasts, glasses, nakadashi, possession, sole female, sole male, beauty mark, gender change",13,2026-08-02 23:35:14,2026-08-02 23:35:14,2026-08-03 15:04:10
669541,[Tarobaumu] Tsukino Shizue (39) Erogaki no Dorei Onaho ni Sareta Ikkagetsukan no Choukyou Kiroku | 月野静江(39)被色狼小鬼當成奴隸飛機杯用的一個月間的調教記錄 [Chinese],[たろバウム] 月野静江(39)エロガキの奴隷オナホにされた一か月間の調教記録 [中国翻訳],Tsukino Shizue (39) Erogaki no Dorei Onaho ni Sareta Ikkagetsukan no Choukyou Kiroku | 月野静江(39)被色狼小鬼當成奴隸飛機杯用的一個月間的調教記錄,"translated, chinese",,tarobaumu,doujinshi,original,,"squirting, milf, big breasts, piercing, spanking, bbw, netorare, story arc, enema, pasties, nakadashi, ahegao, anal, sex toys, blowjob face, bikini, exhibitionism, masked face, stockings, cowgirl, gokkun, mermaid, filming, blackmail, inverted nipples, blowjob, collar, body writing, shotacon, deepthroat, beauty mark, fishnets, leash, smalldom, butt plug",129,2026-08-02 23:59:04,2026-08-02 23:59:04,2026-08-03 15:04:21
669542,(C95) [Kitsune to Budou (Kurona)] Tanoshii ne Sado Kyouiku | Fun Sado Education (Kantai Collection -KanColle-) [English],(C95) [きつねとぶどう (くろな)] たのしいねさどきょういく (艦隊これくしょん -艦これ-) [英訳],Tanoshii ne Sado Kyouiku | Fun Sado Education,"english, translated",kurona,kitsune to budou,doujinshi,kantai collection,sado,"schoolgirl uniform, lolicon, pantyhose, rape, dilf, sole female, sole male, rough translation",22,2026-08-03 00:03:12,2026-08-03 00:03:12,2026-08-04 14:00:20
669543,[LBL] Loli Baba Okaa-san wa Oshi ni Yowai 8 [Chinese] [潇洒个人汉化&無修loli重嵌] [Digital] [Decensored] [69P],[LBL] ロリババお義母さんは押しに弱い8 [中国翻訳] [無修正] [DL版],Loli Baba Okaa-san wa Oshi ni Yowai 8,"translated, chinese",lbl,,doujinshi,original,,"inseki, uncensored, cervix penetration, anal, blowjob face, mother, lolicon, multi-work series, inflation, incest, ball sucking, blowjob, big penis, fox girl, sole male, kemonomimi, cumflation, focus anal, anal intercourse",69,2026-08-03 00:15:53,2026-08-03 00:15:53,2026-08-04 14:00:31
669544,"[Izumo Gasshuukoku (Momomo Gasshuukoku)] Ochinchin ga Haeta node Harem Tsukucchaimashita! | I Grew A Dick, So I Made A Harem! [Chinese] [AI Translation]",[いづも合衆国 (ももも合衆国)] おちんちんが生えたのでハーレム作っちゃいました! [中国翻訳],"Ochinchin ga Haeta node Harem Tsukucchaimashita! | I Grew A Dick, So I Made A Harem!","translated, chinese",momomo gasshuukoku,izumo gasshuukoku,doujinshi,original,,"futanari, pregnant, group, harem, lolicon, full color, impregnation, sole dickgirl, rough translation, vaginal birth, full-packaged futanari",73,2026-08-03 00:29:33,2026-08-03 00:29:33,2026-08-04 14:00:42
669545,[Mentsukidou (Shimuro)] Gran and Shemale Silva (Granblue Fantasy) [English],団長とシーメールシルヴァのホモセ,Gran and Shemale Silva,"english, translated",shimuro itaru,,doujinshi,granblue fantasy,"silva, gran","big breasts, anal, scanmark, shemale, male on dickgirl, sole dickgirl, rough translation, futanarization",7,2026-08-03 00:30:18,2026-08-03 00:30:18,2026-08-04 14:00:54
669546,(C107) [Anmitsuyomogitei (Michiking)] Succubus Seitokai Shiko Shiko Shikkoubu 3.5 -Katsudou Kiroku- | Succubus Student Council Milking Club 3.5 -Activity Records- [English] [Rirare Translations],(C107) [あんみつよもぎ亭 (みちきんぐ)] サキュバス性徒会シコシコ執行部3.5 -活動記録- [英訳],Succubus Seitokai Shiko Shiko Shikkoubu 3.5 -Katsudou Kiroku- | Succubus Student Council Milking Club 3.5 -Activity Records-,"english, translated",michiking,anmitsuyomogitei,doujinshi,original,,"wings, big breasts, demon girl, multi-work series, horns, very long hair",27,2026-08-03 00:32:06,2026-08-03 00:32:06,2026-08-04 14:01:05
669547,夫婦とヤヴァイ奴らと学生と 伊香保温泉編,夫婦とヤヴァイ奴らと学生と 伊香保温泉編,夫婦とヤヴァイ奴らと学生と 伊香保温泉編,chinese,,,doujinshi,original,,"netorare, dark skin, tanlines, sole female, onsen",8,2026-08-03 00:32:52,2026-08-03 00:32:52,2026-08-04 14:01:16
669548,[Nyantaro (Naotaro)] Jinmensou (Hetalia Axis Powers) [Web Sairoku],[Nyantaro (なおたろう)] 人面瘡 (ヘタリア Axis Powers) [WEB再録],Jinmensou,japanese,,,doujinshi,axis powers hetalia,"spain, england","males only, yaoi",23,2026-08-03 00:34:19,2026-08-03 00:34:19,2026-08-04 14:02:29
669549,[Atsu (Ueda Niku)] Renai Miman (Hetalia Axis Powers),[あつ (上田にく)] Renai Miman (ヘタリア Axis Powers),Renai Miman,japanese,ueda niku,,doujinshi,axis powers hetalia,"spain, england","males only, yaoi",28,2026-08-03 00:36:11,2026-08-03 00:36:11,2026-08-04 14:02:41
669550,[Osova (Sovayu)] Jounetsu Tairiku (Hetalia Axis Powers),[おそば (そば湯)] 情熱大陸 (ヘタリア Axis Powers),Jounetsu Tairiku,japanese,sovayu,osova,doujinshi,axis powers hetalia,"spain, england","males only, yaoi, rape",26,2026-08-03 00:37:55,2026-08-03 00:37:55,2026-08-04 14:02:52
669551,[書肆マガジンひとり] ふとしSLIM マッサージ,[書肆マガジンひとり] ふとしSLIM マッサージ,ふとしSLIM マッサージ,"translated, chinese",futoshi slim,shoshi magazine hitori,doujinshi,original,,"brother, incest, sister, rough translation",38,2026-08-03 00:40:28,2026-08-03 00:40:28,2026-08-04 14:03:04
669552,[Ohnuma Hiroshi] Chinmari 100%1 “Catch Ball” [Decensored],[おおぬまひろし] ちんまり100%1「きゃっちぼーる」[無修正],Chinmari 100%1 “Catch Ball”,"translated, chinese",ohnuma hiroshi,,doujinshi,original,,"uncensored, sleeping, lolicon, full color, incest, sister, shotacon, rough translation, kodomo doushi, kodomo only",16,2026-08-03 00:43:41,2026-08-03 00:43:41,2026-08-04 14:03:15
669553,BONUS TIME | Ozymandias x Gilgamesh | 奖励时间 | mkk个人汉化,BONUS TIME,BONUS TIME | Ozymandias x Gilgamesh | 奖励时间 | mkk个人汉化,"translated, chinese",,,doujinshi,fate grand order,"gilgamesh, ozymandias",yaoi,24,2026-08-03 00:45:25,2026-08-03 00:45:25,2026-08-04 14:03:26
669554,崩溃的女武神,,崩溃的女武神,"translated, chinese",,,doujinshi,street fighter,chun-li,"ryona, chinese dress, hair buns, rough translation",14,2026-08-03 00:46:36,2026-08-03 00:46:36,2026-08-04 14:03:37
669555,[Ultranization Lab (Urutoratofunii)] Otona no Aqua to Seichou Ecchi (Last Origin) [English] [Digital],[ウルトラ化ラボ (ウルトラTofuにぃ)] 大人のアクアと成長えっち (ラストオリジン) [DL版],Otona no Aqua to Seichou Ecchi,english,urutoratofunii,ultranization lab,doujinshi,last origin,,"big breasts, big ass, huge breasts, breast expansion, gigantic breasts",35,2026-08-03 00:48:48,2026-08-03 00:48:48,2026-08-04 14:03:49
669556,"[THE Waidan (Toyama Tonari)] Kosan Fan no Watashi ga, Oshi ni Kuri Seme Sareru Nante... [Digital]",[THE猥談 (とやま十成)] 古参ファンの私が、推しにクリ責めされるなんて… [DL版],"Kosan Fan no Watashi ga, Oshi ni Kuri Seme Sareru Nante...",japanese,toyama tonari,the waidan,doujinshi,original,,,93,2026-08-03 00:54:25,2026-08-03 00:54:25,2026-08-04 14:04:00
669557,[THE Waidan (Natsuo)] Kawaii Toshishita Daigakusei ni Yoru. Shachiku no Watashi no Tame no Tairyoku Mugen Zecchou Iyasare Ecchi [Digital],[THE猥談 (夏尾)] かわいい年下大学生による、社畜の私のための体力無限絶頂癒やされえっち [DL版],Kawaii Toshishita Daigakusei ni Yoru. Shachiku no Watashi no Tame no Tairyoku Mugen Zecchou Iyasare Ecchi,japanese,"natsuo, natsuwo",the waidan,doujinshi,original,,"sole female, sole male",77,2026-08-03 01:01:39,2026-08-03 01:01:39,2026-08-04 14:04:11
669558,[Rejan no Leisure (Takayama Rejan)] Tsuihou Majutsushi wa Isekai Teenisha no Watashi no Netsu wo Hanasanai [Digital],[れじゃんのレジャー (高山れじゃん)] 追放魔術師は異世界転移者の私の熱を離さない [DL版],Tsuihou Majutsushi wa Isekai Teenisha no Watashi no Netsu wo Hanasanai,japanese,takayama rejan,,doujinshi,original,,"sole female, sole male",79,2026-08-03 01:06:29,2026-08-03 01:06:29,2026-08-04 14:04:23
669559,[Asato Maaru] Yuurei-kun ni Yorugoto Chikubi to Kuri wo Name Shaburareru Isshuukan [Digital],[杏里まある] 幽霊くんに夜ごと乳首とクリを舐めしゃぶられる一週間  [DL版],Yuurei-kun ni Yorugoto Chikubi to Kuri wo Name Shaburareru Isshuukan,japanese,asato maaru,plum plus,doujinshi,original,,,92,2026-08-03 01:12:38,2026-08-03 01:12:38,2026-08-04 14:04:34
669560,[DA HOOTCH (ShindoL)] Mildred (Dark Souls) [English] [SHIKIMAYA Publishing] [Decensored] [Digital],[DA HOOTCH (新堂エル)] Mildred (Dark Souls) [英訳] [無修正] [DL版],Mildred,"english, translated",shindol,da hootch,doujinshi,demons souls,maneater mildred,"kissing, big breasts, bbw, amputee, uncensored, big ass, snuff, metal armor, nakadashi, hairy, minotaur, monster, x-ray, prolapse, breast expansion, demon, guro, rape, cannibalism, stomach deformation",53,2026-08-03 01:22:23,2026-08-03 01:22:23,2026-08-04 14:04:45
669561,[Fushimi Mimi (Fushimi Poko)] Hikikomori no Imouto wa Ore Senyou no Nama Onaho 4  chinese {个人ai机翻},[伏見ミミ (伏見ぽこ)] 引きこもりの妹は俺専用生オナホ4  chinese {个人ai机翻},Hikikomori no Imouto wa Ore Senyou no Nama Onaho 4  chinese,"translated, chinese",fushimi poko,,doujinshi,original,,"big breasts, incest, sister, rough translation",68,2026-08-03 01:26:37,2026-08-03 01:26:37,2026-08-04 14:04:57
669562,[Wushui] Bin Lian City Stories Ch 04 Dark Deals [En],,Bin Lian City Stories Ch 04 Dark Deals,"english, translated",,,manga,,,"necrophilia, rough translation",20,2026-08-03 01:27:57,2026-08-03 01:27:57,2026-08-04 14:05:08
669563,[Ryuukakusan Nodoame (Gokubuto Mayuge)] Tokete. Hodokete. Tokete. (Blue Archive) [Chinese] [Digital],[りゅうかくさんのどあめ (極太眉毛)] 溶けて。解けて。とけて。 (ブルーアーカイブ) [中国翻訳] [DL版],Tokete. Hodokete. Tokete.,"translated, chinese",gokubuto mayuge,ryuukakusan nodoame,doujinshi,blue archive,"sensei, rio tsukatsuki","kissing, big breasts, nakadashi, paizuri, sole female, sole male, very long hair, halo",22,2026-08-03 01:29:30,2026-08-03 01:29:30,2026-08-04 14:05:20
669564,[Nishida Megane] Hitozuma Joushi wa Cosplay Dorei [English] [Digital],[仁志田メガネ] 人妻上司はコスプレ奴隷 [英訳] [DL版],Hitozuma Joushi wa Cosplay Dorei,"english, translated",nishida megane,,manga,,,"maid, elf, milf, big breasts, swimsuit, group, netorare, cheating, ahegao, ffm threesome, scanmark, bikini, tankoubon, stockings, mosaic censorship, catgirl, bbm, shotacon, tail plug, rough translation",162,2026-08-03 01:58:57,2026-08-03 01:58:57,2026-08-04 14:05:34
669565,[纳屋 (naya)] La Vengeance d'une Mère (法语二创，汉化),[纳屋 (naya)] 一位母亲的复仇,La Vengeance d'une Mère,"translated, chinese",papermania,naya,manga,,,"bdsm, scat, big breasts, gag, torture, humiliation, piercing, amputee, public use, enema, body modification, anal, femdom, bondage, mother, exhibitionism, whip, full color, human cattle, guro, blowjob, collar, body writing, slave, petplay, rough translation, nipple piercing",224,2026-08-03 02:11:28,2026-08-03 02:11:28,2026-08-04 14:05:45
669566,[NOFI] 胆小的我在事故房产被粗暴的幽灵戏弄…！,臆病な私事故物件で乱暴な幽霊にいたずらされて…！,胆小的我在事故房产被粗暴的幽灵戏弄…！,"translated, chinese",nofi,,doujinshi,original,,"ghost, big penis, watermarked, sole female, sole male, rough translation",73,2026-08-03 02:16:03,2026-08-03 02:16:03,2026-08-04 14:05:58
669567,[Pasta-ya] Yariman Monogatari ~Net de Naka Yoku Natta Gal ni Offline de Attara Namerareta no de 〇〇tte Wakaraseteyatta~ [Chinese] [COW个人汉化] [Digital],[パスタ屋] ヤリマン物語〜ネットで仲良くなったギャルにオフラインで会ったらナメられたので〇〇ってわからせてやった〜 [中国翻訳] [DL版],Yariman Monogatari ~Net de Naka Yoku Natta Gal ni Offline de Attara Namerareta no de 〇〇tte Wakaraseteyatta~,"translated, chinese",pasta,,doujinshi,original,,"handjob, kissing, glasses, nakadashi, gyaru, gokkun, dilf, blowjob, sole female, sole male, ponytail",52,2026-08-03 02:19:11,2026-08-03 02:19:11,2026-08-04 14:06:12
669568,[Nboimaru] Mesugaki Dochu Dochu♥ [Digital] [Chinese] [甜族星人赞助汉化],[んぼい丸] めすがきどちゅどちゅ♥ [DL版] [中国翻訳],Mesugaki Dochu Dochu♥,"translated, chinese",konboi,,manga,,,"inseki, big breasts, niece, lolicon, incest, tanlines, tankoubon, stockings, oppai loli, lingerie, blowjob, twintails",199,2026-08-03 02:56:19,2026-08-03 02:56:19,2026-08-04 14:06:24
669569,[Ero Mangaka(Harushu)] 被兩名專吃正太的隨機強姦犯辣妹強姦的正太的故事  [Chinese] [沒有漢化],[エ浪漫画家(春臭)] ショタ喰い通り魔ギャルに逆レ〇プされるショタの話〜[中国翻訳],被兩名專吃正太的隨機強姦犯辣妹強姦的正太的故事,"translated, chinese",eromangaka,,doujinshi,original,,"group, facesitting, nakadashi, ffm threesome, femdom, dark skin, gyaru, rape, smegma, hairy armpits, blowjob, piss drinking, shotacon, deepthroat",18,2026-08-03 02:59:43,2026-08-03 02:59:43,2026-08-04 14:06:38
669570,【流樹汉化】花凛的泳衣因为过于色情了真可恶,【黒川おとぎ】サツキの水着がえっちすぎるのが悪い,【流樹汉化】花凛的泳衣因为过于色情了真可恶,"translated, chinese",kurokawa otogi,,doujinshi,blue archive,satsuki kyougoku,,20,2026-08-03 03:01:16,2026-08-03 03:01:16,2026-08-04 14:06:54
669571,Maid 2 (籠絡令嬢メイド堕ち续作） patreon更新中,,Maid 2 (籠絡令嬢メイド堕ち续作） patreon更新中,chinese,fujiyama,,doujinshi,original,,"maid, big breasts, uncensored, breast feeding, dark skin, x-ray, full color, stockings, fingering, sole male",77,2026-08-03 03:05:58,2026-08-03 03:05:58,2026-08-04 14:07:07
669572,[Sibmanwon & Twain] 满意度评鉴中 | 滿意度評鑑中 1-7 [Chinese] [Ongoing],,满意度评鉴中 | 滿意度評鑑中 1-7,"translated, chinese",,,manga,,,"big breasts, webtoon",147,2026-08-03 03:17:01,2026-08-03 03:17:01,2026-08-04 14:07:18
669573,(C106) [Mikeneko (simao)] After School (Blue Archive),(C106) [みけねこ (simao)]  After shcool アフタ 一スク一ル(ブルーアーカイブ),After School,japanese,simao,mikeneko,doujinshi,blue archive,mika misono,"big breasts, low lolicon, lolicon, full color, kemonomimi, hair buns, very long hair, halo",26,2026-08-03 03:21:51,2026-08-03 03:21:51,2026-08-04 14:07:29
669574,[Tachibana Yuu] Symphogear Tsuku 〇 Shirabe Rinkan | 战姬绝唱Symphogear 月〇调轮奸 (Senki Zesshou Symphogear) [Chinese] [橙山汉化组],[橘由宇] シンフォギア 月〇調 輪姦 (戦姫絶唱シンフォギア)  [中国翻訳],Symphogear Tsuku 〇 Shirabe Rinkan | 战姬绝唱Symphogear 月〇调轮奸,"translated, chinese",tachibana yuu,,doujinshi,senki zesshou symphogear,shirabe tsukuyomi,"group, x-ray, stockings, small breasts, rape, impregnation, twintails",6,2026-08-03 03:23:05,2026-08-03 03:23:05,2026-08-04 14:07:41
669575,[yokomope] 絶倫後輩有賀くん[中国翻訳],[yokomope] 絶倫後輩有賀くん,絶倫後輩有賀くん,"translated, chinese",,,doujinshi,original,,extraneous ads,55,2026-08-03 03:26:48,2026-08-03 03:26:48,2026-08-04 14:07:52
669576,[lockhart]大学○○か月目の喜多川海夢,[lockhart]大学○○か月目の喜多川海夢,大学○○か月目の喜多川海夢,japanese,lockhart,,doujinshi,sono bisque doll wa koi o suru,marin kitagawa,"big breasts, netorare, schoolgirl uniform, nakadashi, sleeping, cosplaying, gyaru-oh, gyaru, mosaic censorship, big penis",27,2026-08-03 03:28:51,2026-08-03 03:28:51,2026-08-04 14:08:04
669577,(#Nijisousaku 11) [Hamehame Service Area (Cr-R)] Ie ni Totte Kita Kou to Ecchi na Koto Suru Hon. | 和突擊來我家的光做Ｈ的事情的本。 (Uzuki Kou) [Chinese] [卵用貓漢化] [Decensored],(#にじそうさく11) [はめはめサービスエリア (Cr-R)] 家に凸ってきたコウとHなことする本。 (卯月コウ) [中国翻訳] [無修正],Ie ni Totte Kita Kou to Ecchi na Koto Suru Hon. | 和突擊來我家的光做Ｈ的事情的本。,"translated, chinese",cr-r,hamehame service area,doujinshi,nijisanji,uzuki kou,"uncensored, anal, males only, yaoi, tomgirl, vtuber, anal intercourse",42,2026-08-03 03:31:34,2026-08-03 03:31:34,2026-08-04 14:08:15
669578,[hakke (noi)] Itoshi no Desuperado | My Darling Desperado (Touken Ranbu) [English] [mayabird],[hakke (noi)] 愛しのデスペラード (刀剣乱舞) [英訳],Itoshi no Desuperado | My Darling Desperado,"english, translated",,,doujinshi,touken ranbu,,"males only, yaoi",43,2026-08-03 03:34:29,2026-08-03 03:34:29,2026-08-04 14:08:36
669579,[Yusaritsukata (Awayume)] Anata ni Dake no Milk o Douzo [Chinese] [一条闲鱼罢了个人汉化] [Digital],[ゆうさりつかた (淡夢)] あなたにだけのミルクをどうぞ [中国翻訳] [DL版],Anata ni Dake no Milk o Douzo,"translated, chinese",awayume,yusaritsukata,doujinshi,original,,"handjob, big breasts, breast feeding, lactation, stockings, yandere, sole female, sole male, twintails, rough translation",36,2026-08-03 03:36:51,2026-08-03 03:36:51,2026-08-04 14:08:48
669580,[Hyoui Lover] (Art: Anonymous) FGO Possession [Chinese],[憑依好きの人]（イラスト:匿名希望）FGO 憑依合集[中国翻訳],FGO Possession,"translated, chinese",,hyoui lover,doujinshi,fate grand order,"jeanne, morgan, tamamo-no-mae, shielder, gudako, artoria pendragon, jeanne alter, ishtar, bb, murasaki shikibu, kama","squirting, kissing, big breasts, swimsuit, corruption, masturbation, body swap, ahegao, thigh high boots, bikini, yuri, latex, mind control, pantyhose, possession, lingerie, leotard, gender bender, tribadism, crotch tattoo, ponytail, gloves, very long hair, high heels",80,2026-08-03 03:42:02,2026-08-03 03:42:02,2026-08-04 14:09:02
669581,"[Hidaka Mainichi] Osananajimi no Ouji ga Totsuzen ""Hime"" ni natte Mukaeru Koto ni natta Shoya.","[ひだかまいにち] 幼馴染の王子が突然""姫""になって迎えるになった初夜","Osananajimi no Ouji ga Totsuzen ""Hime"" ni natte Mukaeru Koto ni natta Shoya.","translated, chinese",,hidaka mainichi,doujinshi,original,,"big breasts, nakadashi, ahegao, impregnation, blowjob, gender bender, big penis, rough translation",32,2026-08-03 03:44:27,2026-08-03 03:44:27,2026-08-04 14:09:15
669582,[Nostalgic Color (Kasuga Izure)] SLOW MELLOW DRIP (Blue Archive) [English] [Digital],[Nostalgic Color (春日いづれ)] スロウ・メロウ・ドリップ (ブルーアーカイブ) [英訳] [DL版],SLOW MELLOW DRIP,"english, translated",kasuga izure,nostalgic color,doujinshi,blue archive,"sensei, kei tendou","lolicon, sole female, sole male, very long hair, rough translation, halo",29,2026-08-03 03:50:12,2026-08-03 03:50:12,2026-08-04 14:09:30
669583,[Shiawase Hitotsubu (Shinozaki Ui)] Kizuita toki ni wa Otosarete Imashita [Chinese] [Digital],[しあわせ一粒 (篠崎うい)] 気づいたときには堕とされていました [中国翻訳] [DL版],Kizuita toki ni wa Otosarete Imashita,"translated, chinese",shinozaki ui,shiawase hitotsubu,doujinshi,original,,extraneous ads,38,2026-08-03 03:52:40,2026-08-03 03:52:40,2026-08-04 14:09:43
669584,[CHI] nullQ - 偏远村庄的成人礼,,nullQ - 偏远村庄的成人礼,"translated, chinese",nullq,,manga,,,"nakadashi, anal, tall man, x-ray, males only, yaoi, huge penis, big penis, facial hair, anal intercourse, big muscles",8,2026-08-03 03:53:28,2026-08-03 03:53:28,2026-08-04 14:09:58
669585,[Stealth (Yuu)] Time for Milk (Hetalia Axis Powers) [English],[ステルス (ユウ)] ミルクのじかん (ヘタリア Axis Powers) [英訳],Time for Milk,"english, translated",yuu,stealth,doujinshi,axis powers hetalia,"spain, england","males only, yaoi, shotacon",17,2026-08-03 03:54:33,2026-08-03 03:54:33,2026-08-04 14:10:16
669586,[TOMATE-PA (Maribou)] CONTRARIO (Hetalia Axis Powers),[トマテパ (真理坊)] CONTRARIO - コントラリオ - (ヘタリア Axis Powers),CONTRARIO,japanese,maribou,tomate-pa,doujinshi,axis powers hetalia,"spain, england","males only, yaoi",21,2026-08-03 03:55:56,2026-08-03 03:55:56,2026-08-04 14:10:29
669587,"[Bed Sabaku (Gotou)] Doctor, Ude no Misedokoro (Hetalia Axis Powers)",[ベッド砂漠 (後頭)] ドクター、腕の見せ所 (ヘタリア Axis Powers),"Doctor, Ude no Misedokoro",japanese,gotou,bed sabaku,doujinshi,axis powers hetalia,"spain, england","males only, yaoi",22,2026-08-03 03:57:26,2026-08-03 03:57:26,2026-08-04 14:10:42
669588,[Bed Sabaku (Gotou)] Nikusa to Kawaisa Kakete Hyakubai (Hetalia Axis Powers),[ベッド砂漠 (後頭)] 憎さと可愛さ×て百倍 (ヘタリア Axis Powers),Nikusa to Kawaisa Kakete Hyakubai,japanese,gotou,bed sabaku,doujinshi,axis powers hetalia,"spain, england","males only, yaoi",31,2026-08-03 03:59:36,2026-08-03 03:59:36,2026-08-04 14:10:53
669589,[Mabakin! (Uehara Fuuko)] Crimson rose (Hetalia Axis Powers),[まばきん! (上原ふーこ)] Crimson rose (ヘタリア Axis Powers),Crimson rose,japanese,uehara fuuko,,doujinshi,axis powers hetalia,"spain, england","males only, yaoi",27,2026-08-03 04:01:54,2026-08-03 04:01:54,2026-08-04 14:11:06
669590,[Mabakin! (Uehara Fuuko)] Fantastic! (Hetalia Axis Powers) [English],[まばきん! (上原ふーこ)] Fantastic! (ヘタリア Axis Powers) [英訳],Fantastic!,"english, translated",uehara fuuko,,doujinshi,axis powers hetalia,"spain, england","males only, yaoi",21,2026-08-03 04:03:29,2026-08-03 04:03:29,2026-08-04 14:11:19
669591,[Rainy (Amemori Gigi)] VILLANS (Hetalia Axis Powers) [Chinese],[レイニー (雨森ジジ)] VILLANS (ヘタリア Axis Powers) [中国翻訳],VILLANS,"translated, chinese",amemori gigi,rainy,doujinshi,axis powers hetalia,"spain, england","males only, yaoi",30,2026-08-03 04:05:17,2026-08-03 04:05:17,2026-08-04 14:11:31
669592,[Mugendou (Akutsu Koji)] The Sun's Scar (Hetalia Axis Powers) [English],[無間堂 (阿久津柑子)] 太陽の傷 (ヘタリア Axis Powers) [英訳],The Sun's Scar,"english, translated",,mugendou,doujinshi,axis powers hetalia,"romano, spain, england","males only, yaoi",47,2026-08-03 04:07:55,2026-08-03 04:07:55,2026-08-04 14:11:45
669593,[Sekki Kettle Jidai (Sekki Kettle)] Mori Holo 3 - Sennou Nikutai Kaizou,[石器ケトル時代 (石器ケトル)]  盛ホロ３ - 洗脳 肉体改造,Mori Holo 3 - Sennou Nikutai Kaizou,japanese,sekki kettle,sekki kettle jidai,doujinshi,hololive,"ookami mio, shirogane noel, houshou marine, natsuiro matsuri, oozora subaru, sakura miko, usada pekora, shirakami fubuki, shiranui flare, inugami korone, nekomata okayu, hoshimachi suisei, nakiri ayame, laplus darknesss, tokoyami towa, kazama iroha, momosuzu nene, azki, pekoras mother, mizumiya su, kikirara vivi, isaki riona","futanari, big breasts, body modification, ahegao, huge breasts, mind control, breast expansion, lactation, mosaic censorship, horns, vtuber, futanarization",44,2026-08-03 04:10:51,2026-08-03 04:10:51,2026-08-04 14:12:04
669594,[CHI] nullQ - 加油吧，巨屌大叔! 4 不断成长的巨根,,nullQ - 加油吧，巨屌大叔! 4 不断成长的巨根,"translated, chinese",nullq,,manga,,,"handjob, tall man, males only, yaoi, huge penis, big penis, big muscles",12,2026-08-03 04:11:49,2026-08-03 04:11:49,2026-08-04 14:12:16
669595,[Horori] Z.Z.Z Gravure #07: JANE DOE (Zenless Zone Zero)[无修正]【酸菜魚ゅ°个人汉化】,[Horori] Z.Z.Z Gravure #07: JANE DOE (Zenless Zone Zero)[無修正]【酸菜魚ゅ°个人汉化】,Z.Z.Z Gravure #07: JANE DOE (Zenless Zone Zero)[无修正]【酸菜魚ゅ°个人汉化】,"translated, chinese",horori,,doujinshi,zenless zone zero,jane doe,"squirting, big breasts, uncensored, nakadashi, ahegao, anal, bondage, all the way through, mouse girl, nipple fuck, x-ray, full color, prolapse, double penetration, selfcest, impregnation, tentacles, eggs, stomach deformation, kemonomimi, tail, cumflation, cervix prolapse",21,2026-08-03 04:13:20,2026-08-03 04:13:20,2026-08-04 14:12:27
669596,[Chocolate Jam (Morino Koala)] Tonari no Hitozuma Rose-san | Next Door Wife Rose (Goddess of Victory: Nikke) [English] [syraku] [Digital],[ちょこれぃとじゃむ (森乃こあら)] 隣の人妻ローズさん (勝利の女神:NIKKE)  [英訳] [DL版],Tonari no Hitozuma Rose-san | Next Door Wife Rose,"english, translated",morino koala,chocolate jam,doujinshi,goddess of victory nikke,"shikikan, rosanna","big breasts, nakadashi, blowjob, sole female, sole male, large tattoo",18,2026-08-03 04:14:39,2026-08-03 04:14:39,2026-08-04 14:12:38
669597,"[Paya8] Watashi ga ""Onaho"" Nanka ni Naru Wake Nai jan (Honkai: Star Rail)",[Paya8] 私が『オナホ』なんかになるわけないじゃん (崩壊:スターレイル),"Watashi ga ""Onaho"" Nanka ni Naru Wake Nai jan",japanese,paya8,,doujinshi,honkai star rail,silver wolf,"mind control, filming, sole female, sole male",35,2026-08-03 04:16:58,2026-08-03 04:16:58,2026-08-04 14:12:50
669598,[CHI] nullQ - 异常世界的社团活动 3,,nullQ - 异常世界的社团活动 3,"translated, chinese",nullq,,manga,,,"handjob, nakadashi, anal, tall man, big balls, males only, yaoi, huge penis, big penis, anal intercourse, big muscles",10,2026-08-03 04:17:52,2026-08-03 04:17:52,2026-08-04 14:13:01
669599,[Obake no Ringoya-san (Yuu Ringo)] Toaru Muramusume ha Syokusyu ni Okasareru [Chinese] [紫藤汉化组],[お化けの林檎屋さん (幽林檎)]とある村娘は触手に犯される [中国翻訳],Toaru Muramusume ha Syokusyu ni Okasareru,"translated, chinese",yuu ringo,obake no ringoya-san,doujinshi,original,,"big breasts, tentacles, multiple orgasms, clit stimulation, nipple stimulation",44,2026-08-03 04:20:36,2026-08-03 04:20:36,2026-08-04 14:13:12
669600,[pon] Anal Kaidan Shuu 机翻,,Anal Kaidan Shuu 机翻,"translated, chinese",,,manga,,,rough translation,109,2026-08-03 04:26:55,2026-08-03 04:26:55,2026-08-04 14:13:23
669601,[Sasami Seseri (Sasami Rise)] Okawari Yuri Ecchi [Chinese] [今泉紅太狼],[ささみせせり (ささみりせ)] おかわりゆりえっち [中国翻訳],Okawari Yuri Ecchi,"translated, chinese",sasami rise,,doujinshi,original,,"females only, sex toys, bondage, yuri, multi-work series, small breasts, lingerie, fingering, domination loss",56,2026-08-03 04:30:36,2026-08-03 04:30:36,2026-08-04 14:13:35
669602,[Enarizushi] Otokonoko Demo Aishite Kuremasu ka? [Chinese] [oo2oo个人汉化],[えなりずし] 男の娘でも愛してくれますか？[中国翻訳],Otokonoko Demo Aishite Kuremasu ka?,"translated, chinese",,enarizushi,doujinshi,original,,"sweating, schoolboy uniform, anal, males only, yaoi, mosaic censorship, tomgirl, eye-covering bang, anal intercourse",56,2026-08-03 04:34:06,2026-08-03 04:34:06,2026-08-04 14:13:46
669603,【paya8】银狼漫画 ①[酸菜魚ゅ°个人汉化],【paya8】銀狼マンガ ①[酸菜魚ゅ°个人汉化],【paya8】银狼漫画 ①,"translated, chinese",paya8,,doujinshi,honkai star rail,silver wolf,"uncensored, nakadashi, x-ray, mind control, stockings, blowjob, sole female, drill hair",17,2026-08-03 04:35:24,2026-08-03 04:35:24,2026-08-04 14:13:57
669604,[Kuma QM] Zoku Tatakae! Lolicon Kaihougun [Digital],[くまQM] 続・たたかえ!ロリコン解放軍 [DL版],Zoku Tatakae! Lolicon Kaihougun,japanese,kumajiro,,doujinshi,original,,"lolicon, multi-work series, mosaic censorship",34,2026-08-03 04:41:49,2026-08-03 04:41:49,2026-08-04 14:14:08
669605,[Hiro潶] 辣妹女王full,,辣妹女王full,japanese,hiroki00,,doujinshi,fate grand order,morgan le fay,"stockings, gyaru, sole female, ponytail, makeup",13,2026-08-03 04:42:54,2026-08-03 04:42:54,2026-08-04 14:14:19
669606,[オスワーニ] リクエストいただいたものです,[オスワーニ] リクエストいただいたものです,リクエストいただいたものです,japanese,osuwaani,,doujinshi,silver spoon | gin no saji,,"sweating, big breasts, blowjob, sole female, twintails",4,2026-08-03 04:43:26,2026-08-03 04:43:26,2026-08-04 14:14:32
669607,[Kori uinna] tensei osananajimi wa to ai no ori no naka ~ nettori aibu ni jirasa rete ~ | 被囚禁于重生青梅竹马执着的爱笼中~粘稠爱抚令我内心焦灼~ [Chinese] [莉赛特汉化组],[氷ウインナー] 転生幼馴染は執愛の檻の中~ねっとり愛撫に焦らされて~ [中国翻訳],tensei osananajimi wa to ai no ori no naka ~ nettori aibu ni jirasa rete ~ | 被囚禁于重生青梅竹马执着的爱笼中~粘稠爱抚令我内心焦灼~,"translated, chinese",,,doujinshi,original,,"sole female, sole male",76,2026-08-03 04:48:16,2026-08-03 04:48:16,2026-08-04 14:14:43
669608,[タケイツカサ] カーテン越しの保健医（せんせい）は (cqxl自己汉化)（Chinese）,[タケイツカサ] カーテン越しの保健医（せんせい）は (cqxl自己汉化)（Chinese）,カーテン越しの保健医（せんせい）は (cqxl自己汉化)（Chinese）,"japanese, translated, chinese",,,manga,,,"big breasts, glasses, stockings, rough translation",22,2026-08-03 04:49:50,2026-08-03 04:49:50,2026-08-04 14:14:54
669609,"[Honomi Kana] konya, ore ga ubau junjo yakuza wa o jo o daki tsukusu [zenhen]+[kohen] | 我来夺取今夜的你 纯情黑道与大小姐尽情相拥 [前篇]+[后篇] [Chinese] [莉赛特汉化组]",[ほのみ果奈] 今夜、俺が奪う 純情ヤクザはお嬢を抱き尽くす [前編]+[後編] [中国翻訳],"konya, ore ga ubau junjo yakuza wa o jo o daki tsukusu [zenhen]+[kohen] | 我来夺取今夜的你 纯情黑道与大小姐尽情相拥 [前篇]+","translated, chinese",,,manga,,,"full censorship, sole female, sole male",53,2026-08-03 04:53:28,2026-08-03 04:53:28,2026-08-04 14:15:05
669610,[halo] FORCED ADMISSION UNDER RESTRAINT,[ハイロゥ] 強制拘束入院,FORCED ADMISSION UNDER RESTRAINT,english,halo,,doujinshi,original,,"gag, nurse, bondage",30,2026-08-03 04:55:30,2026-08-03 04:55:30,2026-08-04 14:15:17
669611,[Momo Fct. (sunege9019)] Desktop demo V-kan no Aru Shoshinsha User ga VR Goggle de Hajimete Ecchi suru Hanashi,[毛毛Fct. (sunege9019)] デスクトップでもV感のある初心者ユーザーがVRゴーグルで初めてえっちする話,Desktop demo V-kan no Aru Shoshinsha User ga VR Goggle de Hajimete Ecchi suru Hanashi,japanese,,,doujinshi,original,,"shemale, sole female, sole dickgirl, kemonomimi, dickgirl on female",48,2026-08-03 04:58:31,2026-08-03 04:58:31,2026-08-04 14:15:28
669612,[Angel of Blue Sky (Toito)] Yasen wa Yoru to wa Kagiranai! (Kantai Collection -KanColle-) [Digital],[Angel of Blue Sky (トイト)] 夜戦は夜とは限らない! (艦隊これくしょん -艦これ-) [DL版],Yasen wa Yoru to wa Kagiranai!,japanese,toito,angel of blue sky,doujinshi,kantai collection,"sendai, teitoku","sleeping, sole female, sole male",28,2026-08-03 05:00:28,2026-08-03 05:00:28,2026-08-04 14:15:39
669613,[Chocolate Pepper. (Nomura Teruya)] SHORT&SHORT 08 (THE IDOLM@STER CINDERELLA GIRLS) [Digital],[Chocolate Pepper. (野村輝弥)] SHORT&SHORT 08 (アイドルマスター シンデレラガールズ) [DL版],SHORT&SHORT 08,japanese,nomura teruya,chocolate pepper.,doujinshi,the idolmaster,"chiyo shirayuki, chitose kurosaki","females only, sex toys, yuri, pantyhose",26,2026-08-03 05:02:10,2026-08-03 05:02:10,2026-08-04 14:15:50
669614,[Chocolate Pepper. (Nomura Teruya)] SHORTY x SHORTY (THE IDOLM@STER CINDERELLA GIRLS) [Digital],[Chocolate Pepper. (野村輝弥)] SHORTY×SHORTY (アイドルマスター シンデレラガールズ) [DL版],SHORTY x SHORTY,japanese,nomura teruya,chocolate pepper.,doujinshi,the idolmaster,"arisu tachibana, producer, haru yuuki",lolicon,26,2026-08-03 05:07:14,2026-08-03 05:07:14,2026-08-04 14:16:02
669615,[UTATANEYASHIKI (Decosuke)] Uzuki to Yoru no Beach Sex (THE IDOLM@STER CINDERELLA GIRLS) [Digital],[転寝屋敷 (デコスケ)] 卯月と夜のビーチセックス (アイドルマスター シンデレラガールズ) [DL版],Uzuki to Yoru no Beach Sex,japanese,decosuke,utataneyashiki,doujinshi,the idolmaster,"producer, uzuki shimamura","swimsuit, bikini, sole female, sole male, beach",22,2026-08-03 05:08:49,2026-08-03 05:08:49,2026-08-04 14:16:13
669616,[Angel of Blue Sky (Toito)] Kyou kara Mutsuki to Yoizo (Kantai Collection -KanColle-),[Angel of Blue Sky (トイト)] 今日から睦月とよいぞ (艦隊これくしょん -艦これ-),Kyou kara Mutsuki to Yoizo,japanese,toito,angel of blue sky,doujinshi,kantai collection,"teitoku, mutsuki","lolicon, sole female, sole male",26,2026-08-03 05:13:59,2026-08-03 05:13:59,2026-08-04 14:16:24
669617,[Elemental Erogenous Zone (Nini no Yobikata)] Kou Pride Elite Cool Kei Irojiro Bishoujo wa Onani Chuudoku no Maso Mesu datta [Digital],[エレメンタル性感帯 (任意の呼び方)] 高プライドエリートクール系色白美少女はオナニー中毒のマゾメスだった [DL版],Kou Pride Elite Cool Kei Irojiro Bishoujo wa Onani Chuudoku no Maso Mesu datta,japanese,nini no yobikata,elemental erogenous zone,doujinshi,original,,"swimsuit, group, urination, anal, bikini, double penetration, stockings, cowgirl, collar, sole female, tail plug, horns, anal intercourse",18,2026-08-03 05:15:15,2026-08-03 05:15:15,2026-08-04 14:16:35
669618,[Mikoto Aya] Ijiwaru na Jokyouju wa Asebamu Karada ni Goshuushin | 恶趣味的副教授迷恋流汗的身体 1-12 end [Chinese] [莉赛特汉化组],[ミコトアヤ] いじわるな助教授は汗ばむカラダにご執心 1-12 完結 [中国翻訳],Ijiwaru na Jokyouju wa Asebamu Karada ni Goshuushin | 恶趣味的副教授迷恋流汗的身体 1-12 end,"translated, chinese",mikotoaya,,manga,,,"sweating, full censorship, story arc, masturbation, teacher, sole female, sole male",336,2026-08-03 05:35:25,2026-08-03 05:35:25,2026-08-04 14:16:47
669619,[Super Melons] Hinata-The Failed (Naruto)(Ongoing) 雏田-失败(更新中) [狄更斯翻译],[Super Melons] Hinata-The Failed (Naruto) (Ongoing) [中国翻译],Hinata-The Failed (Naruto)(Ongoing) 雏田-失败,"translated, chinese","ino, asuma, super melons",,doujinshi,naruto,"ino yamanaka, tsunade, orochimaru, hinata hyuga, kurenai, kushina uzumaki, hinata","milf, big breasts, full color, comic",31,2026-08-03 05:37:39,2026-08-03 05:37:39,2026-08-04 14:16:58
669620,[Marumitei] A rebelious daughter - Educational guid for a daughter who stole money from the house - [English],[まる巳亭] 生意気な娘―家のお金を盗んだ娘に教育指導― [英訳],A rebelious daughter - Educational guid for a daughter who stole money from the house -,"english, translated",,marumitei,doujinshi,original,,"schoolgirl uniform, lolicon, defloration, incest, rape, dilf, daughter, blowjob, sole female, sole male",25,2026-08-03 05:42:29,2026-08-03 05:42:29,2026-08-04 14:17:09
669621,[Mikoto Aya] Ijiwaru na Jokyouju wa Asebamu Karada ni Goshuushin | 恶趣味的副教授迷恋流汗的身体 1-12 end [全彩版] [Chinese] [莉赛特汉化组],[ミコトアヤ] いじわるな助教授は汗ばむカラダにご執心 1-12 完結 [フルカラー版] [中国翻訳],Ijiwaru na Jokyouju wa Asebamu Karada ni Goshuushin | 恶趣味的副教授迷恋流汗的身体 1-12 end,"translated, chinese",mikotoaya,,manga,,,"sweating, full censorship, masturbation, full color, teacher, sole female, sole male",324,2026-08-03 06:01:54,2026-08-03 06:01:54,2026-08-04 14:17:20
669622,[Hiro潶] めいめいFULL,,めいめいFULL,japanese,hiroki00,,doujinshi,jujutsu kaisen,mei mei,"big breasts, dark nipples, big nipples, artistcg, big areolae, blowjob, eye-covering bang",12,2026-08-03 06:03:06,2026-08-03 06:03:06,2026-08-04 14:17:31
669623,[Tarobaumu] Mama Tomo Harem 3 ~Daisuki na Mama-tachi to Icha Love Seifuku Ecchi~ | Mom Friend Harem 3 ~Lovey-Dovey Sex in Uniforms with My Beloved Moms [English],[たろバウム] ママ友ハーレム3 ~大好きなママ達といちゃらぶ制服えっち~ [英訳],Mama Tomo Harem 3 ~Daisuki na Mama-tachi to Icha Love Seifuku Ecchi~ | Mom Friend Harem 3 ~Lovey-Dovey Sex in Uniforms with My Beloved Moms,"english, translated",,tarobaumu,doujinshi,original,,"milf, big breasts, unusual pupils, group, cheating, ffm threesome, harem, mother, multi-work series, incest, widow, rough translation",64,2026-08-03 06:15:01,2026-08-03 06:15:01,2026-08-04 14:17:42
669624,[Kuromisa] akuyaku reijo redi firia de ra rovu~e no shippai | 恶役千金 淑女菲莉安·德·拉·罗威的失败 1-9 [Chinese] [莉赛特汉化组],[くろみさ] 悪役令嬢レディ・フィリア・デ・ラ・ローヴェの失敗 1-9 [中国翻訳],akuyaku reijo redi firia de ra rovu~e no shippai | 恶役千金 淑女菲莉安·德·拉·罗威的失败 1-9,"translated, chinese",kuromisa,,manga,,,"full censorship, story arc, sister, sole female, sole male, ponytail, drill hair",369,2026-08-03 06:37:24,2026-08-03 06:37:24,2026-08-04 14:17:54
669625,[Matsumoto Yo/ ryo Hara Kanna/ obana/ Koromo Minami ka no n] Ryuo no choai hanayome wa sogen ni midare saku | 龙王的宠爱 在草原上怒放的新娘 3-16 [Chinese] [莉赛特汉化组],[松元陽 / 涼原カンナ / 緒花 / 衣南かのん] 龍王の寵愛 花嫁は草原に乱れ咲く 3-16 [中国翻訳],Ryuo no choai hanayome wa sogen ni midare saku | 龙王的宠爱 在草原上怒放的新娘 3-16,"translated, chinese",,,manga,,,"full censorship, sole female, sole male, large tattoo, very long hair",387,2026-08-03 06:59:27,2026-08-03 06:59:27,2026-08-04 14:18:05
669626,COMIC Shigekiteki SQUIRT!! Vol.73 [Digital],コミック刺激的 SQUIRT！！Vol.73 [DL版],COMIC Shigekiteki SQUIRT!! Vol.73,japanese,"yoshida tobio, nishida megane, kurosaki shun, kasabuta | memory, shigeking-max",,manga,,,"big breasts, anthology, huge breasts, hairy",112,2026-08-03 07:06:32,2026-08-03 07:06:32,2026-08-04 14:18:16
669627,[Hiro潶] 《饲养日记》full24p,,《饲养日记》full24p,japanese,hiroki00,,doujinshi,fate stay night,"rin tosaka, saber | arturia pendragon","group, nakadashi, ffm threesome, stockings, collar, sole male",26,2026-08-03 07:08:20,2026-08-03 07:08:20,2026-08-04 14:18:28
669628,[Takasaki Takemaru] オタクくんはちっぱいギャルに夢中 [Digital],[高崎たけまる] オタクくんはちっぱいギャルに夢中 [DL版],オタクくんはちっぱいギャルに夢中,japanese,takasaki takemaru,,manga,,,"virginity, glasses, story arc, schoolgirl uniform, tankoubon, gyaru, small breasts",155,2026-08-03 07:18:14,2026-08-03 07:18:14,2026-08-04 14:18:40
669629,[CHI] nullQ - 柔道教练的秘密 2 庙会,,nullQ - 柔道教练的秘密 2 庙会,"translated, chinese",nullq,,manga,,,"nakadashi, anal, tall man, dark skin, big balls, x-ray, males only, yaoi, huge penis, big penis, facial hair, anal intercourse, big muscles",10,2026-08-03 07:19:14,2026-08-03 07:19:14,2026-08-04 14:18:52
669630,飛機杯女神連線中 第21话 这次轮到我霸王硬上弓♥,,飛機杯女神連線中 第21话 这次轮到我霸王硬上弓♥,"english, translated",,,manga,,,"webtoon, rough translation",46,2026-08-03 07:22:04,2026-08-03 07:22:04,2026-08-04 14:19:03
669631,飛機杯女神連線中 第22话 磨人的小妖精♥,,飛機杯女神連線中 第22话 磨人的小妖精♥,"translated, chinese",,,manga,,,"webtoon, rough translation",45,2026-08-03 07:24:49,2026-08-03 07:24:49,2026-08-04 14:19:14
669632,COMIC Kuriberon DUMA 2026-08 Vol.87,COMIC クリベロン DUMA 2026年8月号 Vol.87,COMIC Kuriberon DUMA 2026-08 Vol.87,japanese,"andou hiroyuki, morito, kirinama, kawata hiyori, ero no teishokuya, pnd, kinoshita, popopopop, theo tar, sakaito",,manga,,,"big breasts, anthology, hairy, mosaic censorship",280,2026-08-03 07:41:49,2026-08-03 07:41:49,2026-08-04 14:19:26
669633,飛機杯女神連線中 第23话 把酒醉女大生捡回家,,飛機杯女神連線中 第23话 把酒醉女大生捡回家,"translated, chinese",,,manga,,,"webtoon, rough translation",49,2026-08-03 07:44:55,2026-08-03 07:44:55,2026-08-04 14:19:37
669634,[Sakuranbo Nouen (Kondo Yume)] Koutei no Shinanyaku Ni -Yurufuwa Kyuujo no Amayakashi Kozukuri Sakusei- | 皇帝的指导官 贰 -软萌宫女的宠溺造人榨精- [Chinese],[さくらんぼ農園 (童夢)] 皇帝の指南役 弐 -ゆるふわ宮女の甘やかし子作り搾精- [中国翻訳],Koutei no Shinanyaku Ni -Yurufuwa Kyuujo no Amayakashi Kozukuri Sakusei- | 皇帝的指导官 贰 -软萌宫女的宠溺造人榨精-,"translated, chinese",kondo yume,sakuranbo nouen,doujinshi,original,,"handjob, big breasts, nakadashi, femdom, multi-work series, chinese dress, sole male, rough translation",70,2026-08-03 07:49:11,2026-08-03 07:49:11,2026-08-04 14:19:48
669635,[Chinzurena] Ecchi na Chinchin Miitsuketa [Digital],[チンズリーナ] エッチなチン♂チンみ〜つけた [DL版],Ecchi na Chinchin Miitsuketa,japanese,chinzurena,,manga,,,"anal, crossdressing, tankoubon, yaoi, tomgirl, shotacon, anal intercourse",202,2026-08-03 08:25:44,2026-08-03 08:25:44,2026-08-04 14:20:00
669636,[CHI] nullQ - 沦为食人魔苗床的骑士,,nullQ - 沦为食人魔苗床的骑士,"translated, chinese",nullq,,manga,,,"nakadashi, anal, tall man, big balls, males only, yaoi, huge penis, big penis, anal intercourse, big muscles",8,2026-08-03 08:26:36,2026-08-03 08:26:36,2026-08-04 14:20:11
669637,[Tenchuumaru] Hitozuma a la carte ~Inwai na Wana ni Hamaru Onna-tachi~ [Digital],[天誅丸] 人妻アラカルト 〜淫猥な罠にハマる女たち〜 [DL版],Hitozuma a la carte ~Inwai na Wana ni Hamaru Onna-tachi~,japanese,tenchuumaru,,manga,,,"inseki, milf, big breasts, group, netorare, cheating, eyemask, incest, tankoubon, sister, voyeurism, blindfold, bbm, netorase",204,2026-08-03 09:04:41,2026-08-03 09:04:41,2026-08-04 14:20:22
669638,[Mofumofu Syndrome (Tokorosu)] ASMR Haishinsha ni Yoru Saimin | Hypnosis by an ASMR Streamer [English],[モフモフシンドローム (トコロス)] ASMR 配信者による催眠 [英訳],ASMR Haishinsha ni Yoru Saimin | Hypnosis by an ASMR Streamer,"english, translated",,mofumofu syndrome,doujinshi,original,,"big breasts, unusual pupils, females only, ahegao, sex toys, yuri, mind control, rough translation",28,2026-08-03 09:06:49,2026-08-03 09:06:49,2026-08-04 14:20:33
669639,飛機杯女神連線中 第24话 DIY被抓包了!!,,飛機杯女神連線中 第24话 DIY被抓包了!!,"translated, chinese",,,manga,,,"webtoon, rough translation",50,2026-08-03 09:09:56,2026-08-03 09:09:56,2026-08-04 14:20:44
669640,[bowalia] 人間損壊 [Digital],[bowalia] 人間損壊 [DL版],人間損壊,japanese,bowalia,,manga,,,"tankoubon, guro, catfight, muscle",239,2026-08-03 09:54:14,2026-08-03 09:54:14,2026-08-04 14:20:55
669641,飛機杯女神連線中 第25话 令人血脉贲张的刺激画面,,飛機杯女神連線中 第25话 令人血脉贲张的刺激画面,"translated, chinese",,,manga,,,"webtoon, rough translation",53,2026-08-03 09:57:41,2026-08-03 09:57:41,2026-08-04 14:21:06
669642,[Anthology] 2D Comic Magazine Ishukan x Enjo Kousai Kairaku ni Oboreru Papakatsu Bijo-tachi Vol. 1,[アンソロジー] 二次元コミックマガジン 異種姦×援助交際 快楽に溺れるパパ活美女たちVol.1,2D Comic Magazine Ishukan x Enjo Kousai Kairaku ni Oboreru Papakatsu Bijo-tachi Vol. 1,japanese,"sugishin, obaka, chlamydo",,manga,,,"elf, big breasts, nun, nurse, unusual pupils, witch, horse boy, schoolgirl uniform, anthology, hairy, monster, nipple fuck, double penetration, big penis, tentacles, thick eyebrows, multiple orgasms, multipanel sequence, nipple stimulation, nipple piercing",98,2026-08-03 10:03:54,2026-08-03 10:03:54,2026-08-04 14:21:18
669643,飛機杯女神連線中 第26话 还是不穿内裤最好看♥,,飛機杯女神連線中 第26话 还是不穿内裤最好看♥,chinese,,,manga,,,webtoon,56,2026-08-03 10:07:18,2026-08-03 10:07:18,2026-08-04 14:21:29
669644,[Agata] Hadakagurashi SUN - hadaka gurashi 3 [Digital],[アガタ] はだかぐらしSUN [DL版],Hadakagurashi SUN - hadaka gurashi 3,japanese,agata,,manga,,,"big breasts, bbw, group, story arc, big ass, huge breasts, hairy, dark skin, lolicon, exhibitionism, multi-work series, tanlines, tankoubon, big areolae, small breasts, blowjob, shotacon, very long hair, nudism, kodomo doushi",219,2026-08-03 10:47:20,2026-08-03 10:47:20,2026-08-04 14:21:40
669645,飛機杯女神連線中 第27话 棉花糖味的kiss♥,,飛機杯女神連線中 第27话 棉花糖味的kiss♥,"translated, chinese",,,manga,,,"webtoon, rough translation",49,2026-08-03 10:50:31,2026-08-03 10:50:31,2026-08-04 14:21:52
669646,"[Oritsuki Fumio] Onii-sama ga Suki Sugiru Kono Imouto o, Ai o Motte Wakanrasete Kudasaimashi [Digital]",[折月フミオ] お兄様が好きすぎるこの妹を、愛をもって和姦らせてくださいまし [DL版],"Onii-sama ga Suki Sugiru Kono Imouto o, Ai o Motte Wakanrasete Kudasaimashi",japanese,oritsuki fumio,,manga,,,"squirting, big breasts, mmf threesome, group, ahegao, anal, hairy, x-ray, tanlines, tankoubon, paizuri, lingerie, fingering, sister, blowjob, deepthroat, fishnets, anal intercourse",255,2026-08-03 11:05:37,2026-08-03 11:05:37,2026-08-04 14:22:03
669647,[Kagura Moromi] Natsu no Sorairo Soda Aji [Digital],[神楽もろみ] 夏の空色ソーダ味 [DL版],Natsu no Sorairo Soda Aji,japanese,kagura moromi,,manga,,,"bandages, big breasts, schoolgirl uniform, nakadashi, tankoubon, blowjob, tentacles, ponytail, sarashi",226,2026-08-03 11:18:55,2026-08-03 11:18:55,2026-08-04 14:22:15
669648,飛機杯女神連線中 第28话 刚才那个吻害人家都湿了,,飛機杯女神連線中 第28话 刚才那个吻害人家都湿了,"translated, chinese",,,manga,,,"webtoon, rough translation",52,2026-08-03 11:22:20,2026-08-03 11:22:20,2026-08-04 14:22:26
669649,"[Hagaruma] Koi Janakutemo Kimochii - Even if it's not love, Feels so good [Digital]",[歯車] 恋じゃなくてもきもちいい [DL版],"Koi Janakutemo Kimochii - Even if it's not love, Feels so good",japanese,haguruma,,manga,,,"twins, virginity, big breasts, swimsuit, cunnilingus, schoolgirl uniform, condom, nakadashi, defloration, tankoubon, big areolae, paizuri, sister, blowjob, blindfold",218,2026-08-03 11:35:37,2026-08-03 11:35:37,2026-08-04 14:22:37
669650,飛機杯女神連線中 第29话 花招百出的性爱小天才,,飛機杯女神連線中 第29话 花招百出的性爱小天才,"translated, chinese",,,manga,,,"webtoon, rough translation",58,2026-08-03 11:39:17,2026-08-03 11:39:17,2026-08-04 14:22:48
669651,飛機杯女神連線中 第30话 身体越来越饥渴了!,,飛機杯女神連線中 第30话 身体越来越饥渴了!,"translated, chinese",,,manga,,,"webtoon, rough translation",53,2026-08-03 11:42:32,2026-08-03 11:42:32,2026-08-04 14:22:59
669652,(C100) [Majihima (Bocha)] Watashi no Omega | 只属于我的Ω (Project Sekai) [Chinese] [S1百综汉化组],(C100) [まじひま (ぼちゃ)] わたしのオメガ (プロジェクトセカイ) [中国翻訳],Watashi no Omega | 只属于我的Ω,"translated, chinese",bocha,majihima,doujinshi,project sekai,"mafuyu asahina, ena shinonome","futanari, females only, yuri, ponytail",42,2026-08-03 11:45:03,2026-08-03 11:45:03,2026-08-04 14:23:10
669653,[Nakaura Tomoki] Ueno-kun wa Kaihatsu-zumi Dai 90 wa | Ueno-kun Has Been Developed Chapter 90 [English],[中浦トモキ] 上野くんは開発済み 第90話 [英訳],Ueno-kun wa Kaihatsu-zumi Dai 90 wa | Ueno-kun Has Been Developed Chapter 90,"english, translated",nakaura,,manga,,,glasses,20,2026-08-03 11:46:35,2026-08-03 11:46:35,2026-08-04 14:23:21
669654,"(C67) [Studio Tar (Kyouichirou, Shamon)] BLECHCH (Bleach) [English] {SaHa} [Color] [Uncompleted]","(C67) [スタジオた～ (狂一郎, 沙門)] BLECHCH - ブリチチ (ブリーチ) [英訳]",BLECHCH,"english, translated","kyouichirou, shamon",studio tar,doujinshi,bleach,"rukia kuchiki, ichigo kurosaki, yuzu kurosaki, kon","schoolgirl uniform, lolicon, yuri, defloration, incest, small breasts, sister, blowjob",12,2026-08-03 11:49:04,2026-08-03 11:49:04,2026-08-04 14:23:33
669655,[CHI] nullQ - 异常世界的海滩,,nullQ - 异常世界的海滩,"translated, chinese",nullq,,manga,,,"nakadashi, tall man, big balls, males only, yaoi, huge penis, muscle, big penis, mmm threesome, anal intercourse, big muscles, beach",12,2026-08-03 11:50:18,2026-08-03 11:50:18,2026-08-04 14:23:43
669656,OM's! ～Open My Secrets～vol.07,OM's! ～Open My Secrets～vol.07,OM's! ～Open My Secrets～vol.07,japanese,"amashoku, emina, lolisin, onsen mikan, watashiki, manaita, condor, hirama kenji",,manga,,,"spanking, urination, anthology, crossdressing, lolicon, diaper",191,2026-08-03 12:25:22,2026-08-03 12:25:22,2026-08-04 14:23:55
669657,[Shindou] Sawaranu Mara ni Tatari Nashi​ (COMIC Gucho Vol. 9) [阿南個人漢化],[しんどう] 触らぬマラに祟りなし (COMICグーチョ vol.9) [中国翻訳],Sawaranu Mara ni Tatari Nashi​,"translated, chinese",shindou,,manga,,,"big breasts, chikan, sole female",22,2026-08-03 12:27:06,2026-08-03 12:27:06,2026-08-04 14:24:07
669658,[Shomu] Shachiku OL wa Kotowarenai [しょむ] 社畜OLは断れない,,Shachiku OL wa Kotowarenai [しょむ] 社畜OLは断れない,"translated, chinese",shomu,,manga,,,"big breasts, tankoubon",457,2026-08-03 12:54:04,2026-08-03 12:54:04,2026-08-04 14:24:18
669659,[XXkorori (Ko Tora)] Gozen Sanji no Showdown/午夜三时的落幕 (Fate/Grand Order)【Tsumugi个人汉化】,［xxコロリ（小虎）］午前三時のショーダウン（Fate/Grand Order）【Tsumugi个人汉化】,Gozen Sanji no Showdown/午夜三时的落幕 (Fate/Grand Order)【Tsumugi个人汉化】,"japanese, translated, chinese",ko tora,xxkorori,doujinshi,fate grand order,"yan qing, ashwatthama","big ass, nakadashi, anal, dark skin, x-ray, males only, yaoi, muscle, large tattoo",36,2026-08-03 12:56:41,2026-08-03 12:56:41,2026-08-04 14:24:30
669660,[Mori Takuya] Futari no Recipe | Recipe for two (Shitaku Nacchatta.) [English] [Digital],[杜拓哉] ふたりのレシピ (したくなっちゃった。) [英訳] [DL版],Futari no Recipe | Recipe for two,"english, translated",mori takuya,,manga,,,"business suit, big breasts, nakadashi, hairy, paizuri, fingering, blowjob, sole female, sole male",24,2026-08-03 12:58:21,2026-08-03 12:58:21,2026-08-04 14:24:42
669661,[ampullaria] Stalker Onna to Boku | My Stalker and Me [English] {Chrysanthemum},[ampullaria] ストーカー女とボク [英訳],Stalker Onna to Boku | My Stalker and Me,"english, translated",ampullaria,,doujinshi,original,,"big breasts, bbw, schoolboy uniform, ahegao, freckles, femdom, hairy, full color, rape, blowjob, yandere, sole female, sole male",30,2026-08-03 13:04:27,2026-08-03 13:04:27,2026-08-04 14:24:53
669662,(Hyouuma)星野心晴 (1-4+映画館)(2026/08/03更新) [chinese][屁眼派對],,星野心晴,"translated, chinese",hyouuma,,doujinshi,original,,"netorare, uncensored, enema, schoolgirl uniform, coach, anal, sex toys, dark skin, x-ray, inflation, stockings, gaping, dilf, blackmail, blowjob, collar, bald, twintails, gloves, focus anal, anal intercourse, butt plug",22,2026-08-03 13:06:07,2026-08-03 13:06:07,2026-08-04 14:25:04
669663,[Niello Kouzan (Niello KYO)] Tachibana Akina Nyotaika Zatsuyou Jigoku [English] [Digital],[ニエロ鉱山 (にえろKYO)] 立花あきな 女体化雑用地獄 [英訳] [DL版],Tachibana Akina Nyotaika Zatsuyou Jigoku,"english, translated",niello kyo,niero kouzan,doujinshi,original,,"big breasts, netorare, rape, blackmail, school swimsuit, blowjob, ponytail, gender change",38,2026-08-03 13:13:34,2026-08-03 13:13:34,2026-08-04 14:25:15
669664,[Fudeoki Seisakujo (Sabano Fudeoki)] Yome no Tsurego ni Otosareta Boku | 被再婚对象的拖油瓶完全拿捏的我 [Chinese] [欶澜汉化组] [Digital],[筆置製作所 (鯖野筆置)] 嫁の連れ子に堕とされた僕 [中国翻訳] [DL版],Yome no Tsurego ni Otosareta Boku | 被再婚对象的拖油瓶完全拿捏的我,"translated, chinese",sabano fudeoki,fudeoki seisakujo,doujinshi,original,,"inseki, nakadashi, ahegao, lolicon, footjob, multi-work series, incest, stockings, lingerie, impregnation, daughter, blowjob, sole male, very long hair, mesugaki",36,2026-08-03 13:20:09,2026-08-03 13:20:09,2026-08-04 14:25:26
669665,(C105) [Happy Mayonnaise (Asla)] Rio Kaichou no Shazai Sex 2 | President Rio's Apology Sex 2 (Blue Archive) [English],(C105) [ハッビーマヨネーズ (アスラ)] リオ会長の謝罪セックス2 (ブルーアーカイブ) [英訳],Rio Kaichou no Shazai Sex 2 | President Rio's Apology Sex 2,"english, translated",asla,happy mayonnaise,doujinshi,blue archive,"sensei, rio tsukatsuki","maid, squirting, big breasts, nakadashi, anal, asphyxiation, multi-work series, stockings, pantyhose, lingerie, blowjob, sole female, sole male, hidden sex, very long hair, anal intercourse, halo",31,2026-08-03 13:22:19,2026-08-03 13:22:19,2026-08-04 14:25:37
669666,[ampullaria] Kao pai munni ~yu ~! | Boob Squish~! [English] {Chrysanthemum},[ampullaria] 顔パイむっにゅ～! [英訳],Kao pai munni ~yu ~! | Boob Squish~!,"english, translated",,ampullaria,doujinshi,original,,,40,2026-08-03 13:25:00,2026-08-03 13:25:00,2026-08-04 14:25:49
669667,[Rakdo (AQUI)] Motto Josou Rashiku [Digital],[落童 (AQUI)] もっと女装らしく [DL版],Motto Josou Rashiku,japanese,aqui,rakdo,doujinshi,original,,"maid, schoolgirl uniform, anal, crossdressing, multi-work series, males only, yaoi, lingerie, tomgirl, anal intercourse",40,2026-08-03 13:27:37,2026-08-03 13:27:37,2026-08-04 14:26:01
669668,A chaotic train incident teetering between ecstasy and agony,痴○、キモチイイ,A chaotic train incident teetering between ecstasy and agony,"english, translated",,,doujinshi,original,,chikan,58,2026-08-03 13:31:29,2026-08-03 13:31:29,2026-08-04 14:26:12
669669,[Yoshimoto Arena (Yoshimoto)] Yankee-chan ga Netorarete Kyokon no Toriko ni Naru Hanashi [English] [CulturedCommissions] [Digital],[吉本ARENA (吉本)] ヤンキーちゃんが寝取られて巨根の虜になる話 [英訳] [DL版],Yankee-chan ga Netorarete Kyokon no Toriko ni Naru Hanashi,"english, translated",carpsukidayo,,doujinshi,original,,"bdsm, big breasts, netorare, nakadashi, sex toys, bondage, hairy, exhibitionism, drugs, bunny girl, stockings, rape, dilf, blackmail, collar, sole female, sole male, leash, exposed clothing",71,2026-08-03 13:45:12,2026-08-03 13:45:12,2026-08-04 14:26:23
669670,"The Threads of Invasion ~If you refuse your yandere boyfriend's proposal, you'll be held captive and unable to escape~",侵愛の糸～ヤンデレ彼氏のプロポーズを断ったら監禁されて逃げられない～,"The Threads of Invasion ~If you refuse your yandere boyfriend's proposal, you'll be held captive and unable to escape~","english, translated",,,doujinshi,original,,"collar, yandere, sole female, sole male",62,2026-08-03 13:49:34,2026-08-03 13:49:34,2026-08-04 14:26:34
669671,The rake and the once crowned princess,放蕩貴族は元王太子妃との孕ませ婚で忙しい,The rake and the once crowned princess,"english, translated",jagi iwa,,doujinshi,original,,"milf, kissing, scar, big breasts, garter belt, pregnant, big nipples, uncensored, big ass, ahegao, bondage, big balls, x-ray, big vagina, big areolae, stockings, lingerie, impregnation, big clit, muscle, big penis, blindfold, collar, out of order, sole female, sole male, missing cover, beauty mark, eye-covering bang, big muscles, high heels",143,2026-08-03 13:58:48,2026-08-03 13:58:48,2026-08-04 14:26:45
669672,[Crimson] Kanzen houi chijoku mamire no syugaku ryoko Genchi no charaotoko hen [English] [CulturedCommissions],[クリムゾン] 完全包囲 恥辱まみれの修学旅行 現地のチャラ男編 [英訳],Kanzen houi chijoku mamire no syugaku ryoko Genchi no charaotoko hen,"english, translated",crimson | carmine,crimson,doujinshi,original,,"chastity belt, group, sex toys, yuri, dilf",79,2026-08-03 14:04:01,2026-08-03 14:04:01,2026-08-04 14:26:57
669673,[Rakdo (AQUI)] SWEET MOMENTS [Digital],[落童 (AQUI)] SWEET MOMENTS [DL版],SWEET MOMENTS,japanese,aqui,rakdo,doujinshi,original,,"maid, nakadashi, bunny boy, anal, crossdressing, multi-work series, males only, yaoi, pantyhose, tomgirl, blowjob, twintails, soushuuhen, anal intercourse, nipple stimulation",122,2026-08-03 14:11:41,2026-08-03 14:11:41,2026-08-04 14:27:08
669674,"[U.R.C (Momoya Show-Neko)] Net Literacy no Hikui Yousei ga Kakusan saseta Douga de wa Shoutai Bare wa Shinakatta ga, Fuchuui de Mibare shite shimatta! WINK Hen (Kimi to Idol PreCure) [English] [CulturedCommissions]",[U.R.C (桃屋しょう猫)] ネットリテラシーの低い妖精が拡散させた動画では正体バレはしなかったが、不注意で身バレしてしまった! WINK編 (キミとアイドルプリキュア♪) [英訳],"Net Literacy no Hikui Yousei ga Kakusan saseta Douga de wa Shoutai Bare wa Shinakatta ga, Fuchuui de Mibare shite shimatta! WINK Hen","english, translated",momoya show-neko,u.r.c,doujinshi,kimi to idol precure,cure wink | nana aokaze,"mmf threesome, magical girl, group, nakadashi, ahegao, bondage, x-ray, rape, crying",32,2026-08-03 14:17:35,2026-08-03 14:17:35,2026-08-04 14:27:20
669675,[Momonosuke] Kasshoku Shoujo Complex Ch.1,,Kasshoku Shoujo Complex Ch.1,"english, translated",momonosuke,,manga,,,"swimsuit, niece, scanmark, dark skin, lolicon, incest, tanlines, sole female, sole male, rough translation",20,2026-08-03 14:22:02,2026-08-03 14:22:02,2026-08-04 14:27:33
669676,[Nito-ya (Nito)] Neko wa Matatabi no Yume o Miru (Zenless Zone Zero) [Digital],[二兎屋 (にと)] 猫はマタタビの夢をみる (ゼンレスゾーンゼロ) [DL版],Neko wa Matatabi no Yume o Miru,japanese,nito,,doujinshi,zenless zone zero,"mana nekomiya, wise","nakadashi, dark skin, lolicon, x-ray, mosaic censorship, blowjob, catgirl, sole female, sole male, kemonomimi, tail, multiple tails",23,2026-08-03 14:25:59,2026-08-03 14:25:59,2026-08-04 14:27:44
669677,[7 Colored LED (Nekonso)] TS Fukushuusha wa Inma no Imouto ni Naru [Chinese] [沒有漢化],[虹色発光ダイオード(ねこんそ)]TS復讐者は淫魔の妹になる  [中国翻訳],TS Fukushuusha wa Inma no Imouto ni Naru,"translated, chinese",nekonso,7 colored led,doujinshi,original,,"kissing, females only, femdom, demon girl, yuri, fingering, mind break, crotch tattoo, horns, tail, gender change",70,2026-08-03 14:30:20,2026-08-03 14:30:20,2026-08-04 14:27:55
669678,[2JIMUSUBI (Ohno Kanae)] TURNING POINT [Digital],[二次結び (大野かなえ)] ターニングポイント [DL版],TURNING POINT,japanese,ohno kanae,2jimusubi,doujinshi,original,,"schoolboy uniform, cheating, schoolgirl uniform, hairy, tanlines, fingering, tomboy, blowjob, sole female, sole male, nipple stimulation",38,2026-08-03 14:32:57,2026-08-03 14:32:57,2026-08-04 14:28:08
669679,[Momokan (Momonosuke)] Netorase Archive 2/3 After (Blue Archive),[モモかん (モモのすけ)] 寝取らせアーカイブ23 アフター漫画,Netorase Archive 2/3 After,japanese,momonosuke,momokan,doujinshi,blue archive,"hina sorasaki, sensei, kisaki ryuuge","unusual pupils, group, netorare, nakadashi, ahegao, dilf, blowjob, big penis, bbm, bald, twintails, horns, very long hair, halo, netorase",13,2026-08-03 14:34:00,2026-08-03 14:34:00,2026-08-04 14:28:19
669680,[Penti] Startorch Academy (Wuthering Waves) [Chinese][ai机翻],,Startorch Academy,"translated, chinese",penti,,doujinshi,wuthering waves,"rover, lynae, mornye, aemeath, lucilla","big breasts, netorare, mind control, very long hair, rough translation",28,2026-08-03 14:36:00,2026-08-03 14:36:00,2026-08-04 14:28:31
669681,[Nyuu Koubou (Segare Ijiri)] Tai Kage Tokushu Butai Kakyuu Dansei Shokuin no Nichijou EX1 | Daily Life of a Low-Ranking Male Staff Member in the Anti-Shadow Special Forces - Chapter 1 [English] [Digital],[にゅう工房 (セガーレ井尻)] 対影特殊部隊 下級男性職員の日常EX1 [英訳] [DL版],Tai Kage Tokushu Butai Kakyuu Dansei Shokuin no Nichijou EX1 | Daily Life of a Low-Ranking Male Staff Member in the Anti-Shadow Special Forces - Chapter 1,"english, translated",,nyuu koubou,doujinshi,original,,"virginity, emotionless sex, schoolgirl uniform, nakadashi, anal, mind control, multi-work series, mind break, parasite, bbm, sole male, rough translation",30,2026-08-03 14:38:11,2026-08-03 14:38:11,2026-08-04 14:28:42
669682,[Henry Plaza (Henrybird)] Benki Seijo Blanca Ch.2 ~Neroaras no Chika Seidou~ [Fullcolor],[半里プラザー (半里バード)] 便器聖女ブランカ［第二章］～ネロアラスの地下聖堂～【フルカラー】,Benki Seijo Blanca Ch.2 ~Neroaras no Chika Seidou~,japanese,henrybird,henry plaza,doujinshi,original,,"amputee, goblin, snuff, ahegao, monster, lolicon, full color, multi-work series, double penetration, stockings, guro, missing cover",50,2026-08-03 14:48:33,2026-08-03 14:48:33,2026-08-04 14:28:53
669683,[KENTO (KENTO OKAYAMA)] Kakugo Suru Desu! ~ Chibikko Kanshu no Ecchi na Oshioki! [Digital],[KENTO (KENTO OKAYAMA)] 覚悟するですっ！ ～ちびっ子看守のエッチなおしおき！～ [DL版],Kakugo Suru Desu! ~ Chibikko Kanshu no Ecchi na Oshioki!,japanese,kento okayama,kento,doujinshi,original,,"squirting, handjob, nakadashi, lolicon, x-ray, stockings, blowjob, deepthroat, sole female, sole male, multiple orgasms",36,2026-08-03 14:55:46,2026-08-03 14:55:46,2026-08-04 14:29:04
669684,(Aimo) Sukanku oyako [Englsih] [LUNASUB],,Sukanku oyako,"english, translated",aimo,,doujinshi,original,,"farting, femdom, kemonomimi, tail, skunk girl",7,2026-08-03 14:56:27,2026-08-03 14:56:27,2026-08-04 14:29:15
669685,[Francis Xie] Kou Mitemo Watashi-tachi Shinyuu desu! (Dorohedoro) [Decensored],[Francis Xie] こう見ても私達親友です！ (ドロヘドロ) [無修正],Kou Mitemo Watashi-tachi Shinyuu desu!,japanese,francis xie,,doujinshi,dorohedoro,"nikaido, kai, risu","big breasts, mmf threesome, group, uncensored, nakadashi, anal, tall man, hairy, double penetration, big areolae, blowjob, muscle, big penis, sole female",29,2026-08-03 14:58:21,2026-08-03 14:58:21,2026-08-04 14:29:27
669686,[欲望の塔] 再会した元カノから色仕掛けされた,[欲望の塔] 再会した元カノから色仕掛けされた,再会した元カノから色仕掛けされた,japanese,,yokubou no tou,doujinshi,original,,full censorship,19,2026-08-03 14:59:44,2026-08-03 14:59:44,2026-08-04 14:29:38
669687,"[Yakiniku Teishoku] Chiyahoya Saretai Hito, Shitai Hito | 想被宠爱的人和想宠爱别人的人 (Kinou Shita noni Oboetenai no? Yuri Ecchi Tanhenshuu) [Chinese] [Dokiki漢化社] [Digital]",[焼肉定食] ちやほやされたい人、したい人 (昨日シたのに覚えてないの? 百合えっち短編集) [中国翻訳] [DL版],"Chiyahoya Saretai Hito, Shitai Hito | 想被宠爱的人和想宠爱别人的人","translated, chinese",yakiniku teishoku,,doujinshi,original,,"big breasts, females only, yuri, fingering, manga",26,2026-08-03 15:01:33,2026-08-03 15:01:33,2026-08-04 14:29:49
669688,"[Love Circle Young Punch (Kisaragi Honey)] Doujin Jidai 7 (Dousei Jidai, Macross 7)",[ラブサークルヤングパンチ (如月ハニー)] 同人時代7 (同棲時代、マクロス7),Doujin Jidai 7,japanese,,love circle young punch,doujinshi,macross 7,mylene flare jenius,,32,2026-08-03 15:03:51,2026-08-03 15:03:51,2026-08-04 14:30:00
669689,[Eman] Onna Yuusha × Koi Haiboku,[えまん] 女勇者×故意敗北,Onna Yuusha × Koi Haiboku,japanese,eman,,doujinshi,original,,"slime, sweating, big breasts, pregnant, mmf threesome, group, goblin, nakadashi, huge breasts, monster, mosaic censorship, smegma, impregnation, tomboy, blowjob, pixie cut, smalldom",24,2026-08-03 15:05:37,2026-08-03 15:05:37,2026-08-04 14:30:11
669690,[テフル] 即堕ちリナリー,[テフル] 即堕ちリナリー,即堕ちリナリー,japanese,tefuru,,doujinshi,d.gray-man,lenalee lee,"sweating, unusual pupils, stockings, impregnation, sole female, sole male, bald, twintails",9,2026-08-03 15:06:27,2026-08-03 15:06:27,2026-08-04 14:30:22
669691,[Zhen! DC] The Naked Hero - Exhibitionism in Isekai [Chinese],[真!DC]  裸之勇者-異世界露出大冒險 [中国語],The Naked Hero - Exhibitionism in Isekai,chinese,,,doujinshi,original,,"humiliation, story arc, masturbation, hairy, exhibitionism, yuri, forced exposure",148,2026-08-03 15:14:56,2026-08-03 15:14:56,2026-08-04 14:30:33
669692,[Zhen! DC] The Naked Hero - Exhibitionism in Isekai [English],[真!DC]  裸之勇者-異世界露出大冒險 [英語],The Naked Hero - Exhibitionism in Isekai,english,,,doujinshi,original,,"humiliation, story arc, masturbation, hairy, exhibitionism, yuri, forced exposure",148,2026-08-03 15:23:33,2026-08-03 15:23:33,2026-08-04 14:30:45
669693,[テフル] 讃頌会堕ち瞬光 (ゼンレスゾーンゼロ),[テフル] 讃頌会堕ち瞬光 (ゼンレスゾーンゼロ),讃頌会堕ち瞬光,japanese,tefuru,,doujinshi,zenless zone zero,ye shunguang,"big breasts, artistcg, dark skin, mind control, big areolae, paizuri, sole female, sole male, crotch tattoo, kemonomimi, very long hair",12,2026-08-03 15:24:32,2026-08-03 15:24:32,2026-08-04 14:30:56
669694,[テフル] マゾメス麻央 (学園アイドルマスター),[テフル] マゾメス麻央 (学園アイドルマスター),マゾメス麻央,japanese,tefuru,,doujinshi,the idolmaster,mao arimura,"sweating, unusual pupils, dark skin, full color, collar, sole female, sole male, stirrup legwear, eye-covering bang",8,2026-08-03 15:25:14,2026-08-03 15:25:14,2026-08-04 14:31:07
669695,[テフル] 讃頌会堕ち師匠 (ゼンレスゾーンゼロ),[テフル] 讃頌会堕ち師匠 (ゼンレスゾーンゼロ),讃頌会堕ち師匠,japanese,tefuru,,doujinshi,zenless zone zero,yixuan,"big breasts, artistcg, dark skin, mind control, crotch tattoo, bald, gloves",10,2026-08-03 15:26:07,2026-08-03 15:26:07,2026-08-04 14:31:19
669696,[テフル] ふたなりisgm (にじさんじ),[テフル] ふたなりisgm (にじさんじ),ふたなりisgm,japanese,tefuru,,doujinshi,nijisanji,"shishido akari, ishigami nozomi","futanari, sweating, unusual pupils, stockings, collar, sole dickgirl, heterochromia, fishnets, vtuber, gloves, stirrup legwear, dickgirl on female",5,2026-08-03 15:26:38,2026-08-03 15:26:38,2026-08-04 14:31:30
669697,[テフル] マゾメス美鈴 (学園アイドルマスター),[テフル] マゾメス美鈴 (学園アイドルマスター),マゾメス美鈴,japanese,tefuru,,doujinshi,the idolmaster,misuzu hataya,"sweating, dark skin, stockings, collar, sole female, sole male, kemonomimi, gloves, stirrup legwear",9,2026-08-03 15:27:26,2026-08-03 15:27:26,2026-08-04 14:31:41
669698,[テフル] 讃頌会堕ちリンちゃん (ゼンレスゾーンゼロ),[テフル] 讃頌会堕ちリンちゃん (ゼンレスゾーンゼロ),讃頌会堕ちリンちゃん,japanese,tefuru,,doujinshi,zenless zone zero,belle,"sweating, big breasts, artistcg, dark skin, mind control, sole female, sole male, crotch tattoo, gloves",10,2026-08-03 15:28:14,2026-08-03 15:28:14,2026-08-04 14:31:52
669699,[テフル] ムラつきhks (lにじさんじ),[テフル] ムラつきhks (lにじさんじ),ムラつきhks,japanese,tefuru,,doujinshi,nijisanji,hakase fuyuki,"sweating, big breasts, unusual pupils, dark skin, stockings, sole female, sole male, vtuber",5,2026-08-03 15:28:47,2026-08-03 15:28:47,2026-08-04 14:32:04
669700,[テフル] マゾメス広 (学園アイドルマスター),[テフル] マゾメス広 (学園アイドルマスター),マゾメス広,japanese,tefuru,,doujinshi,the idolmaster,hiro shinosawa,"sweating, anorexic, dark skin, trampling, collar, sole female, sole male",8,2026-08-03 15:29:24,2026-08-03 15:29:24,2026-08-04 14:32:15
669701,[テフル] マゾメス一番星 (学園アイドルマスター),[テフル] マゾメス一番星 (学園アイドルマスター),マゾメス一番星,japanese,tefuru,,doujinshi,the idolmaster,sena juo,"sweating, big breasts, unusual pupils, dark skin, sole female, sole male",5,2026-08-03 15:29:58,2026-08-03 15:29:58,2026-08-04 14:32:26
669702,[テフル] tkfr (lにじさんじ),[テフル] tkfr (lにじさんじ),tkfr,japanese,tefuru,,doujinshi,nijisanji,"inui toko, furen e lustario","sweating, big breasts, unusual pupils, dog girl, ffm threesome, dark skin, stockings, blindfold, collar, sole male, kemonomimi, ponytail, vtuber, stirrup legwear",6,2026-08-03 15:30:35,2026-08-03 15:30:35,2026-08-04 14:32:37
669703,[テフル] 寝取られ人妻,[テフル] 寝取られ人妻,寝取られ人妻,japanese,tefuru,,doujinshi,original,,"sweating, big breasts, unusual pupils, dark skin, impregnation, collar, sole female, sole male, bald, stirrup legwear",11,2026-08-03 15:31:31,2026-08-03 15:31:31,2026-08-04 14:32:48
669704,[テフル] イチャラブ純愛リー清 (学園アイドルマスター),[テフル] イチャラブ純愛リー清 (学園アイドルマスター),イチャラブ純愛リー清,japanese,tefuru,,doujinshi,the idolmaster,"sumika shiun, lilja katsuragi","sweating, big breasts, unusual pupils, group, schoolgirl uniform, ffm threesome, dark skin, sole male",8,2026-08-03 15:32:10,2026-08-03 15:32:10,2026-08-04 14:33:00
669705,[テフル] 生オナホ献上 (lにじさんじ),[テフル] 生オナホ献上 (lにじさんじ),生オナホ献上,japanese,tefuru,,doujinshi,nijisanji,"lize helesta, suzuhara lulu","big breasts, unusual pupils, dark skin, stockings, blindfold, collar, sole male, ponytail, vtuber, stirrup legwear",6,2026-08-03 15:32:54,2026-08-03 15:32:54,2026-08-04 14:33:11
669706,[テフル] 夜のターン制バトル (ゼンレスゾーンゼロ),[テフル] 夜のターン制バトル (ゼンレスゾーンゼロ),夜のターン制バトル,japanese,tefuru,,doujinshi,zenless zone zero,"belle, remielle dan","futanari, sweating, wings, big breasts, unusual pupils, stockings, sole dickgirl, dickgirl on female",5,2026-08-03 15:33:20,2026-08-03 15:33:20,2026-08-04 14:33:22
669707,[テフル] 接待営業 (ゼンレスゾーンゼロ),[テフル] 接待営業 (ゼンレスゾーンゼロ),接待営業,japanese,tefuru,,doujinshi,zenless zone zero,"evelyn chevalier, astra yao","sweating, big breasts, swimsuit, unusual pupils, group, ffm threesome, dark skin, bikini, sole male",5,2026-08-03 15:33:58,2026-08-03 15:33:58,2026-08-04 14:33:33
669708,[テフル] エリィ＆リーシャ (英雄伝説 創の軌跡),[テフル] エリィ＆リーシャ (英雄伝説 創の軌跡),エリィ＆リーシャ,japanese,tefuru,,doujinshi,the legend of heroes | eiyuu densetsu,elie macdowell,"sweating, kissing, big breasts, unusual pupils, paizuri",4,2026-08-03 15:34:21,2026-08-03 15:34:21,2026-08-04 14:33:45
669709,(J.GARDEN58) [Kanshouyaku (miska)] Inbon -Aka-,(J.GARDEN58) [甘蕉薬 (miska)] 淫本-赤-,Inbon -Aka-,japanese,miska,kanshouyaku,doujinshi,original,,"wings, nun, anal, males only, yaoi, demon, rape, tomgirl, shotacon, horns, tail, soushuuhen, anal intercourse",154,2026-08-03 16:01:02,2026-08-03 16:01:02,2026-08-04 14:33:56
669710,"[withsoda (Kitaichi Naco)] Ikanaide, Yachiyo-kun [Digital]",[withsoda (北一なこ)] 行かないで八千代くん [DL版],"Ikanaide, Yachiyo-kun",japanese,kitaichi naco,withsoda,doujinshi,original,,"kissing, glasses, condom, anal, males only, yaoi, shotacon, anal intercourse",42,2026-08-03 16:09:00,2026-08-03 16:09:00,2026-08-04 14:34:07
669711,"[withsoda (Kitaichi Naco)] Shumatsu wa, Naisho [Digital]",[withsoda (北一なこ)] 週末は、ナイショ [DL版],"Shumatsu wa, Naisho",japanese,kitaichi naco,withsoda,doujinshi,original,,"anal, males only, yaoi, shotacon, anal intercourse, bathing room",28,2026-08-03 16:14:35,2026-08-03 16:14:35,2026-08-04 14:34:18
669712,[Yoerosun (Tazune)] Nagase Reika wa BSS in MM Este ~ Suki na Onna-tomodachi ga Eroi Massaji o Sareteru noni Majikku Mira-goshi de Minagara Kuyashiko suru shika Dekinai Hanashi ~ | 長瀬玲華在BSS魔鏡按摩室〜隔著魔鏡看著喜歡的女性朋友進行著色色按摩自己卻只能不甘地打著飛機的故事〜 [Chinese] [Incomplete],[ヨエロ寸 (たづね)] 長瀬玲華はBSS in MMエステ〜好きな女友達がエロいマッサージをされてるのにマジックミラー越しで見ながら悔シコするしか出来ない話〜 [中国翻訳] [ページ欠落],Nagase Reika wa BSS in MM Este ~ Suki na Onna-tomodachi ga Eroi Massaji o Sareteru noni Majikku Mira-goshi de Minagara Kuyashiko suru shika Dekinai Hanashi ~ | 長瀬玲華在BSS魔鏡按摩室〜隔著魔鏡看著喜歡的女性朋友進行著色色按摩自己卻只能不甘地打著飛機的故事〜,"translated, chinese",,,doujinshi,original,,"big breasts, netorare, swinging, mosaic censorship, incomplete, beauty mark, extraneous ads, netorase",52,2026-08-03 16:17:56,2026-08-03 16:17:56,2026-08-04 14:34:29
669713,(C91) [HAPPY WATER (Kizaki Yuuri)] Colorful KonoSuba (Kono Subarashii Sekai ni Syukufuku o!) [English] [Pangean],(C91) [HAPPY WATER (樹崎祐里)] からふるこのすば (この素晴らしい世界に祝福を!) [英訳],Colorful KonoSuba,"english, translated",kizaki yuuri,happy water,doujinshi,kono subarashii sekai ni syukufuku o,"aqua, megumin, kazuma satou, darkness | lalatina ford dustiness","big breasts, swimsuit, group, nakadashi, thigh high boots, x-ray, full color, bunny girl, paizuri, school swimsuit, blowjob, sole male, ponytail, fishnets",19,2026-08-03 16:19:40,2026-08-03 16:19:40,2026-08-04 14:34:41
669714,[Hamabeuo (Tansui Shirasu)] Oshibori Udon (Touhou Project) [English] [SCANMTL] [Digital],[ハマベウオ (淡水シラス)] お搾りうどん (東方Project) [英訳] [DL版],Oshibori Udon,"english, translated",tansui shirasu,hamabeuo,doujinshi,touhou project,reisen udongein inaba,"futanari, big breasts, group, milking, scanmark, bondage, x-ray, bunny girl, lactation, stockings, tentacles, sole dickgirl, kemonomimi, rough translation, penis enlargement, futanarization",34,2026-08-03 16:22:06,2026-08-03 16:22:06,2026-08-04 14:34:52
669715,[RERE] 閉環転生—禁恋親子,[RERE] 閉環転生—禁恋親子,閉環転生—禁恋親子,japanese,,rere,doujinshi,original,,"milf, big breasts, masturbation, body swap, ahegao, mother, incest, possession, age progression, impregnation, age regression, sole female, very long hair, gender change",7,2026-08-03 16:23:57,2026-08-03 16:23:57,2026-08-04 14:35:03
669716,[RERE] 閉環轉生—禁戀母子 [Chinese],,閉環轉生—禁戀母子,chinese,,rere,doujinshi,original,,"milf, big breasts, masturbation, body swap, ahegao, mother, incest, possession, age progression, impregnation, age regression, sole female, very long hair, gender change",7,2026-08-03 16:25:44,2026-08-03 16:25:44,2026-08-04 14:35:14
669717,[Teterun] Super Cock Showdown Maratian Kingdom Arc [English] [Part 1-33],,Super Cock Showdown Maratian Kingdom Arc,"english, translated",teterun,,doujinshi,original,,"futanari, big breasts, urethra insertion, unusual pupils, story arc, big ass, balls expansion, frottage, huge breasts, dark skin, multi-work series, huge penis, tall girl, big penis, dickgirl on dickgirl, twintails, cumflation, very long hair, giant sperm, full-packaged futanari, penis enlargement",308,2026-08-03 16:43:58,2026-08-03 16:43:58,2026-08-04 14:35:26
669718,[Toranoe no Makimono (Toranoe)] Mesugaki Datte Wakarasaretai | Sometimes Cocky Sluts Wanna Be Taught A Lesson Too! [English] [Penguin Piper] [Digital],[とらのえのまきもの (トラノエ)] メスガキだってわからされたいっ❤ [英訳] [DL版],Mesugaki Datte Wakarasaretai | Sometimes Cocky Sluts Wanna Be Taught A Lesson Too!,"english, translated",toranoe,toranoe no makimono,doujinshi,original,,"glasses, condom, nakadashi, ahegao, lolicon, x-ray, stockings, small breasts, gokkun, teacher, blowjob, big penis, stomach deformation, sole female, sole male, twintails, domination loss, mesugaki",26,2026-08-03 16:49:07,2026-08-03 16:49:07,2026-08-04 14:35:37
669719,[Osunuya (Osunu)] Okozukai Kasegi no Tsumori ga Chinpo ni Hamacchau Gal | 原本是打算賺點零花錢卻對肉棒上癮了的辣妹 [Chinese] [Digital],[おすぬ屋 (おすぬ)] お小遣い稼ぎのつもりがチンポにハマっちゃうギャル [中国翻訳] [DL版],Okozukai Kasegi no Tsumori ga Chinpo ni Hamacchau Gal | 原本是打算賺點零花錢卻對肉棒上癮了的辣妹,"translated, chinese",osunu,,doujinshi,original,,"squirting, big breasts, prostitution, nakadashi, gyaru, collar, sole female, sole male, ponytail, extraneous ads, painted nails",51,2026-08-03 16:52:19,2026-08-03 16:52:19,2026-08-04 14:35:49
669720,[Setouchi Mao no Yamiichi (Setouchi Mao)] Fellatio 10pun Taeretara Kimi no Kachi ~Tantou Josei no Ippan Gijutsu~ | 口交10分鐘過去就算你赢 〜負責女性的普通技巧〜 [Chinese],[瀬戸内マオの闇市 (瀬戸内マオ)] フェラチオ10分耐えたら君の勝ち〜担当女性の一般技術〜 [中国翻訳],Fellatio 10pun Taeretara Kimi no Kachi ~Tantou Josei no Ippan Gijutsu~ | 口交10分鐘過去就算你赢 〜負責女性的普通技巧〜,"translated, chinese",setouchi mao,setouchi mao no yamiichi,doujinshi,original,,"elf, group, blowjob face, ffm threesome, x-ray, multi-work series, gokkun, mosaic censorship, blowjob, blindfold, sole male, beauty mark, no penetration, focus blowjob, nipple stimulation, extraneous ads, painted nails",29,2026-08-03 16:54:13,2026-08-03 16:54:13,2026-08-04 14:36:00
669721,[Peniperon] Mondaiji Kousei Seitokai -Renzoku Sakusei ni yoru Jinkaku Kyousei no Kiroku- | 問題兒童更生學生會 ー基於連續榨精的人格矯正記錄ー [Chinese],[ぺにぺろん] 問題児更生生徒会 ー連続搾精による人格矯正の記録ー [中国翻訳],Mondaiji Kousei Seitokai -Renzoku Sakusei ni yoru Jinkaku Kyousei no Kiroku- | 問題兒童更生學生會 ー基於連續榨精的人格矯正記錄ー,"translated, chinese",,,doujinshi,original,,"big breasts, schoolgirl uniform, nakadashi, femdom, x-ray, gyaru, paizuri, blowjob, sole female, sole male, ponytail, mouth mask, nipple stimulation, extraneous ads, painted nails",55,2026-08-03 16:57:50,2026-08-03 16:57:50,2026-08-04 14:36:12
669722,[Takei Tsukasa] Tonari no Hitozuma no Himitsu wa ne? (COMIC Penguin Club 2023-11 & 12) [Chinese] [Digital],[タケイツカサ] 隣の人妻の秘密はね? (COMIC ペンギンクラブ 2023年11月12月合併号) [中国翻訳] [DL版],Tonari no Hitozuma no Himitsu wa ne?,"translated, chinese",takei tsukasa | mizuno takeshi,,manga,,,extraneous ads,29,2026-08-03 17:00:04,2026-08-03 17:00:04,2026-08-04 14:36:23
669723,[Jake] Mushoku Baishun ~Isekai Ikanai Honki Dasanai Osananajimi no Onee-san~ (COMIC Penguin Club 2024-01) [Chinese] [Digital],[じぇいく] 無職買春~異世界行かない本気出さない幼馴染のお姉さん~ (COMIC ペンギンクラブ 2024年1月号) [中国翻訳] [DL版],Mushoku Baishun ~Isekai Ikanai Honki Dasanai Osananajimi no Onee-san~,"translated, chinese",jake | j9,,manga,,,extraneous ads,27,2026-08-03 17:02:01,2026-08-03 17:02:01,2026-08-04 14:36:35
669724,[Tamaki Misao] Sunao ni Narenai Wake (COMIC Penguin Club 2023-11 & 12) [Chinese] [Digital],[たまきみさお] 素直になれないワケ (COMIC ペンギンクラブ 2023年11月12月合併号) [中国翻訳] [DL版],Sunao ni Narenai Wake,"translated, chinese",tamaki misao,,manga,,,"sole female, extraneous ads",26,2026-08-03 17:03:59,2026-08-03 17:03:59,2026-08-04 14:36:46
669725,[Zonda] Okashite Ageru [English] [Digital],[ぞんだ] 犯してあげる♥ [英訳] [無修正] [DL版],Okashite Ageru,"english, translated",zonda,,manga,,,"business suit, handjob, sweating, kissing, leg lock, big breasts, garter belt, unusual pupils, glasses, netorare, uncensored, big ass, cheating, schoolgirl uniform, facesitting, nakadashi, ahegao, blowjob face, femdom, tracksuit, exhibitionism, x-ray, tankoubon, big areolae, pantyhose, sumata, paizuri, gokkun, ball sucking, sister, teacher, tomboy, blowjob, beauty mark, ponytail, hidden sex",197,2026-08-03 17:16:55,2026-08-03 17:16:55,2026-08-04 14:36:58
669726,[Kukado Rio (Kukado Rio)] Elf Kishi Ryoujoku Boku ga Hitojichi Kanojo ga Dorei [English] [SCANMTL] [Digital],[九門りお (九門りお)] エルフ騎士陵辱 ボクが人質彼女が奴隷 [英訳] [DL版],Elf Kishi Ryoujoku Boku ga Hitojichi Kanojo ga Dorei,"english, translated",kukado rio,kukado rio,doujinshi,original,,"elf, big breasts, netorare, scanmark, bondage, drugs, rape, blackmail, collar, tentacles, rough translation",30,2026-08-03 17:23:27,2026-08-03 17:23:27,2026-08-04 14:37:09
669727,[Dokuneko Noil] Kazano Hiori ni Warui Koto o Suru Hanashi (Kouhen) | 对风野灯织做坏事的故事 后篇 (THE IDOLM@STER) [Chinese] [Akiseherol个人汉化],[毒猫ノイル] 風野灯織に悪いことをする話【後編】 (THE IDOLM@STER) [中国翻訳],Kazano Hiori ni Warui Koto o Suru Hanashi (Kouhen) | 对风野灯织做坏事的故事 后篇,"translated, chinese",dokuneko noil,,doujinshi,the idolmaster,"producer, hiori kazano","full color, drunk, sole female, sole male",16,2026-08-03 17:24:48,2026-08-03 17:24:48,2026-08-04 14:37:20
669728,(C99) [mikan-bako (Kotatsu Mikan)] Takemi Naika Iin no Yoku Aru Koukei | A Common Scene at the Takemi Clinic (Persona 5) [English] [EHCOVE],(C99) [みかん箱 (こたつみかん)] 武見内科医院のよくある光景 (ペルソナ5) [英訳],Takemi Naika Iin no Yoku Aru Koukei | A Common Scene at the Takemi Clinic,"english, translated",nama mikan,mikan-bako,doujinshi,persona 5,"tae takemi, akira kurusu | ren amamiya","big breasts, nakadashi, anal, drugs, blowjob, collar, sole female, sole male, anal intercourse",33,2026-08-03 17:27:11,2026-08-03 17:27:11,2026-08-04 14:37:32
669729,[Sayoyuri Hako (Sayoyuri)] Sei Mahou Shoujo Monika ~Chichizeme Akuochi Shokushu Kan~ [English] [SCANMTL],[小夜百合箱 (小夜百合)] 聖魔法少女モニカ~乳責め悪堕ち触手姦~ [英訳],Sei Mahou Shoujo Monika ~Chichizeme Akuochi Shokushu Kan~,"english, translated",sayoyuri,usagi milk | sayoyuri hako,doujinshi,original,,"nun, corruption, anal, scanmark, double penetration, stockings, tentacles, gloves, rough translation",63,2026-08-03 17:31:00,2026-08-03 17:31:00,2026-08-04 14:37:43
669730,[Circle B.C.A. (Tsuno)] Connect Androgynous to Boy 1-3 [Digital & Scan],,Connect Androgynous to Boy 1-3,japanese,tsuno,circle b.c.a.,doujinshi,original,,"futanari, multiple breasts, frottage, femdom, crossdressing, latex, mosaic censorship, dickgirl on male, soushuuhen",93,2026-08-03 17:36:34,2026-08-03 17:36:34,2026-08-04 14:37:55
669731,[Circle B.C.A. (Tsuno)] Connect Androgynous to Boy 1-3 [English][Moosh][Digital & Scan],,Connect Androgynous to Boy 1-3,"english, translated",tsuno,circle b.c.a.,doujinshi,original,,"futanari, multiple breasts, frottage, femdom, crossdressing, latex, mosaic censorship, dickgirl on male, soushuuhen",93,2026-08-03 17:42:22,2026-08-03 17:42:22,2026-08-04 14:38:06
669732,"[Rarirurerowawon (Rururoriri)] Oshite Osotte Osowarete | I Did My Fave, Then She Did Me! (Murasaki Shion, Sakamata Chloe) [English] [The People With No Name] [Digital]",[らりるれろわをん (るるろりり)] 推して襲って襲われて (紫咲シオン、沙花叉クロヱ) [英訳] [DL版],"Oshite Osotte Osowarete | I Did My Fave, Then She Did Me!","english, translated",rururoriri,,doujinshi,hololive,"murasaki shion, sakamata chloe","kissing, females only, lolicon, yuri, drunk, fingering, vtuber, nipple stimulation",35,2026-08-03 17:49:13,2026-08-03 17:49:13,2026-08-04 14:38:17
669733,[Namunamu. (Moro)] Fun Camping (Jujutsu Kaisen),[なむなむ。(もろ)] Fun Camping (呪術廻戦),Fun Camping,"english, translated",,,doujinshi,,"satoru gojo, suguru geto","males only, non-h",33,2026-08-03 17:51:44,2026-08-03 17:51:44,2026-08-04 14:38:29
669734,[Hamabeuo (Tansui Shirasu)] Misty vs Futanari Ero Trap Dungeon Sono 2 (Touhou Project) [English] [SCANMTL] [Digital],[ハマベウオ (淡水シラス)] みすちーvsフタナリエロトラップダンジョンその2 (東方Project) [英訳] [DL版],Misty vs Futanari Ero Trap Dungeon Sono 2,"english, translated",tansui shirasu,hamabeuo,doujinshi,touhou project,mystia lorelei,"futanari, onahole, scanmark, tentacles, rough translation",15,2026-08-03 17:52:55,2026-08-03 17:52:55,2026-08-04 14:38:40
669735,[King] 都市奇闻-奇怪母狗 Urban Anecdote - Strange Bitch (SCANMTL),[King] 都市奇闻-奇怪母狗 Urban Anecdote - Strange Bitch,都市奇闻-奇怪母狗 Urban Anecdote - Strange Bitch,"english, translated",king,,doujinshi,original,,"gag, scanmark, bondage, kemonomimi, petplay, rough translation",20,2026-08-03 17:54:19,2026-08-03 17:54:19,2026-08-04 14:38:51
669736,[King] 失踪美女-乌克兰丝袜模特 Missing Beauty - Ukrainian Model in Pantyhose (SCANMTL),[King] 失踪美女-乌克兰丝袜模特 Missing Beauty - Ukrainian Model in Pantyhose,失踪美女-乌克兰丝袜模特 Missing Beauty - Ukrainian Model in Pantyhose,"english, translated",king,,doujinshi,original,,"gag, scanmark, bondage, bodysuit, rough translation",27,2026-08-03 17:56:13,2026-08-03 17:56:13,2026-08-04 14:39:02
669737,恐怖诊所 (SCANMTL),恐怖诊所,恐怖诊所,"english, translated",king,,doujinshi,original,,"scanmark, bondage, rough translation",17,2026-08-03 17:57:25,2026-08-03 17:57:25,2026-08-04 14:39:13
669738,[boomdragonkid] NARUKO 4 (Naruto) [English],,NARUKO 4,english,boomdragonkid,,doujinshi,naruto,"naruto uzumaki, boruto uzumaki","maid, big breasts, father, big nipples, big ass, cheating, nakadashi, anal, crossdressing, shemale, dark skin, yaoi, lactation, lingerie, tomgirl, feminization, small penis",44,2026-08-03 18:00:30,2026-08-03 18:00:30,2026-08-04 14:39:25
669739,[King] Mermaid trap (SCANMTL),[King] Mermaid trap,Mermaid trap,"english, translated",king,,doujinshi,original,,"scanmark, bodysuit, rough translation",24,2026-08-03 18:02:14,2026-08-03 18:02:14,2026-08-04 14:39:36
669740,Princess's Sticky Trap (SCANMTL),公主的黏液陷阱,Princess's Sticky Trap,"english, translated",king,,doujinshi,original,,"scanmark, bondage, full color, bodysuit, rough translation",31,2026-08-03 18:04:16,2026-08-03 18:04:16,2026-08-04 14:39:47
669741,[Umebatake (Dendou Monaka)] Exorcist no Haiboku ~Seito Rape Hen~ - Defeat of the Exorcist [English] [SCANMTL],[ウメ畑 (電動もなか)] エクソシストの敗北～生徒レイプ編～ [英訳],Exorcist no Haiboku ~Seito Rape Hen~ - Defeat of the Exorcist,"english, translated",dendou monaka,"dendou monaka, umebatake",doujinshi,original,,"futanari, nun, electric shocks, prostate massage, femdom, scanmark, bondage, demon girl, multi-work series, blindfold, dickgirl on dickgirl, horns, small penis, gloves, rough translation, full-packaged futanari",26,2026-08-03 18:06:15,2026-08-03 18:06:15,2026-08-04 14:39:59
669742,[uniuni (uni)] Mahou Shoujo VS Shokushu Chikan Otoko (SCANMTL),[uniuni (uni)] 魔法少女VS触手痴漢男,Mahou Shoujo VS Shokushu Chikan Otoko,"english, translated",uni,uniuni,doujinshi,original,,"big breasts, nakadashi, anal, scanmark, bondage, x-ray, rape, tentacles, twintails, rough translation",34,2026-08-03 18:12:57,2026-08-03 18:12:57,2026-08-04 14:40:10
669743,(C106) [Rarirurerowawon (Rururoriri)] Oshioki Chuu~doku | Addicted Too Your Punishments (Sakamata Chloe) [English] [The People With No Name],(C106) [らりるれろわをん (るるろりり)] おしおきちゅ～どく (沙花叉クロヱ) [英訳],Oshioki Chuu~doku | Addicted Too Your Punishments,"english, translated",rururoriri,,doujinshi,hololive,sakamata chloe,"slime, big breasts, nakadashi, x-ray, inverted nipples, muscle, collar, sole female, sole male, vtuber, nipple stimulation",33,2026-08-03 18:18:05,2026-08-03 18:18:05,2026-08-04 14:40:21
669744,[Boin-Do(Siberian Hahasky)] Mothers are Women Too! 6 [English][DarklordMTLs],,Mothers are Women Too! 6,"japanese, english, translated",siberian hahasky,boin-do,doujinshi,original,,"squirting, milf, big breasts, big ass, cheating, nakadashi, mother, kimono, exhibitionism, multi-work series, incest, blowjob, pixie cut, rough translation, onsen",67,2026-08-03 18:30:21,2026-08-03 18:30:21,2026-08-04 14:40:33
669745,[Forest Caravan (Forest)] The female hero is completely unaware that she was utterly defeated by the Demon King!,[フォレスト・キャラバン (フォレスト)] 女勇者は魔王にボロ負けしたことに気づいてない！,The female hero is completely unaware that she was utterly defeated by the Demon King!,japanese,forest,forest caravan,doujinshi,original,,"big breasts, metal armor, ahegao, exhibitionism, mind control, sole female",34,2026-08-03 18:32:44,2026-08-03 18:32:44,2026-08-04 14:40:44
669746,[uniuni (uni)] Mahou Shoujo VS Ero Trap Dungeon [English] [SCANMTL],[uniuni (uni)] 魔法少女VSエロトラップダンジョン [英訳],Mahou Shoujo VS Ero Trap Dungeon,"english, translated",uni,uniuni,doujinshi,original,,"torture, spanking, magical girl, scanmark, tickling, rape, stuck in wall, tentacles, rough translation",50,2026-08-03 18:43:16,2026-08-03 18:43:16,2026-08-04 14:40:56
669747,(Futaket 14.5) [Ichigoen (Sorano Suzume)] Shemale Terry Ryoujoku | Shemale Terry Violation (King of Fighters) [English] [LKK•Scans],(ふたけっと14.5) [いちご苑 (天ノ雀)] シーメールテリー陵辱 (ザ・キング・オブ・ファイターズ) [英訳],Shemale Terry Ryoujoku | Shemale Terry Violation,"english, translated",sorano suzume,ichigoen,doujinshi,king of fighters,terry bogard,"group, full censorship, anal, shemale, double penetration, mmt threesome, sole male, male on dickgirl, sole dickgirl, ponytail, gender change, rough translation",29,2026-08-03 18:45:23,2026-08-03 18:45:23,2026-08-04 14:41:07
669748,"[Otokonoko de Asobou] Uchi, Chinko Tsuiterunsu kedo Iissu ka? | I have a dick, is that okay? [English] [LKK•Scans]",[男の子で遊ぼう] ウチ、チンコついてるんすけどイイっすか? [英訳],"Uchi, Chinko Tsuiterunsu kedo Iissu ka? | I have a dick, is that okay?","english, translated",yuuki konefu,otokonoko de asobou,doujinshi,original,,"glasses, anal, shemale, dickgirl on male, male on dickgirl, sole dickgirl, ponytail, anal intercourse, rough translation",28,2026-08-03 18:47:13,2026-08-03 18:47:13,2026-08-04 14:41:18
669749,[DDSCharcoal] TsukaSen Log (Dr.STONE),,TsukaSen Log,"english, translated",,,doujinshi,dr. stone,"senku ishigami, tsukasa shishiou","males only, non-h",7,2026-08-03 18:47:56,2026-08-03 18:47:56,2026-08-04 14:41:29
669750,[Crimson] Virgin Revenger 3 [English] [CulturedCommissions],[クリムゾン] ヴァージンリベンジャー 3 [英訳],Virgin Revenger 3,"english, translated",crimson | carmine,crimson,doujinshi,original,,"multi-work series, drugs, bbm, sole female",85,2026-08-03 18:53:39,2026-08-03 18:53:39,2026-08-04 14:41:40
669751,[Libyan (Libyco)] 雄ショタ～ド執着！巨根ショタ×元ヤン社畜 快楽堕ちまで帰りません～,[Libyan (りびこ)] 雄ショタ～ド執着！巨根ショタ×元ヤン社畜 快楽堕ちまで帰りません～,雄ショタ～ド執着！巨根ショタ×元ヤン社畜 快楽堕ちまで帰りません～,japanese,,,doujinshi,original,,"males only, yaoi, smalldom",38,2026-08-03 18:56:24,2026-08-03 18:56:24,2026-08-04 14:41:51
669752,[106 Goushitsu Yori (Asano Tooru)] Chii-chan wa Nani mo Shiranai [Digital],[106号室より (あさの透)] ちぃちゃんは何も知らない [DL版],Chii-chan wa Nani mo Shiranai,japanese,asano tooru,,doujinshi,original,,"nakadashi, sex toys, lolicon, x-ray, stomach deformation, sole female, sole male",26,2026-08-03 19:01:13,2026-08-03 19:01:13,2026-08-04 14:42:03
669753,[Nekonumedou (Nekonume)] Suki Suki Onii-chan Inaka de Ecchi na Mizu Asobi ~Sukumizu na Itoko to Dokidoki de Icha Love~ [Digital],[ネコぬめ堂 (ネコぬめ)] スキスキお兄ちゃん田舎でエッチな水遊び〜スク水な従妹とドキドキでイチャラブ〜 [DL版],Suki Suki Onii-chan Inaka de Ecchi na Mizu Asobi ~Sukumizu na Itoko to Dokidoki de Icha Love~,japanese,nekonume,nekonumedou,doujinshi,original,,"nakadashi, cousin, lolicon, x-ray, incest, school swimsuit, sole female, sole male",32,2026-08-03 19:07:24,2026-08-03 19:07:24,2026-08-04 14:42:14
669754,[106 Goushitsu Yori (Asano Tooru)] Sensee to Onee-san no Renshuu! [Digital],[106号室より (あさの透)] せんせぇとおねえさんのれんしゅう！ [DL版],Sensee to Onee-san no Renshuu!,japanese,asano tooru,,doujinshi,original,,"nakadashi, lolicon, kindergarten uniform",32,2026-08-03 19:13:34,2026-08-03 19:13:34,2026-08-04 14:42:26
669755,[Reckless] Iroha's first time... with HoloX (Hololive),[レックレス] いろはの初めての経験… ホロックスの仲間たちの助けを借りて (ホロライブ),Iroha's first time... with HoloX,"japanese, english",reckless,,doujinshi,hololive,"sakamata chloe, hakui koyori, kazama iroha","group, condom, dog girl, defloration, full color, small breasts, sole male, vtuber",43,2026-08-03 19:16:13,2026-08-03 19:16:13,2026-08-04 14:42:37
669756,(GW Chou Doujinsai) [Little Note (Suzunashi Rei)] Chieri-chan Taihen desu!! (THE IDOLM@STER CINDERELLA GIRLS) [English] [SCANMTL],(GW超同人祭) [Little Note (鈴梨れい)] 智絵里ちゃん大変ですっ!! (アイドルマスター シンデレラガールズ) [英訳],Chieri-chan Taihen desu!!,"english, translated",suzunashi rei,little note,doujinshi,the idolmaster,chieri ogata,"scanmark, tentacles, sole female, rough translation",22,2026-08-03 19:18:03,2026-08-03 19:18:03,2026-08-04 14:42:48
669757,[philanthropy] Level MAX no Nikubenki ni Nattemashita [English] [SCANMTL] [Digital],[philanthropy] レベルMAXの肉便器になってました [英訳] [DL版],Level MAX no Nikubenki ni Nattemashita,"english, translated",,philanthropy,doujinshi,slime taoshite 300-nen shiranai uchi ni level max ni nattemashita,,"slime, pregnant, witch, scanmark, mosaic censorship, rape, tentacles, sole female, rough translation",21,2026-08-03 19:22:14,2026-08-03 19:22:14,2026-08-04 14:43:00
669758,[Dream Project (Yumeno Shiya)] Kongou o Kuchikukan Kai (Kantai Collection -KanColle-) [English] [SCANMTL] [Digital],[ドリームプロジェクト (夢ノ紫也)] 金剛を駆逐姦改 (艦隊これくしょん -艦これ-) [英訳] [DL版],Kongou o Kuchikukan Kai,"english, translated",yumeno shiya,dream project,doujinshi,kantai collection,kongou,"scanmark, mosaic censorship, tentacles, sole female, rough translation",18,2026-08-03 19:23:30,2026-08-03 19:23:30,2026-08-04 14:43:12
669759,[Dream Project (Yumeno Shiya)] Kashima to Shinkai Shokushugun (Kantai Collection -KanColle-) [English] [SCANMTL] [Digital],[ドリームプロジェクト (夢ノ紫也)] 鹿島と深海触手群 (艦隊これくしょん -艦これ-) [英訳] [DL版],Kashima to Shinkai Shokushugun,"english, translated",yumeno shiya,dream project,doujinshi,kantai collection,kashima,"scanmark, tentacles, sole female, twintails, rough translation",14,2026-08-03 19:24:32,2026-08-03 19:24:32,2026-08-04 14:43:23
669760,[Yesman] Cool-ke Ikemen Onna Shitsuji Netorase | 冷艳帅气美女管家NTRS [Chinese] [黒緋鞠汉化],[Yesman] クール系イケメン女執事寝取らせ [中国翻訳],Cool-ke Ikemen Onna Shitsuji Netorase | 冷艳帅气美女管家NTRS,"translated, chinese",yesman,,doujinshi,original,,"big breasts, piercing, big nipples, netorare, nakadashi, gyaru-oh, bodysuit, filming, mosaic censorship, nose hook, ponytail, eye-covering bang, exposed clothing, detached sleeves, nipple piercing, netorase",9,2026-08-03 19:25:15,2026-08-03 19:25:15,2026-08-04 14:43:34
669761,[Reverse Noise (Yamu)] Succubus Koumakan ANOTHER 2 | 魅魔紅魔館 ANOTHER 2 (Touhou Project) [Chinese] [明稿昨拖漢化組] [Digital],[Reverse Noise (やむっ)] サキュバス紅魔館 ANOTHER 2 (東方Project) [中国翻訳] [DL版],Succubus Koumakan ANOTHER 2 | 魅魔紅魔館 ANOTHER 2,"translated, chinese",yamu,reverse noise,doujinshi,touhou project,koakuma,"big breasts, unusual pupils, group, demon girl, multi-work series, sole female, crotch tattoo, tail, very long hair",27,2026-08-03 19:27:04,2026-08-03 19:27:04,2026-08-04 14:43:45
669762,"[Enari] Mukashi kara Suki Datta Osananajimi ni Futsuu ni Tsuyo-Osu Kareshi Ite, Ichaicha Sex shiteru Tokoro Misete Morau Yatsu | 从前就喜欢的青梅竹马顺理成章地交了个威猛男友还让我现场观摩激烈床战 [Chinese] [黒緋鞠汉化]",[江成] 昔から好きだった幼馴染に普通に強オス彼氏いて、いちゃいちゃセックスしてるところ見せてもらうやつ [中国翻訳],"Mukashi kara Suki Datta Osananajimi ni Futsuu ni Tsuyo-Osu Kareshi Ite, Ichaicha Sex shiteru Tokoro Misete Morau Yatsu | 从前就喜欢的青梅竹马顺理成章地交了个威猛男友还让我现场观摩激烈床战","translated, chinese",enari,,doujinshi,original,,"big breasts, netorare, dark skin, x-ray, full color, big areolae, muscle, sole female, shaved head, beauty mark, small penis, netorase",12,2026-08-03 19:28:03,2026-08-03 19:28:03,2026-08-04 14:43:58
669763,[RERE] Skinsuit Amusement Park [English],,Skinsuit Amusement Park,english,,rere,doujinshi,original,,"masturbation, body swap, skinsuit, fingering, bbm, gender change",11,2026-08-03 19:28:55,2026-08-03 19:28:55,2026-08-04 14:44:09
669764,[RERE] 皮モノランド,[RERE] 皮モノランド,皮モノランド,japanese,,rere,doujinshi,original,,"masturbation, body swap, skinsuit, fingering, bbm, gender change",11,2026-08-03 19:29:48,2026-08-03 19:29:48,2026-08-04 14:44:20
669765,[RERE] 皮物遊樂園 [Chinese],,皮物遊樂園,chinese,,rere,doujinshi,original,,"masturbation, body swap, skinsuit, fingering, bbm, gender change",11,2026-08-03 19:30:41,2026-08-03 19:30:41,2026-08-04 14:44:32
669766,[RERE] My otaku friend is a gravure idol [English],,My otaku friend is a gravure idol,english,,rere,doujinshi,,raiden shogun,"big breasts, body swap, cosplaying, footjob, stockings, sole female, ponytail, hidden sex, gender change",9,2026-08-03 19:31:27,2026-08-03 19:31:27,2026-08-04 14:44:43
669767,[RERE] オタク友達はグラビアアイドル,[RERE] オタク友達はグラビアアイドル,オタク友達はグラビアアイドル,japanese,,rere,doujinshi,,raiden shogun,"big breasts, body swap, cosplaying, footjob, stockings, sole female, ponytail, hidden sex, gender change",9,2026-08-03 19:32:10,2026-08-03 19:32:10,2026-08-04 14:44:54
669768,[RERE] 我的宅友是寫真女星 [Chinese],,我的宅友是寫真女星,chinese,,rere,doujinshi,,raiden shogun,"big breasts, body swap, cosplaying, footjob, stockings, sole female, ponytail, hidden sex, gender change",9,2026-08-03 19:33:02,2026-08-03 19:33:02,2026-08-04 14:45:05
669769,[RERE] TSF Vending Machine - Cleaner Edition [English],,TSF Vending Machine - Cleaner Edition,english,,rere,doujinshi,original,,"swimsuit, masturbation, schoolgirl uniform, body swap, sex toys, crossdressing, bbm, gender morph, gender change",23,2026-08-03 19:34:33,2026-08-03 19:34:33,2026-08-04 14:45:16
669770,[RERE] TSF販売機-清掃員篇,[RERE] TSF販売機-清掃員篇,TSF販売機-清掃員篇,japanese,,rere,doujinshi,original,,"swimsuit, masturbation, sex toys, bbm, gender morph, gender change",23,2026-08-03 19:36:04,2026-08-03 19:36:04,2026-08-04 14:45:28
669771,[RERE] TSF販賣機-清潔員篇 [Chinese],,TSF販賣機-清潔員篇,chinese,,rere,doujinshi,original,,"swimsuit, masturbation, schoolgirl uniform, sex toys, bbm, gender morph, gender change",23,2026-08-03 19:37:46,2026-08-03 19:37:46,2026-08-04 14:45:40
669772,[RERE] TSF Live Stream [English],,TSF Live Stream,english,,rere,doujinshi,original,,"transformation, masturbation, body swap, footjob, stockings, possession, paizuri, filming, bbm, gender morph, gender change",21,2026-08-03 19:39:23,2026-08-03 19:39:23,2026-08-04 14:45:51
669773,[RERE] TSF配信,[RERE] TSF配信,TSF配信,japanese,,rere,doujinshi,original,,"transformation, masturbation, body swap, stockings, paizuri, filming, bbm, gender morph, gender change",21,2026-08-03 19:40:55,2026-08-03 19:40:55,2026-08-04 14:46:02
669774,[RERE] TSF直播 [Chinese],,TSF直播,chinese,,rere,doujinshi,original,,"transformation, masturbation, body swap, footjob, stockings, paizuri, filming, bbm, gender morph, gender change",21,2026-08-03 19:42:29,2026-08-03 19:42:29,2026-08-04 14:46:14
669775,[RERE] Correctional Prison for Sexual Offenders [English],,Correctional Prison for Sexual Offenders,english,,rere,doujinshi,original,,"big breasts, chastity belt, body swap, mind control, policewoman, bbm, mesuiki, gender change",13,2026-08-03 19:43:33,2026-08-03 19:43:33,2026-08-04 14:46:25
669776,[RERE] 性矯正監獄,[RERE] 性矯正監獄,性矯正監獄,japanese,,rere,doujinshi,original,,"big breasts, chastity belt, body swap, mind control, policewoman, bbm, mesuiki, gender change",13,2026-08-03 19:44:34,2026-08-03 19:44:34,2026-08-04 14:46:36
669777,[RERE] 性矯正監獄 [Chinese],,性矯正監獄,chinese,,rere,doujinshi,original,,"big breasts, chastity belt, body swap, mind control, policewoman, bbm, mesuiki, gender change",13,2026-08-03 19:45:34,2026-08-03 19:45:34,2026-08-04 14:46:47
669778,[ARC (Tamagawa Yukimaru)] Teitoku wa Furutaka ni Akite Shimatta no Deshou ka? (Kantai Collection -KanColle-) [Digital],[ARC (多摩川雪丸)] 提督は古鷹に飽きてしまったのでしょうか？ (艦隊これくしょん -艦これ-) [DL版],Teitoku wa Furutaka ni Akite Shimatta no Deshou ka?,japanese,tamagawa yukimaru,arc,doujinshi,kantai collection,"furutaka, teitoku","masturbation, nakadashi, mosaic censorship, blowjob, sole female, sole male, heterochromia",32,2026-08-03 19:47:44,2026-08-03 19:47:44,2026-08-04 14:46:58
669779,[アヘ丸] 遠坂の秘策,[アヘ丸] 遠坂の秘策,遠坂の秘策,japanese,ahemaru | henrik,,doujinshi,fate stay night,rin tosaka,"sweating, kissing, big breasts, group, netorare, big ass, double vaginal, ahegao, asphyxiation, x-ray, double penetration, dilf, impregnation, blowjob, bbm, sole female, bald, twintails, nipple stimulation",36,2026-08-03 19:50:16,2026-08-03 19:50:16,2026-08-04 14:47:11
669780,[ARC (Tamagawa Yukimaru)] Furutaka-san to Valentine to White Day (Kantai Collection -KanColle-) [Digital],[ARC (多摩川雪丸)] 古鷹さんとバレンタインとホワイトデー (艦隊これくしょん -艦これ-) [DL版],Furutaka-san to Valentine to White Day,japanese,tamagawa yukimaru,arc,doujinshi,kantai collection,"furutaka, teitoku","cunnilingus, nakadashi, mosaic censorship, sole female, sole male, heterochromia",26,2026-08-03 19:52:03,2026-08-03 19:52:03,2026-08-04 14:47:22
669781,[Nekonumedou (Nekonume)] Suki Suki Oniichan Sewayaki Osananajimi ni Sukarete…〜Ofuro Ecchi Kara no Daidokoro Ecchi de Icha Love〜 [Digital],[ネコぬめ堂 (ネコぬめ)] スキスキお兄ちゃん世話焼き幼馴染に好かれて…〜お風呂エッチからの台所エッチでイチャラブ〜 [DL版],Suki Suki Oniichan Sewayaki Osananajimi ni Sukarete…〜Ofuro Ecchi Kara no Daidokoro Ecchi de Icha Love〜,japanese,nekonume,nekonumedou,doujinshi,original,,"handjob, kissing, nakadashi, lolicon, x-ray, incest, sister, blowjob, sole female, sole male, nipple stimulation, bathing room",32,2026-08-03 19:58:07,2026-08-03 19:58:07,2026-08-04 14:47:33
669782,[*Pop!*] [8 Tsuki kaishi] suguao R 18-pono[Pokemon violet and scarlet ),,suguao R 18-pono[Pokemon violet and scarlet ),japanese,,,doujinshi,pokemon | pocket monsters,"juliana, kieran","bunny girl, pantyhose",30,2026-08-03 20:00:11,2026-08-03 20:00:11,2026-08-04 14:47:45
669783,[Momonosuke (Momokan)] Yuuka Hayase - POV Style Footage While Ushio Controls His Ejaculation With a Handjob [English] [Rei Scans],ハメ撮り鑑賞射精管理手こき,Yuuka Hayase - POV Style Footage While Ushio Controls His Ejaculation With a Handjob,"english, translated",momonosuke,,doujinshi,blue archive,"ushio, yuuka hayase, noa ushio","netorare, artistcg, netorase",28,2026-08-03 20:02:05,2026-08-03 20:02:05,2026-08-04 14:47:56
669784,[RERE] Chain [English],,Chain,english,,rere,doujinshi,original,,"big breasts, masturbation, body swap, stockings, possession, bbm, gender change, painted nails",7,2026-08-03 20:02:47,2026-08-03 20:02:47,2026-08-04 14:48:07
669785,[RERE] 連鎖,[RERE] 連鎖,連鎖,japanese,,rere,doujinshi,original,,"big breasts, masturbation, body swap, stockings, possession, bbm, gender change, painted nails",7,2026-08-03 20:03:21,2026-08-03 20:03:21,2026-08-04 14:48:18
669786,[RERE] 連鎖 [Chinese],,連鎖,chinese,"ree, hyouisuki",rere,doujinshi,original,,"big breasts, masturbation, body swap, stockings, possession, bbm, gender change, painted nails",7,2026-08-03 20:04:03,2026-08-03 20:04:03,2026-08-04 14:48:31
669787,[RERE] Anime Festival Body Swap Event [English],,Anime Festival Body Swap Event,english,,rere,doujinshi,original,,"glasses, masturbation, body swap, demon girl, cosplaying, bbm, sole female, sole male, horns, gender change",5,2026-08-03 20:04:29,2026-08-03 20:04:29,2026-08-04 14:48:42
669788,[RERE] コミケ入れ替わりイベント,[RERE] コミケ入れ替わりイベント,コミケ入れ替わりイベント,japanese,,rere,doujinshi,original,,"glasses, masturbation, body swap, demon girl, cosplaying, bbm, sole female, sole male, horns, gender change",5,2026-08-03 20:05:00,2026-08-03 20:05:00,2026-08-04 14:48:53
669789,[RERE] 動漫祭換身活動 [Chinese],,動漫祭換身活動,chinese,,rere,doujinshi,original,,"glasses, masturbation, body swap, demon girl, cosplaying, bbm, sole female, sole male, horns, gender change",5,2026-08-03 20:05:30,2026-08-03 20:05:30,2026-08-04 14:49:04
669790,[RERE] Lust ring [English],,Lust ring,english,,rere,doujinshi,original,,"big breasts, masturbation, body swap, solo action, bbm, sole female, gender change",24,2026-08-03 20:07:04,2026-08-03 20:07:04,2026-08-04 14:49:16
669791,[RERE] 淫慾の換身指輪,[RERE] 淫慾の換身指輪,淫慾の換身指輪,japanese,,rere,doujinshi,original,,"big breasts, masturbation, body swap, solo action, bbm, sole female, gender change",24,2026-08-03 20:08:48,2026-08-03 20:08:48,2026-08-04 14:49:27
669792,[RERE] 淫慾的換身戒 [Chinese],,淫慾的換身戒,chinese,,rere,doujinshi,original,,"big breasts, masturbation, body swap, solo action, bbm, sole female, gender change",24,2026-08-03 20:10:29,2026-08-03 20:10:29,2026-08-04 14:49:38
669793,[RERE] Sex education with Skin [English],,Sex education with Skin,english,,rere,doujinshi,original,,"big breasts, group, body swap, skinsuit, nakadashi, bbm, gender change",9,2026-08-03 20:11:17,2026-08-03 20:11:17,2026-08-04 14:49:50
669794,[RERE] 入れ皮り性教育,[RERE] 入れ皮り性教育,入れ皮り性教育,japanese,,rere,doujinshi,original,,"big breasts, group, body swap, skinsuit, nakadashi, bbm, gender change",9,2026-08-03 20:12:03,2026-08-03 20:12:03,2026-08-04 14:50:01
669795,[RERE] 皮物性教育 [Chinese],,皮物性教育,chinese,,rere,doujinshi,original,,"big breasts, group, body swap, skinsuit, nakadashi, bbm, gender change",9,2026-08-03 20:12:53,2026-08-03 20:12:53,2026-08-04 14:50:12
669796,[San Se Fang (Heiqing Langjun)] Hyakkasou 15 <<Chokou Kourin!>> [English] [Decensored] [Digital],[三色坊 (黑青郎君)] 百華荘15 《猪皇降臨！》 [英訳] [無修正] [DL版],Hyakkasou 15 <<Chokou Kourin!>>,"english, translated",heiqing langjun | kokusei roukun,san se fang,doujinshi,original,,"uncensored, nakadashi, ahegao, lolicon, multi-work series, age progression, ball sucking, impregnation, big penis, gloves, rough translation, smalldom, ball caressing",29,2026-08-03 20:18:28,2026-08-03 20:18:28,2026-08-04 14:50:24
669797,[106-goushitsu Yori (Asano Tooru)] E-den009 Ore no Puni Loli Sexaroid! [Digital],[106号室より (あさの透)] E-den009 俺のぷにロリセクサロイド！ [DL版],E-den009 Ore no Puni Loli Sexaroid!,japanese,asano tooru,,doujinshi,original,,"kissing, emotionless sex, nakadashi, robot, lolicon, x-ray, stockings, blowjob, collar, stomach deformation, sole female, sole male",21,2026-08-03 20:22:25,2026-08-03 20:22:25,2026-08-04 14:50:35
669798,[PigPanPan (Ikura Nagisa)] Murasame no Iu Toori (Kantai Collection -KanColle-) [English] [XO Manga] [Digital],[PigPanPan (伊倉ナギサ)] 村雨のいうとおり (艦隊これくしょん -艦これ-) [英訳] [DL版],Murasame no Iu Toori,"english, translated",ikura nagisa,pigpanpan,doujinshi,kantai collection,"teitoku, murasame","schoolgirl uniform, scanmark, yandere, twintails",8,2026-08-03 20:23:09,2026-08-03 20:23:09,2026-08-04 14:50:47
669799,[PigPanPan (Ikura Nagisa)] Net de Shiriatta JC ga 35-sai no Oba-san datta [English] [XO manga] [Digital],[PigPanPan (伊倉ナギサ)] ネットで知り合ったJCが35歳のオバサンだった [英訳] [DL版],Net de Shiriatta JC ga 35-sai no Oba-san datta,"english, translated",ikura nagisa,pigpanpan,doujinshi,original,,"leg lock, big breasts, schoolgirl uniform, low lolicon, scanmark, lolicon, yandere, sole female, sole male, beauty mark",36,2026-08-03 20:29:33,2026-08-03 20:29:33,2026-08-04 14:50:58
669800,[Nikoushikou (Nekosaki Aoi)] princess rice  [English] [XO manga] [Digital],[に向思考 (猫崎葵)] 公主飯 (プリンセスコネクト!Re:Dive) [英訳] [DL版],princess rice,"english, translated",nekosaki aoi,nikoushikou,doujinshi,princess connect,"kokkoro | kokoro natsume, kyaru | kiruya momochi, pecorine | eustiana von astraea","big breasts, group, nakadashi, scanmark, small breasts, blowjob, catgirl, sole male, kemonomimi",21,2026-08-03 20:31:05,2026-08-03 20:31:05,2026-08-04 14:51:10
669801,[Nikoushikou (Nekosaki Aoi)] Megumin ni Kareina Shasei o! 8 (Kono Subarashii Sekai ni Syukufuku o!) [English] [XO Manga],[に向思考 (貓崎葵)] めぐみんに華麗な射精を!8 (この素晴らしい世界に祝福を!) [英訳] [DL版],Megumin ni Kareina Shasei o! 8,"english, translated",nekosaki aoi,nikoushikou,doujinshi,kono subarashii sekai ni syukufuku o,"megumin, kazuma satou","nakadashi, scanmark, x-ray, multi-work series, small breasts, sole male",23,2026-08-03 20:32:48,2026-08-03 20:32:48,2026-08-04 14:51:21
669802,[XXkorori (Ko Tora)] Secret Dinner (Fate/Grand Order) [Chinese] [Tsumugi个人汉化] [Digital],[××コロリ (小虎)]  シークレットディナー  (Fate/Grand Order) [中国翻訳] [DL版],Secret Dinner,"translated, chinese",ko tora,xxkorori,doujinshi,fate grand order,"yan qing, ashwatthama","kissing, group, nakadashi, anal, dark skin, males only, yaoi, gaping, blowjob, muscle, bbm, bald, ponytail, large tattoo",23,2026-08-03 20:34:20,2026-08-03 20:34:20,2026-08-04 14:51:32
669803,NTR复仇代理 1-19話（中文机翻润色) | NTR REVENGE AGENT(CHINESE),NTR復讐代行 1-19話,NTR复仇代理 1-19話（中文机翻润色) | NTR REVENGE AGENT,"translated, chinese",sunahama nosame,,doujinshi,original,,"chastity belt, corruption, goblin, netorare, body modification, shemale, dark skin, breast expansion, huge penis, mind break, muscle, big penis, feminization, dickgirl on male, male on dickgirl, gender change, rough translation",134,2026-08-03 20:42:11,2026-08-03 20:42:11,2026-08-04 14:51:43
669804,[Maimu Maimu (Kudou Maimu)] Akogare no Naka no Hito[ENGRISH][CharlesWHITE][CRACKERTL],まいむ～まいむ (九童まいむ)] あこがれのナカの人,Akogare no Naka no Hito,"english, translated",kudou maimu,maimu maimu,doujinshi,original,,"big breasts, nakadashi, rape, sole female, sole male, rough translation",27,2026-08-03 20:47:53,2026-08-03 20:47:53,2026-08-04 14:51:54
669805,[Ahemaru] High Elf no Joou to Hime ga Seihanzaisha o Korashimeru-teki na Yatsu [English],[アヘ丸] ハイエルフの女王と姫が性犯罪者を懲らしめる的なやつ [英訳],High Elf no Joou to Hime ga Seihanzaisha o Korashimeru-teki na Yatsu,"english, translated",ahemaru | henrik,ahemaru,doujinshi,original,,"squirting, elf, milf, big breasts, spanking, pregnant, group, goblin, cervix penetration, nakadashi, ahegao, anal, blowjob face, femdom, x-ray, prolapse, big areolae, lactation, gokkun, gaping, tiara, nose hook, dilf, impregnation, blowjob, big penis, deepthroat, oyakodon, anal intercourse, cervix prolapse, rough translation, vaginal birth",25,2026-08-03 20:49:39,2026-08-03 20:49:39,2026-08-04 14:52:06
669806,[Mint no Chicchai Oana (Mint Muzzlini)] Souon Trouble [English],[ミントのちっちゃいお穴 (ミント・ムッツリーニ)] 騒音トラブル [英訳],Souon Trouble,"english, translated",,mint no chicchai oana,doujinshi,original,,"mosaic censorship, rough translation",13,2026-08-03 20:50:43,2026-08-03 20:50:43,2026-08-04 14:52:17
669807,[BruLee] Hot and Cold Sunyata (Genshin Impact) [English],,Hot and Cold Sunyata,english,brulee,,doujinshi,genshin impact,"aether, eula lawrence, dehya","big breasts, group, nakadashi, ffm threesome, dark skin, x-ray, full color, sole male, kemonomimi",53,2026-08-03 20:54:05,2026-08-03 20:54:05,2026-08-04 14:52:28
669808,"[Daikanki] Ore... Honto, Saitei da na...[Chinese]",[大歓喜] 俺… ほんと、最低だな…[中国翻訳],"Ore... Honto, Saitei da na...","translated, chinese",daikanki,,doujinshi,original,,"big breasts, pantyhose, sole female, rough translation, high heels, netorase",64,2026-08-03 21:06:31,2026-08-03 21:06:31,2026-08-04 14:52:40
669809,[灯問] カップルアプリ,[灯問] カップルアプリ,カップルアプリ,japanese,hitoi,,doujinshi,original,,"netorare, cheating, sole female",8,2026-08-03 21:07:21,2026-08-03 21:07:21,2026-08-04 14:52:51
669810,(C81) [Homuraya (Homura Subaru)] Majo Sakyu [English] [SCANMTL],(C81) [ほむら屋 (焔すばる)] マジョ☆サキュ [英訳],Majo Sakyu,"english, translated",homura subaru,homuraya | homuraya pleiades,doujinshi,original,,"nipple expansion, witch, females only, anal, scanmark, demon girl, yuri, lactation, tentacles, horns, rough translation, nipple stimulation",18,2026-08-03 21:08:37,2026-08-03 21:08:37,2026-08-04 14:53:02
669811,[8cm (8000)] Chouko Tenshi wa Yume demo Genjitsu demo Okasareru (Beat Angel Escalayer) [English] [SCANMTL] [Digital],[8cm (8000)] 超昂天使は夢でも現実でも犯される (超昂天使エスカレイヤー) [英訳] [DL版],Chouko Tenshi wa Yume demo Genjitsu demo Okasareru,"english, translated",8000,8cm,doujinshi,choukou tenshi escalayer,sayuka kouenji,"futanari, big breasts, swimsuit, onahole, magical girl, group, glasses, nakadashi, scanmark, blowjob, tentacles, male on dickgirl, sole dickgirl, gloves, rough translation, dickgirl on female",23,2026-08-03 21:10:18,2026-08-03 21:10:18,2026-08-04 14:53:13
669812,[Good08 & Twain]  分身术让我每天加倍变强：第二季 | 分身術讓我每天加倍變強：第二季 1-16 [Chinese] [Decensored] [Ongoing],,分身术让我每天加倍变强：第二季 | 分身術讓我每天加倍變強：第二季 1-16,"translated, chinese",,,manga,,,"big breasts, uncensored, story arc, webtoon",264,2026-08-03 21:32:12,2026-08-03 21:32:12,2026-08-04 14:53:25
669813,[Halcyon & kiki]  不一样的甜点 | 不一樣的甜點 1-8 [Chinese] [Ongoing],,不一样的甜点 | 不一樣的甜點 1-8,"translated, chinese",,,manga,,,"big breasts, story arc, webtoon",193,2026-08-03 21:46:57,2026-08-03 21:46:57,2026-08-04 14:53:36
669814,[变态中 | 變態中 & 性感波] 伪纯爱变态 | 偽純愛變態 1-9 [Chinese] [Ongoing],,伪纯爱变态 | 偽純愛變態 1-9,"translated, chinese",,,manga,,,webtoon,194,2026-08-03 22:02:09,2026-08-03 22:02:09,2026-08-04 14:53:47
669815,[INAGITA] X ~Kemono no Chi~ [English] [SCANMTL] [Digital],[INAGITA] X～獣の血～ [英訳] [DL版],X ~Kemono no Chi~,"english, translated",inagita,,doujinshi,original,,"snuff, scanmark, lolicon, rape, collar, tentacles, sole female, kemonomimi, rough translation",33,2026-08-03 22:09:24,2026-08-03 22:09:24,2026-08-04 14:53:58
669816,(Boys Parade) [AK (Kuroyuri)] Sore ja Yume de Aimashou [English] [SCANMTL],(ぼーいず☆パレード) [AK (くろゆり)] それじゃあ夢で愛ましょう [英訳],Sore ja Yume de Aimashou,"english, translated",kuroyuri,ak,doujinshi,original,,"anal, scanmark, yaoi, tomgirl, tentacles, shotacon, rough translation",23,2026-08-03 22:13:42,2026-08-03 22:13:42,2026-08-04 14:54:10
669817,[Nemoan (Nemo)] Shounen Shinkan o Ryoujoku Shi ni Kita Shokushu ga Kenshuusei datta Ken [English] [SCANMTL] [Digital],[ねも庵 (ねも)] 少年神官を陵辱しに来た触手が研修生だった件 [英訳] [DL版],Shounen Shinkan o Ryoujoku Shi ni Kita Shokushu ga Kenshuusei datta Ken,"english, translated",nemo,,doujinshi,original,,"ahegao, anal, scanmark, crossdressing, monster, yaoi, stockings, tomgirl, collar, tentacles, shotacon, rough translation",29,2026-08-03 22:19:11,2026-08-03 22:19:11,2026-08-04 14:54:21
669818,[fake69rose (Yanagi Asahi)] Syokusyu Kanojo - My girlfriend is... [English] [SCANMTL] [Digital],[fake69rose (夜凪朝妃)] 触手彼女 [英訳] [DL版],Syokusyu Kanojo - My girlfriend is...,"english, translated",yanagi asahi,fake69rose,doujinshi,original,,"glasses, scanmark, x-ray, tentacles, sole female, sole male, rough translation",32,2026-08-03 22:21:22,2026-08-03 22:21:22,2026-08-04 14:54:32
669819,[fake69rose (Yanagi Asahi)] Shokushu kanojo 2 -summer- [English] [SCANMTL] [Digital],[fake69rose (夜凪朝妃)] 触手彼女2-summer- [英訳] [DL版],Shokushu kanojo 2 -summer-,"english, translated",yanagi asahi,fake69rose,doujinshi,original,,"big breasts, glasses, scanmark, x-ray, full color, paizuri, blowjob, tentacles, sole female, sole male, rough translation",16,2026-08-03 22:22:34,2026-08-03 22:22:34,2026-08-04 14:54:43
669820,[Kangendou] Hajimete no Seikan Ikusei Gakushuu Zenpen [English] [SCANMTL],[甘言堂] はじめての性感育成学習 前編 [英訳],Hajimete no Seikan Ikusei Gakushuu Zenpen,"english, translated",,kangendou,doujinshi,original,,"scanmark, tentacles, rough translation",22,2026-08-03 22:24:02,2026-08-03 22:24:02,2026-08-04 14:54:54
669821,[Kaden Ryohanten (Nibiirokaden)] Kugi no Miko 2 [English] [SCANMTL] [Digital],[荷電量販店 (鈍色家電)] 供犠の巫女2 [英訳] [DL版],Kugi no Miko 2,"english, translated",nibiirokaden,kaden ryohanten seijin corner,doujinshi,original,,"big breasts, miko, monster girl, netorare, asphyxiation, scanmark, multi-work series, tentacles, sole female, rough translation",31,2026-08-03 22:26:08,2026-08-03 22:26:08,2026-08-04 14:55:05
669822,[PASTEL WING CherryICE (Kisaragi-ICE)] Ero Manga de Mita You na Shokushu H ga Shite Mitai (Tensei Shitara Slime Datta Ken) [English] [SCANMTL] [Digital],[PASTEL WING CherryICE (如月あいす)] エロ漫画で見たような触手Hがしてみたい (転生したらスライムだった件) [英訳] [DL版],Ero Manga de Mita You na Shokushu H ga Shite Mitai,"english, translated",kisaragi-ice,pastel wing cherryice,doujinshi,tensei shitara slime datta ken,rimuru tempest,"anal, scanmark, yaoi, tomgirl, tentacles, rough translation",8,2026-08-03 22:26:53,2026-08-03 22:26:53,2026-08-04 14:55:17
669823,"[AK (Kuroyuri)] Akumade Kore wa ""Yume"" nano de. [English] [SCANMTL] [Digital]",[AK (くろゆり)] あくまでコレは『夢』なので。 [英訳] [DL版],"Akumade Kore wa ""Yume"" nano de.","english, translated",kuroyuri,ak,doujinshi,original,,"anal, sex toys, scanmark, multi-work series, yaoi, tomgirl, shotacon, tail plug, anal intercourse, rough translation",21,2026-08-03 22:31:04,2026-08-03 22:31:04,2026-08-04 14:55:28
669824,[Unagi Kame-ya] ヤリマンビッチ妹に巻き込まれて、人前に出られない肉便器にされた彼女,[Unagi Kame-ya] ヤリマンビッチ妹に巻き込まれて、人前に出られない肉便器にされた彼女,ヤリマンビッチ妹に巻き込まれて、人前に出られない肉便器にされた彼女,japanese,,muin coffee,doujinshi,original,,"big breasts, piercing, ahegao, dark skin, twintails, large tattoo",28,2026-08-03 22:32:54,2026-08-03 22:32:54,2026-08-04 14:55:39
669825,[SUZUPONi (Suzunomoku)] Naedoko no Doukutsu 2 [English] [SCANMTL] [Digital],[すずぽに (すずのもく)] なえどこのどうくつ 2 [英訳] [DL版],Naedoko no Doukutsu 2,"english, translated",suzunomoku,suzupony,doujinshi,original,,"squirting, elf, big breasts, triple penetration, urethra insertion, pregnant, unusual pupils, females only, cervix penetration, ahegao, anal, scanmark, bondage, lolicon, x-ray, multi-work series, double penetration, rape, impregnation, blowjob, tentacles, multiple orgasms, clit stimulation, rough translation, nipple stimulation, vaginal birth",40,2026-08-03 22:41:04,2026-08-03 22:41:04,2026-08-04 14:55:51
669826,[SUZUPONi (Suzunomoku)] Shokushu Uri no Cult 3 [English] [SCANMTL] [Digital],[すずぽに (すずのもく)] 触手売りのクルテ3 [英訳] [DL版],Shokushu Uri no Cult 3,"english, translated",suzunomoku,suzupony,doujinshi,original,,"glasses, ahegao, scanmark, tentacles, rough translation",35,2026-08-03 22:43:31,2026-08-03 22:43:31,2026-08-04 14:56:02
669827,[Tatejima Kita] Chiccha na Elf Mama ~Teishinchou Elf to Kindan no Boshi Seikatsu~ Ch. 7 | 小小只萝莉妈妈 ~跟小矮个精灵之间禁断的母子生活~ 第7話 (Cyberia Plus Vol. 50) [Chinese] [猫瓶瓶汉化组],[縦縞キタ] ちっちゃなエルフママ ~低身長エルフと禁断の母子生活~ 第7話 (サイベリアplus Vol.50) [中国翻訳],Chiccha na Elf Mama ~Teishinchou Elf to Kindan no Boshi Seikatsu~ Ch. 7 | 小小只萝莉妈妈 ~跟小矮个精灵之间禁断的母子生活~ 第7話,"translated, chinese",tatejima kita | yokosima,,manga,,,lolicon,23,2026-08-03 22:47:52,2026-08-03 22:47:52,2026-08-04 14:56:14
669828,[SUZUPONi (Suzunomoku)] Shokushu Uri no Cult IV [English] [Digital],[すずぽに (すずのもく)] 触手売りのクルテIV [英訳] [DL版],Shokushu Uri no Cult IV,"english, translated",suzunomoku,suzupony,doujinshi,original,,"squirting, glasses, ahegao, anal, scanmark, x-ray, double penetration, tentacles, rough translation",26,2026-08-03 22:49:43,2026-08-03 22:49:43,2026-08-04 14:56:26
669829,(C99) [Kaminari-neko (Eitarou)] Saeta Kanojo no Suikanochi (Saenai Heroine no Sodatekata) [English] [Kinsei Translations],(C99) [カミナリネコ (えーたろー)] 冴えた彼女の睡姦堕ち (冴えない彼女の育てかた) [英訳],Saeta Kanojo no Suikanochi,"english, translated",eitarou,kaminari neko,doujinshi,saenai heroine no sodatekata,"utaha kasumigaoka, eriri spencer sawamura","big breasts, nakadashi, anal, sleeping, defloration, drugs, pantyhose, small breasts, twintails",27,2026-08-03 22:51:47,2026-08-03 22:51:47,2026-08-04 14:56:38
669830,[SUZUPONi (Suzunomoku)] Shokushu Uri no Cult 5 [English] [SCANMTL] [Digital],[すずぽに (すずのもく)] 触手売りのクルテ5 [英訳] [DL版],Shokushu Uri no Cult 5,"english, translated",suzunomoku,suzupony,doujinshi,original,,"pregnant, females only, cervix penetration, scanmark, yuri, x-ray, impregnation, tentacles, ponytail, horns, rough translation, vaginal birth",48,2026-08-03 22:54:59,2026-08-03 22:54:59,2026-08-04 14:56:49
669831,[Suzupony(Suzunomoku)] Shokushu Uri no Tenta[Digital] (SCANMTL),[すずぽに(すずのもく)]触手売りのテンタ[DL版],Shokushu Uri no Tenta,"english, translated",suzunomoku,suzupony,doujinshi,original,,"monster girl, cervix penetration, ahegao, anal, scanmark, bondage, x-ray, double penetration, rape, tentacles, horns, rough translation",38,2026-08-03 23:02:29,2026-08-03 23:02:29,2026-08-04 14:57:01
669832,[Suzupony (Suzunomoku)] Riyuriyu Risugureho no Uwasa (Puella Magi Madoka Magica Side Story: Magia Record) [Digital] (SCANMTL),[すずぽに (すずのもく)] リユリユリスグレホのウワサ (マギアレコード 魔法少女まどか☆マギカ外伝) [DL版],Riyuriyu Risugureho no Uwasa,"english, translated",suzunomoku,suzupony,doujinshi,puella magi madoka magica side story magia record,"iroha tamaki, felicia mitsuki","females only, sex toys, scanmark, bondage, yuri, multi-work series, drugs, rough translation",18,2026-08-03 23:03:45,2026-08-03 23:03:45,2026-08-04 14:57:12
669833,[Mo] Y-kun,[も] Yくん,Y-kun,japanese,kireina mochi,,doujinshi,original,,"milf, kissing, big breasts, compilation, group, netorare, nakadashi, ahegao, blowjob face, ffm threesome, mother, lolicon, mind control, stockings, filming, ball sucking, teacher, impregnation, tomboy, blowjob, big penis, collar, shotacon, sole male, oyakodon, shaved head, kemonomimi, ponytail, pixie cut, hair buns, petplay, multimouth blowjob, smalldom, nipple stimulation, kodomo doushi",131,2026-08-03 23:27:20,2026-08-03 23:27:20,2026-08-04 14:57:24
669834,[Suzupony (Suzunomoku)] Riyuriyu Risugureho no Uwasa 2 (Puella Magi Madoka Magica Side Story: Magia Record) [Digital] (SCANMTL),[すずぽに (すずのもく)] リユリユリスグレホのウワサ2 (マギアレコード 魔法少女まどか☆マギカ外伝) [DL版],Riyuriyu Risugureho no Uwasa 2,"english, translated",suzunomoku,suzupony,doujinshi,puella magi madoka magica side story magia record,"iroha tamaki, felicia mitsuki","females only, scanmark, yuri, multi-work series, fingering, twintails, rough translation",18,2026-08-03 23:28:47,2026-08-03 23:28:47,2026-08-04 14:57:39
669835,[Suzupony (Suzunomoku)] Riyuriyu Risugureho no Uwasa 3 (Puella Magi Madoka Magica Side Story: Magia Record) [Digital] (SCANMTL),[すずぽに (すずのもく)] リユリユリスグレホのウワサ3 (マギアレコード 魔法少女まどか☆マギカ外伝) [DL版],Riyuriyu Risugureho no Uwasa 3,"english, translated",suzunomoku,suzupony,doujinshi,puella magi madoka magica side story magia record,,"females only, sex toys, scanmark, bondage, lolicon, yuri, multi-work series, fingering, rape, big clit, rough translation",28,2026-08-03 23:34:01,2026-08-03 23:34:01,2026-08-04 14:57:50
669836,[Mimizuki Mimiduku. (Lionneko)] Kivotos no Hatsujouki Seia no Baai [Digital][Chinese],[ミミ好きミミ尽ク。 (れおねこ)] キヴォトスの発情期 セイアの場合 (ブルーアーカイブ) [DL版][中国翻译],Kivotos no Hatsujouki Seia no Baai,"translated, chinese",lionneko,mimizuki mimizuku.,doujinshi,blue archive,"sensei, seia yurizono","lolicon, fox girl, sole female, sole male, kemonomimi, rough translation, halo",30,2026-08-03 23:39:54,2026-08-03 23:39:54,2026-08-04 14:58:02
669837,"[Ranshi to Kimi to. (santa)] Kanojo Saimin 3 Omake Tanpen Manga ""Sato Takashi no Kokoronokori AmeSch Tenryuji Tannou Shinai no wa Uso deshou?"" [Chinese] [B_Meow个人汉化] [Digital]",[乱視と君と。 (santa)] 彼女催眠３おまけ短編漫画 「佐藤高志の心残りアメスク天龍寺堪能しないのは嘘でしょう?」 [中国翻訳] [DL版],"Kanojo Saimin 3 Omake Tanpen Manga ""Sato Takashi no Kokoronokori AmeSch Tenryuji Tannou Shinai no wa Uso deshou?""","translated, chinese",santa,ranshi to kimi to.,doujinshi,original,,"kissing, big breasts, schoolgirl uniform, femdom, multi-work series, stockings, tall girl, ball sucking, teacher, blowjob, bald, very long hair",8,2026-08-03 23:40:38,2026-08-03 23:40:38,2026-08-04 14:58:13
669838,[Nigiri Usagi] Atsumare! Tontoko Farmers 1-3,[にぎりうさぎ] あつまれ！とんとこファーマーズ 1-3,Atsumare! Tontoko Farmers 1-3,japanese,nigiri usagi,,doujinshi,original,,"sweating, kissing, big breasts, old man, glasses, nakadashi, multi-work series, dilf, big penis, sole male, bald",27,2026-08-03 23:42:21,2026-08-03 23:42:21,2026-08-04 14:58:25
669839,[Bukiya] Harpie Lady 2 Onee-san no Ero Manga | Harpie Lady 2 My Sexy Older Sister’s Manga [English],[武器屋] ハーピィ・レディ２お姉さんのエロマンガ [英訳],Harpie Lady 2 Onee-san no Ero Manga | Harpie Lady 2 My Sexy Older Sister’s Manga,"english, translated",,bukiya,doujinshi,yu-gi-oh,harpie lady 2,"squirting, big breasts, vomit, ahegao, blowjob face, dark skin, bikini, blowjob, muscle, big penis, collar, deepthroat, sole female, multiple orgasms",64,2026-08-03 23:46:32,2026-08-03 23:46:32,2026-08-04 14:58:37
669840,[Jury] Haraiya Isn't Going to Lose to Some Strange Teachings [English] [Rei Scans],[じゅらい] 祓屋さんは変な教えになんか負けない,Haraiya Isn't Going to Lose to Some Strange Teachings,"english, translated",jury,,doujinshi,original,,"big breasts, mmf threesome, group, nakadashi, ffm threesome, monster, x-ray, mind control, stockings, blowjob, blindfold, crotch tattoo",26,2026-08-03 23:48:30,2026-08-03 23:48:30,2026-08-04 14:58:48
669841,[Carrot Caramel Batake] hutari de zyunyuu nipurukoki ♥ chinese {个人ai机翻},,hutari de zyunyuu nipurukoki ♥ chinese,"translated, chinese",,carrot caramel batake,doujinshi,original,,"big breasts, schoolgirl uniform, artistcg, nipple fuck, insect, maggot, rough translation",21,2026-08-03 23:49:53,2026-08-03 23:49:53,2026-08-04 14:59:00
669842,[Henry Plaza (Henrybird)] Benki Seijo Blanca [Fullcolor],[半里プラザー (半里バード)] 便器聖女ブランカ 【フルカラー】,Benki Seijo Blanca,japanese,henrybird,henry plaza,doujinshi,original,,"nun, group, public use, ahegao, all the way through, lolicon, full color, multi-work series, double penetration, big penis, tentacles, missing cover",42,2026-08-03 23:58:11,2026-08-03 23:58:11,2026-08-04 14:59:11
