ID,EN_TITLE,JP_TITLE,CLEAN_TITLE,LANGUAGE,ARTIST,GROUP_NAME,CATEGORY,PARODY,CHARACTER,TAGS,PAGES,UPLOAD_DATE,FORMATTED_DATE,SCRAPED_DATE
660681,Comic Kaien VOL.33 [Digital],COMIC 快艶 VOL.33 [DL版],Comic Kaien VOL.33,japanese,"maki, amashoku, natin, gincha, kunel, naitou kirara, kirinama, usanomura kamekichi, murai toyo, shirotobi, sayakata, annomike, takahashi rukuna",,manga,,,"big breasts, piercing, group, full censorship, glasses, anthology, harem, demon girl, exhibitionism, maarenka",450,2026-07-01 00:03:07,2026-07-01 00:03:07,2026-07-02 14:00:14
660682,[Digital Flyer (Oota Yuuichi)] Neko to Geboku V [Digital],[Digital Flyer (大田優一)] ねことげぼくV [DL版],Neko to Geboku V,japanese,oota yuuichi,digital flyer,doujinshi,original,,"multi-work series, catgirl, kemonomimi, tail",33,2026-07-01 00:05:33,2026-07-01 00:05:33,2026-07-02 14:00:26
660683,[Digital Flyer (Oota Yuuichi)] Neko to Geboku VI [Digital],[Digital Flyer (大田優一)] ねことげぼくVI [DL版],Neko to Geboku VI,japanese,oota yuuichi,digital flyer,doujinshi,original,,"maid, big breasts, nakadashi, x-ray, multi-work series, stockings, blowjob, collar, catgirl, kemonomimi, leash, tail",33,2026-07-01 00:07:36,2026-07-01 00:07:36,2026-07-02 14:00:37
660684,[Digital Flyer (Oota Yuuichi)] Neko to Geboku VII [Digital],[Digital Flyer (大田優一)] ねことげぼくVII [DL版],Neko to Geboku VII,japanese,oota yuuichi,digital flyer,doujinshi,original,,"multi-work series, kemonomimi, tail",57,2026-07-01 00:11:08,2026-07-01 00:11:08,2026-07-02 14:00:48
660685,COMIC Orga Vol. 87,COMICオルガ vol.87,COMIC Orga Vol. 87,japanese,"naitou gura, yoihoshi hikari, ere 2 earo | kinokoya, rorimo",,manga,,,"big breasts, anthology, ffm threesome",106,2026-07-01 00:17:47,2026-07-01 00:17:47,2026-07-02 14:01:01
660686,COMIC GEE vol.42,COMIC GEE vol.42,COMIC GEE vol.42,japanese,"tawara hiryuu, mumumu, miniru, titiduki, katou an | izumi hachi, moegi oji-san",,manga,,,"milf, big breasts, anthology, femdom, yuri",125,2026-07-01 00:26:24,2026-07-01 00:26:24,2026-07-02 14:01:13
660687,COMIC LO 2026-08 [Digital],COMIC LO 2026年8月号 [DL版],COMIC LO 2026-08,japanese,"hinase aya, ookami uo, poron, kudou hisashi | oomichi imuta, arumamai ayuka plus, matsumoto kichidi, kinomoto anzu, aruma, acbins, wada wau, momoyama hato, oekaki ojisan, kanabun | wakaru tissue, konboi | nboimaru",,manga,,,"glasses, schoolgirl uniform, anthology, lolicon, incest, tanlines, stockings, oppai loli, lingerie, mosaic censorship, dilf, daughter, school swimsuit, bbm, shotacon, ponytail, twintails, kodomo doushi",484,2026-07-01 01:56:18,2026-07-01 01:56:18,2026-07-02 14:01:26
660688,[Au79] Marrying the feet of the girl I like (Pixiv) [English] [MTL],좋아하는 여자의 발과 결혼,Marrying the feet of the girl I like,english,au79,,doujinshi,original,,"sweating, big breasts, chastity belt, humiliation, femdom, foot licking, full color, orgasm denial, tall girl, slave, sole female, sole male, twintails, clothed female nude male, leash, no penetration, petplay, crying",6,2026-07-01 01:57:07,2026-07-01 01:57:07,2026-07-02 14:01:37
660689,[Jirou] 堕とされたい熟女達 [Digital],[ジロウ] 堕とされたい熟女達 [DL版],堕とされたい熟女達,japanese,jirou,,manga,,,"milf, big breasts, bbw, mmf threesome, group, netorare, cheating, nakadashi, moral degeneration, ahegao, mother, hairy, double penetration, tankoubon, pantyhose, hairy armpits",293,2026-07-01 02:15:01,2026-07-01 02:15:01,2026-07-02 14:01:48
660690,(Chou FAN★FUN★FANTASISTA 2026 Osaka) [Meipal Shirip (Yuru)] Soramiya to Saimin Sai-Kyouiku (Inazuma Eleven),(超FAN★FUN★FANTASISTA 2026大阪) [めいぱるしりっぷ (ゆる)] 空宮と催眠再教育 (イナズマイレブン),Soramiya to Saimin Sai-Kyouiku,japanese,yuru,meipal shirip,doujinshi,inazuma eleven,sei soramiya,"unusual pupils, schoolboy uniform, anal, dark skin, mind control, males only, yaoi, collar, shotacon, kemonomimi, anal intercourse",24,2026-07-01 02:19:32,2026-07-01 02:19:32,2026-07-02 14:01:59
660691,[chin] 交尾の巣窟 [Digital],[chin] 交尾の巣窟 [DL版],交尾の巣窟,japanese,chin,,manga,,,"netorare, tankoubon",180,2026-07-01 02:30:24,2026-07-01 02:30:24,2026-07-02 14:02:10
660692,COMIC Shingeki 2026-08 [Digital],COMIC 真激 2026年8月号 [DL版],COMIC Shingeki 2026-08,japanese,"gonza, wosushi, nagaikusa, futaba yae, chagata, harami, dekigokoro, asai makoto, kuba yodomu, shuuhen kouichi, muchimuchi chiaki, lionneko, minamiin beat",,manga,,,"big breasts, full censorship, schoolgirl uniform, anthology, prostitution, nakadashi, anal, femdom, tanlines, fingering, impregnation",480,2026-07-01 03:00:45,2026-07-01 03:00:45,2026-07-02 14:02:22
660693,[Anthology] Towako Oboro Emaki 19,[アンソロジー] 永遠娘 朧絵巻 19,Towako Oboro Emaki 19,japanese,"enu, yam, amagaeru, momendoufu",,manga,,,"anthology, demon girl, lolicon, stockings, mosaic censorship, impregnation, gloves",99,2026-07-01 03:19:48,2026-07-01 03:19:48,2026-07-02 14:02:33
660694,[Makin] Shinya Baito | Late-Night Part-Time Job [English],深夜バイト,Shinya Baito | Late-Night Part-Time Job,"english, translated",makin,,doujinshi,original,,"futanari, spanking, nakadashi, cashier, sex toys, blowjob, big penis, deepthroat, sole dickgirl, smalldom, dickgirl on female",16,2026-07-01 03:21:01,2026-07-01 03:21:01,2026-07-02 14:02:45
660695,[Fukuinu] Icha Love Hatsujou Kemo Musume 3 (Futanari Overdose) [Chinese],[福犬] イチャラブ発情ケモ娘 3 (ふたなりOVERDOSE) [中国翻訳],Icha Love Hatsujou Kemo Musume 3,"translated, chinese",fukuinu,,doujinshi,original,,"ttf threesome, futanari, big breasts, group, schoolgirl uniform, anal, dog girl, dark skin, x-ray, footjob, fft threesome, cowgirl, teacher, muscle, stomach deformation, dickgirl on dickgirl, kemonomimi, tail, gloves, anal intercourse, rough translation, full-packaged futanari, dickgirl on female",25,2026-07-01 03:22:49,2026-07-01 03:22:49,2026-07-02 14:02:57
660696,[Fukuinu] WORLD PENISING ~Futanari Rare Chinpo de Musou Suru~ 1 (Futanari Overdose) [Chinese],[福犬] ワールドぺ二シング ～ふたなりレアち〇ぽで無双する～ 1 (ふたなりOVERDOSE) [中国翻訳],WORLD PENISING ~Futanari Rare Chinpo de Musou Suru~ 1,"translated, chinese",fukuinu,,doujinshi,original,,"futanari, oni, big breasts, dark skin, multi-work series, rough translation, dickgirl on female",25,2026-07-01 03:24:35,2026-07-01 03:24:35,2026-07-02 14:03:08
660697,[Fukuinu] Futanari Overdose Fanza Edition Bonus (Futanari Overdose) [Chinese],[福犬] ふたなりOVERDOSE【FANZA限定特典】 (ふたなりOVERDOSE) [中国翻訳],Futanari Overdose Fanza Edition Bonus,"translated, chinese",fukuinu,,doujinshi,original,,"futanari, oni, big breasts, group, nakadashi, ahegao, anal, dog girl, dark skin, x-ray, footjob, fft threesome, mind control, inflation, double penetration, stockings, big penis, catgirl, stomach deformation, kemonomimi, fishnets, cumflation, stirrup legwear, anal intercourse, rough translation, full-packaged futanari, dickgirl on female",24,2026-07-01 03:26:15,2026-07-01 03:26:15,2026-07-02 14:03:20
660698,[Fukuinu] WORLD PENISING ~Futanari Rare Chinpo de Musou Suru~ 2 (Futanari Overdose) [Chinese],[福犬] ワールドぺ二シング ～ふたなりレアち〇ぽで無双する～ 2 (ふたなりOVERDOSE) [中国翻訳],WORLD PENISING ~Futanari Rare Chinpo de Musou Suru~ 2,"translated, chinese",fukuinu,,doujinshi,original,,"futanari, elf, big breasts, anal, dark skin, multi-work series, double penetration, muscle, big penis, kemonomimi, rough translation, full-packaged futanari, dickgirl on female",25,2026-07-01 03:28:06,2026-07-01 03:28:06,2026-07-02 14:03:32
660699,[銀茶] 恵那ちゃんは阿久津夫妻の性奴 (COMIC 快艶 VOL.33) [DL版],[銀茶] 恵那ちゃんは阿久津夫妻の性奴 (COMIC 快艶 VOL.33) [DL版],恵那ちゃんは阿久津夫妻の性奴,japanese,gincha,,manga,,,"gag, schoolgirl uniform, sex toys, ffm threesome, bondage, blindfold, shibari, nipple piercing",28,2026-07-01 03:30:05,2026-07-01 03:30:05,2026-07-02 14:03:44
660700,[Fukuinu] WORLD PENISING ~Futanari Rare Chinpo de Musou Suru~ 3 (Futanari Overdose) [Chinese],[福犬] ワールドぺ二シング ～ふたなりレアち〇ぽで無双する～ 3 (ふたなりOVERDOSE) [中国翻訳],WORLD PENISING ~Futanari Rare Chinpo de Musou Suru~ 3,"translated, chinese",fukuinu,,doujinshi,original,,"futanari, oni, big breasts, piercing, monster girl, ahegao, footjob, stockings, big penis, stomach deformation, dickgirl on dickgirl, horns, tail, stirrup legwear, cock ring, rough translation, nipple piercing, dickgirl on female",25,2026-07-01 03:31:56,2026-07-01 03:31:56,2026-07-02 14:03:56
660701,(Chou ONE→HUNDRED 2019) [Ninaltts (Ena)] Sorette Honto ni Satsuei Desu ka? (Mob Psycho 100),(超ONE→HUNDRED 2018) [Ninaltts (えな)] それってホントに撮影ですか？ (モブサイコ100),Sorette Honto ni Satsuei Desu ka?,japanese,ena,ninaltts,doujinshi,mob psycho 100,shigeo kageyama,"anal, males only, yaoi, shotacon, school gym uniform",26,2026-07-01 03:37:44,2026-07-01 03:37:44,2026-07-02 14:04:07
660702,[Purinpurun] Mama no H o Nozoita Hi kara Watashi wa Okashiku Narimashita - Peeping on My Mom Turned Me into a Pervert [English],[ぷりんぷるん] ママのHを覗いた日から 私はおかしくなりました  [英訳],Mama no H o Nozoita Hi kara Watashi wa Okashiku Narimashita - Peeping on My Mom Turned Me into a Pervert,"english, translated",,kumonos,doujinshi,original,,"big breasts, masturbation, schoolgirl uniform, nakadashi, voyeurism, dilf, bbm, sole male",65,2026-07-01 03:41:48,2026-07-01 03:41:48,2026-07-02 14:04:19
660703,[Purinpurun] Mama no H o Nozoita Hi kara Watashi wa Okashiku Narimashita [Textless],[ぷりんぷるん] ママのHを覗いた日から 私はおかしくなりました [無字],Mama no H o Nozoita Hi kara Watashi wa Okashiku Narimashita,japanese,,kumonos,doujinshi,original,,,64,2026-07-01 03:46:12,2026-07-01 03:46:12,2026-07-02 14:04:30
660704,[やまなし娘。] 田舎の激チョロ女たちと無責任中出しまくりな日々3 [DL版],[やまなし娘。] 田舎の激チョロ女たちと無責任中出しまくりな日々3 [DL版],田舎の激チョロ女たちと無責任中出しまくりな日々3,japanese,,yamanashi musume.,doujinshi,original,,full color,50,2026-07-01 03:49:56,2026-07-01 03:49:56,2026-07-02 14:04:42
660705,[やまなし娘。] 田舎の激チョロ女たちと無責任中出しまくりな日々4 [DL版],[やまなし娘。] 田舎の激チョロ女たちと無責任中出しまくりな日々4 [DL版],田舎の激チョロ女たちと無責任中出しまくりな日々4,japanese,,yamanashi musume.,doujinshi,original,,"big breasts, full color",59,2026-07-01 03:53:39,2026-07-01 03:53:39,2026-07-02 14:04:53
660706,[ロトエスート] ツンの数イくツンデレ系彼女 [DL版],[ロトエスート] ツンの数イくツンデレ系彼女 [DL版],ツンの数イくツンデレ系彼女,japanese,susukumo nagi,,doujinshi,original,,big breasts,61,2026-07-01 03:57:31,2026-07-01 03:57:31,2026-07-02 14:05:04
660707,[とかもす] 眠泊3〜掌で踊る傲慢な女帝、狩人が獲物に変わる刻〜 [DL版],[とかもす] 眠泊3〜掌で踊る傲慢な女帝、狩人が獲物に変わる刻〜 [DL版],眠泊3〜掌で踊る傲慢な女帝、狩人が獲物に変わる刻〜,japanese,,tokamosu,doujinshi,original,,"glasses, sleeping, multi-work series",155,2026-07-01 04:06:35,2026-07-01 04:06:35,2026-07-02 14:05:15
660708,[あっぷりけ] ふにゃオスが恋したおふざけ幼馴染、がちオスと出逢う。[DL版],[あっぷりけ] ふにゃオスが恋したおふざけ幼馴染、がちオスと出逢う。[DL版],ふにゃオスが恋したおふざけ幼馴染、がちオスと出逢う。,japanese,,,doujinshi,original,,"big breasts, netorare, full color",55,2026-07-01 04:11:08,2026-07-01 04:11:08,2026-07-02 14:05:27
660709,[アヘ丸] 遠坂の秘策,[アヘ丸] 遠坂の秘策,遠坂の秘策,japanese,ahemaru | henrik,,doujinshi,fate stay night,rin tosaka,"sweating, big breasts, netorare, big ass, ahegao, impregnation",18,2026-07-01 04:12:25,2026-07-01 04:12:25,2026-07-02 14:05:39
660710,"[Inui Nuinu] Ninkatsu Jisshuu, Hisshuuka ~Ore dake Itsudemo Nama Hame OK no Downer-kei Sensei ga Pair na Ken~ [Chinese]",[犬居ぬいぬ] 妊活実習、必修化〜俺だけいつでも生ハメOKのダウナー系先生がペアな件〜 [中国翻訳],"Ninkatsu Jisshuu, Hisshuuka ~Ore dake Itsudemo Nama Hame OK no Downer-kei Sensei ga Pair na Ken~","translated, chinese",inui nuinu,,doujinshi,original,,"big breasts, extraneous ads",55,2026-07-01 04:15:57,2026-07-01 04:15:57,2026-07-02 14:05:50
660711,Asagami. 娘の更性計画,,Asagami. 娘の更性計画,"translated, chinese",asagami,,manga,,,"full censorship, big ass, huge breasts, dark skin, big areolae, extraneous ads",26,2026-07-01 04:17:53,2026-07-01 04:17:53,2026-07-02 14:06:02
660712,Aozora Nan. 孤独な情欲,,Aozora Nan. 孤独な情欲,"translated, chinese",aozora nan,,manga,,,"big breasts, extraneous ads",27,2026-07-01 04:19:45,2026-07-01 04:19:45,2026-07-02 14:06:14
660713,Ozy_傲慢な雌をわからせる方法,,Ozy_傲慢な雌をわからせる方法,"translated, chinese",ozy,,doujinshi,original,,"big breasts, rape, dilf, sole female, sole male, manga, extraneous ads",26,2026-07-01 04:24:56,2026-07-01 04:24:56,2026-07-02 14:06:26
660714,Shibaken Goro,,Shibaken Goro,"translated, chinese",shibaken goro,,manga,,,"big breasts, extraneous ads",27,2026-07-01 04:26:46,2026-07-01 04:26:46,2026-07-02 14:06:38
660715,[Gekikara Naporitan-tou (Naporitan)] Seiyoku Sugi GalKano Mama,[激辛ナポリタン党 (ナポリタン)] 性欲強すぎギャルかのまま,Seiyoku Sugi GalKano Mama,japanese,naporitan,gekikara-naporitan-tou,doujinshi,original,,"milf, sweating, big breasts, cheating, condom, nakadashi, dark skin, gyaru, lingerie",54,2026-07-01 04:30:37,2026-07-01 04:30:37,2026-07-02 14:06:49
660716,Taba. 淫猥の宿,,Taba. 淫猥の宿,"translated, chinese",taba,,manga,,,"milf, big breasts, extraneous ads",31,2026-07-01 04:32:42,2026-07-01 04:32:42,2026-07-02 14:07:00
660717,[ Saeki)][WEB sairoku] konoyo ni kimi ga iki teru kagiri(mai hime],,konoyo ni kimi ga iki teru kagiri(mai hime],japanese,,,doujinshi,mai-hime,"akira okuzaki, takumi tokiha","condom, sole female, sole male, ponytail",34,2026-07-01 04:34:50,2026-07-01 04:34:50,2026-07-02 14:07:13
660718,"(Yume wa Pocket no Naka ni 8) [Service Area (Sa)] Champion, Ecchi na Massage ni Haiboku Suru (Pokémon Scarlet and Violet)",(夢はポケットの中に 8) [サービスエリア (サ)] チャンピオン、えっちなマッサージに敗北する (ポケットモンスター スカーレット・バイオレット),"Champion, Ecchi na Massage ni Haiboku Suru",japanese,sa0107,service area,doujinshi,pokemon | pocket monsters,kieran,"swimsuit, anal, sex toys, crossdressing, bikini, males only, yaoi, shotacon, nipple stimulation",32,2026-07-01 04:41:20,2026-07-01 04:41:20,2026-07-02 14:07:24
660719,[Cupiko] kūruna deka shiri jukujo meido wa gaman no hate ni unko o morasu,[くぴこ] クールなデカ尻熟女メイドは我慢の果てにウンコを漏らす,kūruna deka shiri jukujo meido wa gaman no hate ni unko o morasu,japanese,cupiko,,doujinshi,original,,scat,19,2026-07-01 04:42:45,2026-07-01 04:42:45,2026-07-02 14:07:35
660720,"[Permission] A story about a law being passed, where anyone who harms a woman gets sent to a Succubus farm!",女性に危害を加えるとサキュバス牧場に送られる法案が成立してしまったお話,"A story about a law being passed, where anyone who harms a woman gets sent to a Succubus farm!","english, translated",toppogi,"the nation of head scissors, permission",doujinshi,original,,"handjob, big breasts, chastity belt, gag, humiliation, femdom, demon girl, stockings, human cattle, collar, twintails, leash",31,2026-07-01 04:44:47,2026-07-01 04:44:47,2026-07-02 14:07:46
660721,[Butter Margarine] The Necromancer's Enslaved Wife,[네크로멘서의 노예 된 아내],The Necromancer's Enslaved Wife,"english, translated",buttermargarin,,doujinshi,original,,"big breasts, farting, dark nipples, netorare, big ass, mind control, possession, rough translation",24,2026-07-01 04:46:26,2026-07-01 04:46:26,2026-07-02 14:07:57
660722,Can I Marry My Biological Son？,[18master] Musuko to Kekkon Shite mo Ii desu ka,Can I Marry My Biological Son？,"english, translated",,18master,doujinshi,original,,"milf, big breasts, cheating, mother, full color, incest, mosaic censorship, rough translation",211,2026-07-01 05:24:21,2026-07-01 05:24:21,2026-07-02 14:08:09
660723,[Katarite to Tenganyaku (Cutoli Ukuwa)] Henai Maxwell no Kyuujitsu (Goddess Of Victory:Nikke) [Chinese] [Digital],[語り手と点眼薬 (孔鳥うくわ)] 偏愛マクスウェルの休日 (勝利の女神:NIKKE) [中国翻訳] [DL版],Henai Maxwell no Kyuujitsu,"translated, chinese",cutoli ukuwa,katarite to tenganyaku,doujinshi,goddess of victory nikke,maxwell,"handjob, kissing, leg lock, big breasts, nakadashi, kimono, x-ray, blowjob, sole female, sole male, rough translation",22,2026-07-01 05:27:07,2026-07-01 05:27:07,2026-07-02 14:08:20
660724,[Fan no Hitori] Taimabu S6 Kage Kya Taima Miko Zyuin hen 4 [Chinese] | JK退魔部 Season6 社恐退魔巫女诅咒印记篇4 [简体中文],[煌野一人] 退魔部S6：陰キャ退魔巫女呪印編④ [中国翻訳],Taimabu S6 Kage Kya Taima Miko Zyuin hen 4 [Chinese] | JK退魔部 Season6 社恐退魔巫女诅咒印记篇4,"japanese, translated, chinese",fan no hitori | kazunto,,doujinshi,original,,"big breasts, group, schoolgirl uniform, freckles, multi-work series, crotch tattoo, very long hair, eye-covering bang",21,2026-07-01 05:28:34,2026-07-01 05:28:34,2026-07-02 14:08:31
660725,[アヘ丸] 遠坂の秘策[热狗人机翻】,,遠坂の秘策[热狗人机翻】,"translated, chinese",ahemaru | henrik,,doujinshi,,rin tosaka,"sweating, big breasts, netorare, big ass, ahegao, impregnation, rough translation",18,2026-07-01 05:29:55,2026-07-01 05:29:55,2026-07-02 14:08:44
660726,[Giga] コハク×BBC (Dr.STONE)【热狗人机翻】,,コハク×BBC (Dr.STONE)【热狗人机翻】,"english, translated, chinese",giga,,doujinshi,dr. stone,kohaku,"spanking, uncensored, full color, muscle, big penis, sole female, rough translation",14,2026-07-01 05:30:58,2026-07-01 05:30:58,2026-07-02 14:08:55
660727,[Uncow] Chinpo Man [Finished],[暗稿] チンポマン [終了した],Chinpo Man,japanese,uncow,,manga,,,"kissing, humiliation, mmf threesome, compilation, group, glasses, netorare, story arc, schoolgirl uniform, nakadashi, freckles, anal, dark skin, lolicon, defloration, double penetration, rimjob, gyaru, small breasts, filming, mosaic censorship, rape, blackmail, blowjob, unusual insertions, crying",378,2026-07-01 06:39:23,2026-07-01 06:39:23,2026-07-02 14:09:07
660728,[Morimoriya (Shikanoo Derako)] Hana to Tawamure (Genshin Impact) [English],[杜々屋 (鹿野尾でらこ)] 花と戯れ (原神) [英語],Hana to Tawamure,english,shikanoo derako,morimoriya,doujinshi,genshin impact,"lumine, tartaglia | childe","sole female, sole male",18,2026-07-01 06:40:50,2026-07-01 06:40:50,2026-07-02 14:09:18
660729,[Ojitama] Bad Dream de no Kasegikata (Goddess of Victory: NIKKE) [Chinese],[おじタマ] バッドドリームでの稼ぎ方 (勝利の女神-NIKKE) [中国翻訳],Bad Dream de no Kasegikata,"translated, chinese",ojitama,,doujinshi,goddess of victory nikke,"princess, neon","glasses, asphyxiation, stockings, blowjob, deepthroat, sole male, rough translation",4,2026-07-01 06:41:19,2026-07-01 06:41:19,2026-07-02 14:09:29
660730,[laliberte] SPIRAL,,SPIRAL,japanese,laliberte,,doujinshi,original,,"maid, big breasts, swimsuit, netorare, bikini, x-ray, stockings, cowgirl, collar, kemonomimi, ponytail, horns, gloves, exposed clothing",73,2026-07-01 06:45:37,2026-07-01 06:45:37,2026-07-02 14:09:40
660731,[laliberte] SPIRAL [English],,SPIRAL,english,laliberte,,doujinshi,original,,"maid, big breasts, swimsuit, netorare, bikini, x-ray, stockings, cowgirl, collar, kemonomimi, ponytail, horns, gloves, exposed clothing",73,2026-07-01 06:50:01,2026-07-01 06:50:01,2026-07-02 14:09:51
660732,[laliberte] SPIRAL,,SPIRAL,japanese,laliberte,,doujinshi,original,,"maid, kissing, big breasts, swimsuit, unusual pupils, netorare, uncensored, dark skin, bikini, full color, stockings, rimjob, cowgirl, filming, voyeurism, collar, sole female, kemonomimi, ponytail, horns, gloves",73,2026-07-01 06:54:40,2026-07-01 06:54:40,2026-07-02 14:10:03
660733,[laliberte] SPIRAL [English],,SPIRAL,english,laliberte,,doujinshi,original,,"maid, sweating, kissing, leg lock, big breasts, unusual pupils, netorare, uncensored, story arc, masturbation, cheating, nakadashi, ahegao, dark skin, bikini, x-ray, full color, masked face, multi-work series, stockings, rimjob, cowgirl, paizuri, filming, ball sucking, voyeurism, muscle, big penis, collar, sole female, kemonomimi, ponytail, horns, gloves, very long hair, exposed clothing, netorase",73,2026-07-01 06:59:18,2026-07-01 06:59:18,2026-07-02 14:10:14
660734,[laliberte] SPIRAL,,SPIRAL,japanese,laliberte,,doujinshi,original,,"maid, big breasts, swimsuit, netorare, uncensored, bikini, full color, stockings, sole female, gloves",73,2026-07-01 07:03:51,2026-07-01 07:03:51,2026-07-02 14:10:25
660735,[liberum (liberu+)] Tifa Kusuguri Shokei | Tifa's Ticklish Execution [English],[りべるむ (りべる+)] ティファくすぐり処刑 [英語],Tifa Kusuguri Shokei | Tifa's Ticklish Execution,"english, translated",riberu,"shamuberu, himari no ki",doujinshi,final fantasy vii,"tifa lockhart, scarlet","torture, bondage, tickling",13,2026-07-01 07:04:53,2026-07-01 07:04:53,2026-07-02 14:10:36
660736,[k8on] Naka no Warui Imouto to Nichijou - Nichijou,仲の悪い妹と日常-日常,Naka no Warui Imouto to Nichijou - Nichijou,japanese,k8on,,doujinshi,original,,"condom, nakadashi, full color, incest, sister, blowjob, sole female, sole male",16,2026-07-01 07:08:08,2026-07-01 07:08:08,2026-07-02 14:10:47
660737,[テフル] マゾメス燐羽 (学園アイドルマスター),[テフル] マゾメス燐羽 (学園アイドルマスター),マゾメス燐羽,japanese,tefuru,,doujinshi,the idolmaster,rinha kaya,"sweating, unusual pupils, stockings, collar, sole female, sole male, twintails, stirrup legwear",6,2026-07-01 07:08:47,2026-07-01 07:08:47,2026-07-02 14:10:59
660738,(Mou Nanimo Kowaku Nai 20) [Gedoudan (Gedou Danshaku)] Mahou Shoujo HD Part 3 HiSaya Kekkon Hen (Puella Magi Madoka Magica) [Chinese],(もう何も恐くない20) [外道団 (外道男爵)] 魔法少女HDPart3仁さや結婚編 (魔法少女まどか☆マギカ) [中国翻訳],Mahou Shoujo HD Part 3 HiSaya Kekkon Hen,"translated, chinese",gedou danshaku,gedoudan,doujinshi,puella magi madoka magica,"sayaka miki, hitomi shizuki","futanari, big breasts, unusual pupils, frottage, multi-work series, stockings, dickgirl on dickgirl, rough translation, penis enlargement",21,2026-07-01 07:10:08,2026-07-01 07:10:08,2026-07-02 14:11:12
660739,[白雲ゼン] 息子に「好きな女を押し倒すくらいの度胸みせな！」と勇気づけたら私が押し倒されたんだが！？[机翻],[白雲ゼン] 息子に「好きな女を押し倒すくらいの度胸みせな！」と勇気づけたら私が押し倒されたんだが！？[机翻],息子に「好きな女を押し倒すくらいの度胸みせな！」と勇気づけたら私が押し倒されたんだが！？,"translated, chinese",,,doujinshi,original,,"big breasts, nakadashi, mother, full color, incest, sole female, sole male",54,2026-07-01 07:20:37,2026-07-01 07:20:37,2026-07-02 14:11:23
660740,(C104) [Cesium-P (Aka Seiryuu)] Anis no Senzoku Shower Time (Goddess of Victory: Nikke) [Chinese],(C104) [セシウムP (赤セイリュウ)] アニスの専属シャワータイム (勝利の女神-NIKKE) [中国翻訳],Anis no Senzoku Shower Time,"translated, chinese",aka seiryuu,cesium-p,doujinshi,goddess of victory nikke,"shikikan, anis","handjob, leg lock, big breasts, swimsuit, nakadashi, ahegao, bikini, sole female, sole male, rough translation",26,2026-07-01 07:22:27,2026-07-01 07:22:27,2026-07-02 14:11:34
660741,[淡夢] 無防備なケイ (ブルーアーカイブ),[淡夢] 無防備なケイ (ブルーアーカイブ),無防備なケイ,japanese,awayume,,doujinshi,blue archive,"sensei, kei tendou","lolicon, stockings, sole female, sole male, very long hair, halo",3,2026-07-01 07:23:25,2026-07-01 07:23:25,2026-07-02 14:11:45
660742,[も] 2026年6月更新分（10枚）(ブルーアーカイブ),[も] 2026年6月更新分（10枚）(ブルーアーカイブ),2026年6月更新分（10枚）,japanese,kireina mochi,,doujinshi,blue archive,miyako tsukiyuki,"netorare, gyaru-oh, mind control, blowjob, sole female, gloves, halo",14,2026-07-01 07:24:20,2026-07-01 07:24:20,2026-07-02 14:11:57
660743,[榊歌丸] ヤリログ（Chinese）【更新中】,,ヤリログ（Chinese）【更新中】,"translated, chinese",,,manga,,,"big breasts, pregnant",44,2026-07-01 07:27:15,2026-07-01 07:27:15,2026-07-02 14:12:08
660744,[チバトシロウ] アクメ（Chinese）【更新中】,,アクメ（Chinese）【更新中】,"translated, chinese",chiba toshirou,,manga,,,"big breasts, group, stockings",73,2026-07-01 07:31:51,2026-07-01 07:31:51,2026-07-02 14:12:19
660745,[卯和馬実] 女肉たち（Chinese）【更新中】,,女肉たち（Chinese）【更新中】,"translated, chinese",uwa bami,,manga,,,"big breasts, netorare, big ass, cheating, big areolae",91,2026-07-01 07:37:21,2026-07-01 07:37:21,2026-07-02 14:12:31
660746,shouchuu mac,,shouchuu mac,"japanese, translated, chinese",hozumi kenji,shouchuu mac,doujinshi,original,,"elf, big breasts, netorare, cheating, schoolgirl uniform, full color, multi-work series, lactation, gyaru, watermarked, very long hair",157,2026-07-01 07:47:43,2026-07-01 07:47:43,2026-07-02 14:12:42
660747,[Dokutoku no M (Denchi)] Swapping no Wana ~Netorare Mitsugi Mazo-ka Keikaku ni Ochita Boku~【只爱牛头人机翻】,[独特のM (電池)] スワッピングの罠～寝取られ貢ぎマゾ化計画に堕ちた僕～,Swapping no Wana ~Netorare Mitsugi Mazo-ka Keikaku ni Ochita Boku~【只爱牛头人机翻】,"translated, chinese",denchi,dokutoku no m,doujinshi,original,,"big breasts, chastity belt, humiliation, group, netorare, cheating, ryona, ffm threesome, femdom, footjob, swinging, mosaic censorship, blackmail, blowjob, small penis, rough translation, nipple stimulation",54,2026-07-01 07:51:15,2026-07-01 07:51:15,2026-07-02 14:12:53
660748,拉不拉多自用汉化18,,拉不拉多自用汉化18,"translated, chinese",hangesho,c hange,doujinshi,original,,"body swap, gender change",50,2026-07-01 07:55:06,2026-07-01 07:55:06,2026-07-02 14:13:05
660749,[Aoi Hoshi ni Umareta Dark Angel (Sabajiba Gonhachirou)] Watashi (Cool Bakunyuu Gal) ga Konna Yatsu no Dekachinpo Nanka ni... [Chinese] [虎哥个人汉化],[青い星に生まれたダークエンジェル (鯖磁場権八朗)] 私(クール爆乳ギャル)がこんなやつのデカチンポなんかに... [中国翻訳],Watashi (Cool Bakunyuu Gal) ga Konna Yatsu no Dekachinpo Nanka ni...,"translated, chinese",sabaziba gonpachiro,aoi hoshi ni umareta dark angel,doujinshi,original,,"big breasts, uncensored, huge breasts, shotacon, rough translation",41,2026-07-01 08:02:55,2026-07-01 08:02:55,2026-07-02 14:13:16
660750,拉布拉多自用汉化19,,拉布拉多自用汉化19,"translated, chinese",thebats,farhad tg,doujinshi,original,,"big breasts, dougi, body swap, huge breasts, multi-work series, bbm, sole female, sole male, comic, gender change",27,2026-07-01 08:04:42,2026-07-01 08:04:42,2026-07-02 14:13:27
660751,[Ebi no Implant (Shrimp Cake)] Shinkou Futanari Shinkyou -Onna Shinja no Fuyashikata- [Chinese] [虎哥个人汉化],[えびのインプラント (シュリンプケーキ)] 新興ふたなり新教-女信者の増やし方- [中国翻訳],Shinkou Futanari Shinkyou -Onna Shinja no Fuyashikata-,"translated, chinese",shrimp cake,ebi no implant,doujinshi,original,,"futanari, big breasts, bbw, uncensored, freckles, mind control, mind break, big penis, rough translation, dickgirl on female",34,2026-07-01 08:07:03,2026-07-01 08:07:03,2026-07-02 14:13:38
660752,【ちゃかまる屋さん】最終便のそのあとで [Chinese] [紫藤汉化组],[ちゃかまる屋さん] 最終便のそのあとで (WEEKLY快楽天 2026 No.21) [中国翻訳],【ちゃかまる屋さん】最終便のそのあとで,"translated, chinese",chakamaruya-san,,manga,,,"full censorship, sole female, sole male",28,2026-07-01 08:09:03,2026-07-01 08:09:03,2026-07-02 14:13:50
660753,[Arujima] Akuochi Heroine no Futanari Chinpo ni Kanojo ga NTRte Sentouin Nisareru Hanashi | The Story of a Girlfriend Being NTR'd by a Fallen Heroine's Futanari Cock and Turned into a Combatant [ENG],[アルジマ] 悪堕ちヒロインのふたなりチンポに彼女がNTRて戦闘員にされる話,Akuochi Heroine no Futanari Chinpo ni Kanojo ga NTRte Sentouin Nisareru Hanashi | The Story of a Girlfriend Being NTR'd by a Fallen Heroine's Futanari Cock and Turned into a Combatant,"english, translated",,arujima,doujinshi,original,,"futanari, corruption, machine, netorare, nakadashi, ahegao, sex toys, blowjob face, femdom, bondage, yuri, mind control, full color, drugs, breast expansion, bodysuit, mosaic censorship, blowjob, dickgirl on female",26,2026-07-01 08:10:53,2026-07-01 08:10:53,2026-07-02 14:14:01
660754,[harema_pp] TsukaSen Log (Dr.STONE),,TsukaSen Log,"english, translated",,,doujinshi,dr. stone,"senku ishigami, tsukasa shishiou","non-h, yaoi",12,2026-07-01 08:11:45,2026-07-01 08:11:45,2026-07-02 14:14:12
660755,[Fantajī Manga Sōdansho(Nanase Nanana)] Bunkasai de 'Kabejiri' wo Suru Koto ni Narimashita♡,[ファンタジー漫画相談所 (菜々瀬ななな)] 文化祭で「壁尻」をすることになりました♡,Bunkasai de 'Kabejiri' wo Suru Koto ni Narimashita♡,japanese,,,doujinshi,original,,"big breasts, group, schoolgirl uniform, mosaic censorship, stuck in wall, nanase nanana",30,2026-07-01 08:14:07,2026-07-01 08:14:07,2026-07-02 14:14:23
660756,"[Kuronero] Kanpeki na Seishori-gakari, Fukanzen na Koi wo Suru",[くろねろ] 完璧な性処理係、不完全な恋をする,"Kanpeki na Seishori-gakari, Fukanzen na Koi wo Suru",japanese,,,doujinshi,original,,"big breasts, glasses, public use, schoolgirl uniform, condom",36,2026-07-01 08:16:26,2026-07-01 08:16:26,2026-07-02 14:14:35
660757,[Kairaku Amnesia (Kinuo)] 12-Nenkan Chinpo Tachishiteta Shin Mama ga Musuko no Dōkyūsei ni Netorare Tanetsuke Oho Akume de Mesu no Yorokobi ni Ochita Hi,[快楽アムネジア (キヌオ)] 12年間ちんぽ断ちしてたシンママが息子の同級生に寝取られ種付けおほアクメでメスの悦びに堕ちた日,12-Nenkan Chinpo Tachishiteta Shin Mama ga Musuko no Dōkyūsei ni Netorare Tanetsuke Oho Akume de Mesu no Yorokobi ni Ochita Hi,japanese,,,doujinshi,original,,"milf, big breasts, pregnant, group, netorare, nakadashi, mother, dark skin, incest, double penetration, big areolae, widow, rape, impregnation, blowjob, pixie cut, low incest, gang rape",63,2026-07-01 08:28:14,2026-07-01 08:28:14,2026-07-02 14:14:46
660758,拉布拉多自用汉化20,,拉布拉多自用汉化20,"translated, chinese",haracock,haracock no manga beya,doujinshi,original,,"big breasts, schoolgirl uniform, body swap, yuri, possession, fingering, gender change",43,2026-07-01 08:30:58,2026-07-01 08:30:58,2026-07-02 14:14:57
660759,拉布拉多自用汉化21,,拉布拉多自用汉化21,"translated, chinese",arisane,,doujinshi,original,,"body swap, yuri, fingering, selfcest, sole male, drill hair, gender change",18,2026-07-01 08:33:01,2026-07-01 08:33:01,2026-07-02 14:15:08
660760,[ishikinchaku] TsukaSen Log (Dr.STONE),,TsukaSen Log,"english, translated",,,doujinshi,dr. stone,"senku ishigami, gen asagiri, tsukasa shishiou",yaoi,29,2026-07-01 08:34:51,2026-07-01 08:34:51,2026-07-02 14:15:20
660761,拉布拉多自用汉化22,,拉布拉多自用汉化22,"translated, chinese",,norn,doujinshi,original,,"big breasts, schoolboy uniform, full censorship, masturbation, schoolgirl uniform, body swap, solo action, full color, blowjob, sole male, gender change",58,2026-07-01 08:38:27,2026-07-01 08:38:27,2026-07-02 14:15:31
660762,[Kensoh Ogawa (Fukudahda)] Otomate vol. E (Mai-Otome) [Decensored] [2006-8-13],[ケンソウオガワ(フクダーダ)] オトメイト vol.E (舞-乙HiME) [無修正] [2006年8月13日],Otomate vol. E,japanese,fukudahda,kensoh ogawa,doujinshi,mai-otome,erstin ho,"big breasts, group, uncensored, anal, double penetration, lactation, sole female",34,2026-07-01 08:40:45,2026-07-01 08:40:45,2026-07-02 14:15:42
660763,[keikoHQ] TsukaSen Log (Dr.STONE),,TsukaSen Log,"english, translated",,,doujinshi,dr. stone,"senku ishigami, tsukasa shishiou",yaoi,9,2026-07-01 08:41:39,2026-07-01 08:41:39,2026-07-02 14:15:53
660764,[laliberte] Paradise,,Paradise,japanese,laliberte,,doujinshi,original,,"big breasts, swimsuit, piercing, ahegao, dark skin, bikini, full color, beach",190,2026-07-01 08:52:58,2026-07-01 08:52:58,2026-07-02 14:16:05
660765,[laliberte] Paradise [English],,Paradise,english,laliberte,,doujinshi,original,,"milf, big breasts, swimsuit, humiliation, piercing, group, netorare, moral degeneration, ahegao, anal, harem, hairy, dark skin, bikini, gyaru-oh, full color, mind break, inverted nipples, muscle, confinement, beach",190,2026-07-01 09:04:18,2026-07-01 09:04:18,2026-07-02 14:16:16
660766,[laliberte] Paradise,,Paradise,japanese,laliberte,,doujinshi,original,,"big breasts, swimsuit, piercing, ahegao, dark skin, bikini, beach",190,2026-07-01 09:15:28,2026-07-01 09:15:28,2026-07-02 14:16:27
660767,[laliberte] Paradise [English],,Paradise,english,laliberte,,doujinshi,original,,"big breasts, swimsuit, piercing, netorare, moral degeneration, ahegao, harem, dark skin, bikini, gyaru-oh, mind break, muscle, beach",190,2026-07-01 09:26:31,2026-07-01 09:26:31,2026-07-02 14:16:39
660768,拉布拉多自用汉化23,,拉布拉多自用汉化23,"translated, chinese",labui | asaga eri,novia,doujinshi,original,,"kissing, leg lock, big breasts, cunnilingus, schoolgirl uniform, body swap, nakadashi, ahegao, x-ray, gyaru, mosaic censorship, gender change, nipple stimulation, classroom",38,2026-07-01 09:29:00,2026-07-01 09:29:00,2026-07-02 14:16:50
660769,[白雲ゼン] お祝いにお母さんが筆おろししてくれた話 [机翻],[白雲ゼン] お祝いにお母さんが筆おろししてくれた話 [机翻],お祝いにお母さんが筆おろししてくれた話,"translated, chinese",shirakumo zen,,doujinshi,original,,"milf, big breasts, big ass, mother, blowjob, sole female, sole male",35,2026-07-01 09:31:13,2026-07-01 09:31:13,2026-07-02 14:17:01
660770,[konxxx] Kindergarten AU (Dr.STONE),,Kindergarten AU,"english, translated",,,doujinshi,,"senku ishigami, tsukasa shishiou",yaoi,15,2026-07-01 09:32:20,2026-07-01 09:32:20,2026-07-02 14:17:12
660771,[Baira way (Yoshikage)] Kyuuketsuki + Hatsujouki = Succubus (Bomber Girl) [Chinese] [橘猫汉化组] [Digital],[ばいら・うぇい (ヨシカゲ)] 吸血鬼+発情期=サキュバス (ボンバーガール)  [中国翻訳] [DL版],Kyuuketsuki + Hatsujouki = Succubus,"translated, chinese",yoshikage,baira way,doujinshi,bomber girl,aqua,"lolicon, crotch tattoo, very long hair",21,2026-07-01 09:37:32,2026-07-01 09:37:32,2026-07-02 14:17:23
660772,[kosuzu78] TsukaSen Log (Dr.STONE),,TsukaSen Log,"english, translated",,,doujinshi,dr. stone,"senku ishigami, tsukasa shishiou",yaoi,9,2026-07-01 09:38:18,2026-07-01 09:38:18,2026-07-02 14:17:35
660773,[bocahcaboel] Sponge Controlled - chapter 03,,Sponge Controlled - chapter 03,english,bocahcaboel,,doujinshi,original,,,40,2026-07-01 09:40:59,2026-07-01 09:40:59,2026-07-02 14:17:46
660774,[INCOMPLETE] [Mixed Japanese & Chinese versions] (Taiwan Reitaisai 4 & Reitaisai 22) [Infinite Shroud (Tsugumin a.k.a. amanotsugumi)] Yù Shí Jù Fén / Yokujiki tomoni Taku (Touhou Project),[不完全] [日文版和中文版的混合・日本語版と中国語版の混在] (台湾例大祭4、例大祭22) [Infinite Shroud (ツグミん別名amanotsugumi)] 欲食俱焚・欲食俱に焚く (東方Project),Yù Shí Jù Fén / Yokujiki tomoni Taku,japanese,,,doujinshi,touhou project,"ran yakumo, yuuma toutetsu","fox girl, kemonomimi, horns",13,2026-07-01 09:42:00,2026-07-01 09:42:00,2026-07-02 14:17:58
660775,ネトラレ妻は若い性欲にイキ堕ちる「夫の前で…そんな太いの挿れないで…」 1,ネトラレ妻は若い性欲にイキ堕ちる「夫の前で…そんな太いの挿れないで…」 1,ネトラレ妻は若い性欲にイキ堕ちる「夫の前で…そんな太いの挿れないで…」 1,japanese,"hiruma kouji, gonta, pei, aio rito",,manga,,,"milf, big breasts, full censorship, netorare, cheating, anthology, prostitution, netorase",51,2026-07-01 09:45:23,2026-07-01 09:45:23,2026-07-02 14:18:09
660776,[逢坂ミナミ] はじめての朝 - 失楽園 〜母の罪〜,[逢坂ミナミ] はじめての朝 - 失楽園 〜母の罪〜,はじめての朝 - 失楽園 〜母の罪〜,japanese,ohsaka minami,,manga,,,big breasts,16,2026-07-01 09:46:39,2026-07-01 09:46:39,2026-07-02 14:18:20
660777,[存钱买女朋友] 举重少女,,举重少女,chinese,cunqian mai nvpengyou,,doujinshi,original,,"pregnant, uncensored, ponytail, vaginal birth",13,2026-07-01 09:47:43,2026-07-01 09:47:43,2026-07-02 14:18:31
660778,[kppn_135] TsukaSen Log (Dr.STONE),,TsukaSen Log,"english, translated",,,doujinshi,dr. stone,"senku ishigami, tsukasa shishiou","males only, yaoi",34,2026-07-01 09:49:49,2026-07-01 09:49:49,2026-07-02 14:18:42
660779,[Maxapple] 重量挙げの少女,[Maxapple] 重量挙げの少女,重量挙げの少女,japanese,cunqian mai nvpengyou,,doujinshi,original,,"pregnant, full color, ponytail, vaginal birth",13,2026-07-01 09:50:51,2026-07-01 09:50:51,2026-07-02 14:18:54
660780,https://s.e-hentai.org/mu－st,むうつき fanbox,https://s.e-hentai.org/mu－st,japanese,,,doujinshi,original,,,10,2026-07-01 09:51:36,2026-07-01 09:51:36,2026-07-02 14:19:05
660781,"(Yaoyoro!) [umaura. (Rube)] Donna Kimi demo Suki dakara Wakarasete Yaru yo | I'll Teach You That I Love You, No Matter Who You Are (Chou Kaguya-hime!) [English]",(ヤオヨロー!) [umaura. (るべ)] どんなキミでも好きだからわからせてやるよ (超かぐや姫!) [英訳],"Donna Kimi demo Suki dakara Wakarasete Yaru yo | I'll Teach You That I Love You, No Matter Who You Are","english, translated",rube,umaura.,doujinshi,chou kaguya-hime | cosmic princess kaguya,"iroha sakayori, yachiyo runami","females only, yuri, kemonomimi",14,2026-07-01 09:52:44,2026-07-01 09:52:44,2026-07-02 14:19:16
660782,[Haipai DE Pinfu] Owaranai Clitoris Choukyou [Chinese],[ハイパイ・DE・ピンフ] 終わらないクリトリス調教 [机翻],Owaranai Clitoris Choukyou,"translated, chinese",,,doujinshi,original,,"bondage, orgasm denial, stuck in wall, clit stimulation, rough translation",219,2026-07-01 10:04:55,2026-07-01 10:04:55,2026-07-02 14:19:27
660783,(C96) [Alice Digital Factory (Hirosue Maron)] SWEET MILK PARTY! (Watashi ni Tenshi ga Maiorita!) [English] (Pangean),(C96) [Alice Digital Factory (広末まろん)] SWEET MILK PARTY! (私に天使が舞い降りた!) [英訳],SWEET MILK PARTY!,"english, translated",hirosue maron,alice digital factory,doujinshi,watashi ni tenshi ga maiorita,"hana shirosaki, hinata hoshino, miyako hoshino, noa himesaka","cunnilingus, group, females only, breast feeding, lolicon, yuri, incest, lactation, mosaic censorship, sister, tribadism, eye-covering bang, nipple stimulation",23,2026-07-01 10:09:10,2026-07-01 10:09:10,2026-07-02 14:19:39
660784,[Yuniba] fantia 2026-06 absorption,[ゆにば] fantia 2026-06 吸収乗っ取り,fantia 2026-06 absorption,japanese,yuniba,,manga,,,"absorption, possession, gender change",27,2026-07-01 10:10:54,2026-07-01 10:10:54,2026-07-02 14:19:50
660785,[我不是吃货] A Mischievous Girl,[我不是吃货] 欠损少女,A Mischievous Girl,"english, translated",,,doujinshi,original,,"amputee, nakadashi, asphyxiation, rough translation",18,2026-07-01 10:12:09,2026-07-01 10:12:09,2026-07-02 14:20:01
660786,[boyo] The Story of a College Student Who Takes a Job as a Human Toilet,[boyo] 肉便器に就職しちゃう話,The Story of a College Student Who Takes a Job as a Human Toilet,"english, translated",,,doujinshi,original,,"piercing, amputee, ahegao, bondage, masked face, inflation, nose hook, blindfold, collar, body writing, rough translation, boyo",6,2026-07-01 10:12:46,2026-07-01 10:12:46,2026-07-02 14:20:12
660787,[Kasama Shiro] Kasama Shirou Sakuhinshuu Vol. 6 Nawa Fujin [Chinese],[笠間しろう] 笠間しろう作品集 Vol.06 縄夫人 [中国翻訳][hugo2233机翻],Kasama Shirou Sakuhinshuu Vol. 6 Nawa Fujin,"translated, chinese",,,manga,,,rough translation,252,2026-07-01 10:26:48,2026-07-01 10:26:48,2026-07-02 14:20:24
660788,[Kasama Shiro] Kasama Shirou Sakuhinshuu Vol. 3 Chijoku no Kokuin [Chinese],[笠間しろう] 笠間しろう作品集 Vol.03 恥辱の刻印 [中国翻訳][hugo2233机翻],Kasama Shirou Sakuhinshuu Vol. 3 Chijoku no Kokuin,"translated, chinese",,,manga,,,rough translation,259,2026-07-01 10:40:54,2026-07-01 10:40:54,2026-07-02 14:20:35
660789,[Kasama Shiro] Kasama Shirou Sakuhinshuu Vol. 7 Bijuku Fujin [Chinese],[笠間しろう] 笠間しろう作品集 Vol.07 美熟夫人 [中国翻訳][hugo2233机翻],Kasama Shirou Sakuhinshuu Vol. 7 Bijuku Fujin,chinese,,,manga,,,,236,2026-07-01 10:53:33,2026-07-01 10:53:33,2026-07-02 14:20:46
660790,[Kasama Shiro] Kasama Shirou Sakuhinshuu Vol. 1 Kifujin Gari [Chinese],[笠間しろう] 笠間しろう作品集 Vol.01 貴婦人狩り [中国翻訳][hugo2233机翻],Kasama Shirou Sakuhinshuu Vol. 1 Kifujin Gari,"translated, chinese",,,manga,,,,271,2026-07-01 11:08:10,2026-07-01 11:08:10,2026-07-02 14:20:58
660791,[Dan Oniroku x Kasama Shiro] Dan Oniroku Gensaku Gekiga Shuusei Vol. 2 [Chinese],[団鬼六×笠間しろう] 団鬼六原作劇画集成 Vol.02 [中国翻訳][hugo2233机翻],Dan Oniroku Gensaku Gekiga Shuusei Vol. 2,"translated, chinese",,,manga,,,,181,2026-07-01 11:18:25,2026-07-01 11:18:25,2026-07-02 14:21:09
660792,[Dan Oniroku x Kasama Shiro] Dan Oniroku Gensaku Gekiga Shuusei Vol. 1 [Chinese],[団鬼六×笠間しろう] 団鬼六原作劇画集成 Vol.01 [中国翻訳][hugo2233机翻],Dan Oniroku Gensaku Gekiga Shuusei Vol. 1,"translated, chinese",,,manga,,,,212,2026-07-01 11:29:36,2026-07-01 11:29:36,2026-07-02 14:21:20
660793,[Kasama Shiro] Ryoujoku no Nawaasobi [Chinese],[笠間しろう] 凌辱の縄遊び [中国翻訳][hugo2233机翻],Ryoujoku no Nawaasobi,"translated, chinese",,,manga,,,,39,2026-07-01 11:31:58,2026-07-01 11:31:58,2026-07-02 14:21:32
660794,boyo] A career woman who is falling down on her own,boyo] キャリアウーマン 自分から堕ちていく,boyo] A career woman who is falling down on her own,"english, translated",,,doujinshi,original,,"big breasts, piercing, amputee, milking, ahegao, inflation, lactation, body writing, rough translation, boyo",8,2026-07-01 11:32:42,2026-07-01 11:32:42,2026-07-02 14:21:43
660795,[Kasama Shiro] Hitozuma Taboo [Chinese],[笠間しろう] 人妻禁忌 [中国翻訳][hugo2233机翻],Hitozuma Taboo,"translated, chinese",,,manga,,,,244,2026-07-01 11:46:11,2026-07-01 11:46:11,2026-07-02 14:21:54
660796,[伏見ミミ (伏見ぽこ)]アナルセックスの時だけ甘々ドスケベになる毒舌後輩風紀委員が可愛すぎるっ！！[DS漢化組],[伏見ミミ (伏見ぽこ)]アナルセックスの時だけ甘々ドスケベになる毒舌後輩風紀委員が可愛すぎるっ！！[DS漢化組],アナルセックスの時だけ甘々ドスケベになる毒舌後輩風紀委員が可愛すぎるっ！！,"translated, chinese",fushimi poko,,doujinshi,original,,"big breasts, focus anal, rough translation",43,2026-07-01 11:49:00,2026-07-01 11:49:00,2026-07-02 14:22:05
660797,[ Rin ]  My boyfriend (a boy) had a fetish for excess fat [ Ongoing ],,My boyfriend (a boy) had a fetish for excess fat,"english, translated",rin,,doujinshi,original,,"bbw, weight gain, ssbbw",34,2026-07-01 11:51:09,2026-07-01 11:51:09,2026-07-02 14:22:16
660798,[sooon] 雑魚ま◯こギャル,[sooon] 雑魚ま◯こギャル,雑魚ま◯こギャル,japanese,,,doujinshi,original,,"sole female, sole male",6,2026-07-01 11:51:52,2026-07-01 11:51:52,2026-07-02 14:22:27
660799,[sooon] 真面目そうなJ◯とえっちなこと,[sooon] 真面目そうなJ◯とえっちなこと,真面目そうなJ◯とえっちなこと,japanese,,,doujinshi,original,,"glasses, schoolgirl uniform, sole female, sole male, bald",7,2026-07-01 11:52:25,2026-07-01 11:52:25,2026-07-02 14:22:39
660800,[sooon] セ◯クスするのが日常な世界らくがき 6枚,[sooon] セ◯クスするのが日常な世界らくがき 6枚,セ◯クスするのが日常な世界らくがき 6枚,japanese,,,doujinshi,original,,,7,2026-07-01 11:53:04,2026-07-01 11:53:04,2026-07-02 14:22:50
660801,[uraura] 顔バレして輪〇されちゃうmkt様 (にじさんじ),[uraura] 顔バレして輪〇されちゃうmkt様 (にじさんじ),顔バレして輪〇されちゃうmkt様,japanese,uraura,,doujinshi,nijisanji,rindou mikoto,"oni, sole female, beauty mark, horns, vtuber",4,2026-07-01 11:53:34,2026-07-01 11:53:34,2026-07-02 14:23:01
660802,[uraura] 風俗レポ漫画 デリヘルリベンジ編,[uraura] 風俗レポ漫画 デリヘルリベンジ編,風俗レポ漫画 デリヘルリベンジ編,japanese,uraura,,doujinshi,original,,"blindfold, sole female, sole male, bald",7,2026-07-01 11:54:12,2026-07-01 11:54:12,2026-07-02 14:23:13
660803,[Bizan (Zan)] Namaiki Gouhou Loli Ichiru wa Kanari Maso Tsuyudaku Ikishon Daizecchou Oshiri Ecchi ga Choppiri Oome no Junai Choukyou SM na Matomebon [Digital],[眉山 (ざん)] 生意気合法ロリ一琉はかなりマゾ つゆだく♡イキション♡大絶頂♡おしりえっちがちょっぴり多めの純愛調教SMなまとめ本 [DL版],Namaiki Gouhou Loli Ichiru wa Kanari Maso Tsuyudaku Ikishon Daizecchou Oshiri Ecchi ga Choppiri Oome no Junai Choukyou SM na Matomebon,japanese,zan,,doujinshi,original,,"lolicon, anal intercourse",72,2026-07-01 12:07:40,2026-07-01 12:07:40,2026-07-02 14:23:24
660804,[西のキオスク (そういち警視)] ノンケクラーケンが人間(♂)に交尾で孕ませザー汁注がれちゃいました★,[西のキオスク (そういち警視)] ノンケクラーケンが人間(♂)に交尾で孕ませザー汁注がれちゃいました★,ノンケクラーケンが人間(♂)に交尾で孕ませザー汁注がれちゃいました★,japanese,souichi keishi,nishi no kiosk,doujinshi,original,,"corruption, big ass, nakadashi, anal, males only, yaoi, blowjob, muscle, tentacles, squid boy, beach",55,2026-07-01 12:11:18,2026-07-01 12:11:18,2026-07-02 14:23:35
660805,"[Hajime Warabe-tei (Shidoutei)] Tea Time ni wa Sensei o Soete ♥︎ | ""Tea Time"" (Steamy Sex), Along with ""Sensei"" (Master) ♥︎ (Blue Archive) [English] [DeppoTL]",[はじめわらべ亭。 (始童帝)] 淫蕩交尾にはご主人様を添えて❤ (ブルーアーカイブ) [DL版],"Tea Time ni wa Sensei o Soete ♥︎ | ""Tea Time"" (Steamy Sex), Along with ""Sensei"" (Master) ♥︎","english, translated",shidoutei,,doujinshi,blue archive,"mika misono, nagisa kirifuji, sensei","wings, big breasts, unusual pupils, impregnation, collar, sole male, ponytail, very long hair, halo",31,2026-07-01 12:13:21,2026-07-01 12:13:21,2026-07-02 14:23:46
660806,[Qruppo×Mameojitan] Nukitashi Nukige mitai na shima ni sunderu watashi wa dosurya ii desuka R 第15话 | 生活在拔作一样的岛上我该怎么办才好 R 第15话 [Chinese] [糖果个人汉化],[Qruppo×まめおじたん] ぬきたし-抜きゲーみたいな島に住んでるわたしはどうすりゃいいですか R 第15话 [中国翻訳],Nukitashi Nukige mitai na shima ni sunderu watashi wa dosurya ii desuka R 第15话 | 生活在拔作一样的岛上我该怎么办才好 R 第15话,"translated, chinese",,qruppo,manga,nukige mitai na shima ni sunderu watashi wa dou surya ii desu ka | is the island utopia or dystopia,,,28,2026-07-01 12:15:08,2026-07-01 12:15:08,2026-07-02 14:23:58
660807,[Jirou] Otosaretai Jukujo-tachi [机翻],[ジロウ] 堕とされたい熟女達 [DL版],Otosaretai Jukujo-tachi,"translated, chinese",jirou,,manga,,,"milf, big breasts, bbw, mmf threesome, group, netorare, cheating, nakadashi, moral degeneration, ahegao, anal, mother, hairy, double penetration, tankoubon, pantyhose, rimjob, hairy armpits, anal intercourse, rough translation",293,2026-07-01 12:32:09,2026-07-01 12:32:09,2026-07-02 14:24:09
660808,(Bokura no Love Live! 50) [MEOPPAP] Yu-chan wa Pantsu o Shishu shitai! | Yu-chan Wants to Protect Her Panties at All Costs! (Love Live! Nijigasaki High School Idol Club) [English],(僕らのラブライブ!50) [しゃけおにぎり (MEOPPAP)] 侑ちゃんはパンツを死守したい! (ラブライブ!虹ヶ咲学園スクールアイドル同好会) [英訳],Yu-chan wa Pantsu o Shishu shitai! | Yu-chan Wants to Protect Her Panties at All Costs!,"english, translated",meoppap,,doujinshi,love live nijigasaki high school idol club,"ayumu uehara, yu takasaki","kissing, cunnilingus, females only, exhibitionism, yuri, stockings, fingering, twintails, hair buns",42,2026-07-01 12:35:03,2026-07-01 12:35:03,2026-07-02 14:24:20
660809,[Pixiv fanbox] musouduki,,musouduki,"translated, chinese",musouduki,,doujinshi,original,,"pregnant, lolicon, imageset",17,2026-07-01 12:38:07,2026-07-01 12:38:07,2026-07-02 14:24:31
660810,[H2O Aquarium (H2O)] Mizuzeme-kei Papa Katsu Shojo's Activity Log | 水责系爸爸活少女的活动记录账 [Chinese] [李四自用汉化],[H2O Aquarium (H2O)] 水責め系パパ活少女の活動記録帳 | 水责系爸爸活少女的活动记录账 [Chinese] [李四自用汉化],Mizuzeme-kei Papa Katsu Shojo's Activity Log | 水责系爸爸活少女的活动记录账,"translated, chinese",h2o,h2o aquarium,doujinshi,original,,"swimsuit, gag, mmf threesome, schoolgirl uniform, anal, asphyxiation, bondage, masked face, sole female, twintails, underwater sex",63,2026-07-01 12:42:09,2026-07-01 12:42:09,2026-07-02 14:24:42
660811,[Kasama Shiro] New York Ass [Chinese],[笠間しろう] New York Ass [中国翻訳][hugo2233机翻],New York Ass,chinese,,,manga,,,,129,2026-07-01 12:49:24,2026-07-01 12:49:24,2026-07-02 14:24:54
660812,【中文翻译】[Maa Kuaru-ke] Roku Ude no Otome ni Shibori Tsukusareru,[まーくある家] 六腕の乙女に搾り尽くされる,【中文翻译】[Maa Kuaru-ke] Roku Ude no Otome ni Shibori Tsukusareru,"translated, chinese",,maa kuaru-ke,doujinshi,original,,"prostate massage, sex toys, femdom, multiple arms, rimjob, mosaic censorship, sole female, sole male, rough translation",37,2026-07-01 12:51:54,2026-07-01 12:51:54,2026-07-02 14:25:05
660813,"(Circle: Honey Maple Chicken) (Author: Toriniku) Do whatever you want, to your heart's content.",(サークル:はにーめいぷるちきん)(作者:とりにく)したいこと、すきなだけ,"Do whatever you want, to your heart's content.",japanese,,,doujinshi,original,,"sole female, sole male",45,2026-07-01 12:55:31,2026-07-01 12:55:31,2026-07-02 14:25:16
660814,[くりから] 仕事を頑張ったご褒美に精液をせがむ桃春こもも（フキダシ、描き文字なし差分,[くりから] 仕事を頑張ったご褒美に精液をせがむ桃春こもも（フキダシ、描き文字なし差分,仕事を頑張ったご褒美に精液をせがむ桃春こもも（フキダシ、描き文字なし差分,japanese,kurikara,,doujinshi,original,,"big breasts, paizuri, blowjob, sole female, sole male, no penetration",12,2026-07-01 12:56:25,2026-07-01 12:56:25,2026-07-02 14:25:27
660815,(Canvas Solaris) The Hero Became An Onahole (Megaman Zero),Eiyuu Onahole,The Hero Became An Onahole,"english, translated",canvas solaris,,doujinshi,megaman zero | rockman zero,"zero, ciel","big breasts, chastity belt, strap-on, huge breasts, anal, shemale, huge penis, tomgirl, big penis, stomach deformation, dickgirl on male, anal intercourse, rough translation",26,2026-07-01 12:58:05,2026-07-01 12:58:05,2026-07-02 14:25:39
660816,"[Kinomoto Anzu] Onii-chan! Shinai tte Yutta yo ne?! | You Promised No More Sex, Onii-chan?! (COMIC LO 2026-06) [English] [Team Rabu2] [Digital]",[きのもと杏] おにいちゃん!しないってゆったよね?! (COMIC LO 2026年6月号) [英訳] [DL版],"Onii-chan! Shinai tte Yutta yo ne?! | You Promised No More Sex, Onii-chan?!","english, translated",kinomoto anzu,,manga,,,"cunnilingus, nakadashi, lolicon, incest, mosaic censorship, rape, sister, sole female, sole male, twintails",31,2026-07-01 13:04:13,2026-07-01 13:04:13,2026-07-02 14:25:51
660817,[Hiyakake Gohan (Oyabe Ryo)] Okane o Kasegu Tame ni Harvin Ecchi Video o Satsuei Shimasu! | I Shot Homebrew Porn with the Harvins to Get Some Dough! (Granblue Fantasy) [English] [Team Rabu2] [Digital],[ひやかけごはん (小矢部亮)] お金を稼ぐためにハーヴィンえっちビデオを撮影します! (グランブルーファンタジー) [英訳] [DL版],Okane o Kasegu Tame ni Harvin Ecchi Video o Satsuei Shimasu! | I Shot Homebrew Porn with the Harvins to Get Some Dough!,"english, translated",oyabe ryo | isurugi ryo,hiyakake gohan,doujinshi,granblue fantasy,"arulumaya, gran, lunalu, milleore, haaselia, sahli lao, sierokarte, wamdus","group, midget, ffm threesome, lolicon, filming, sole male, multipanel sequence",39,2026-07-01 13:11:46,2026-07-01 13:11:46,2026-07-02 14:26:02
660818,[Announ] Even Small Love Brings Good Fortune - Chapter 2 (COMIC Kuriberon DUMA 2026-07 Vol.86) [English] [SS22],[暗ノ吽] 小せェ恋に「福」来る!? 中編  (COMIC クリベロン DUMA 2026年7月号 Vol.86) [英訳] [SS22],Even Small Love Brings Good Fortune - Chapter 2,"english, translated",announ,,manga,,,"milf, sweating, kissing, big breasts, bbw, big ass, breast feeding, nakadashi, ahegao, huge breasts, hairy, big areolae, lactation, tall girl, mosaic censorship, blowjob, sole female, sole male",24,2026-07-01 13:13:38,2026-07-01 13:13:38,2026-07-02 14:26:14
660819,[國崎] knd(追加Ver),[國崎] knd(追加Ver),knd,japanese,,,doujinshi,project sekai,,"sweating, x-ray, sole female, sole male, very long hair",8,2026-07-01 13:14:21,2026-07-01 13:14:21,2026-07-02 14:26:26
660820,Broken Vanity - Arujiisan,,Broken Vanity - Arujiisan,"japanese, english",,,doujinshi,kanojo okarishimasu | rent-a-girlfriend,ruka sarashina,"netorare, bikini, paizuri, sole female, beach",8,2026-07-01 13:15:07,2026-07-01 13:15:07,2026-07-02 14:26:37
660920,[Golden Retriever (Inu Chikushou)] Inaka no Ko | Country Girl (Itoko no Ko) [English] [After Midnight Scans] [Digital],[ゴールデンレトリーバー (犬畜生)] 田舎の子 (いとこのこ) [英訳] [DL版],Inaka no Ko | Country Girl,"english, translated",inu chikushou,,doujinshi,itoko no ko | my cute cousin always gets her way,"nozomu, sou","cousin, lolicon, defloration, incest, tanlines, tomboy, sole female, sole male, kodomo doushi",18,2026-07-03 02:24:22,2026-07-03 02:24:22,2026-07-04 14:00:13
660921,[Mousou Bunny (Nanakagi Satoshi)] Shinyu No Kazoku Ga Ore No Mono Ni Muchu Na Ken Other Side【机翻】,[妄想☆ばにぃ (七鍵智志)] 親友の家族が俺のモノに夢中な件 Other Side,Shinyu No Kazoku Ga Ore No Mono Ni Muchu Na Ken Other Side【机翻】,"translated, chinese",nanakagi satoshi,mousou bunny,doujinshi,original,,"handjob, milf, sweating, netorare, cheating, mother, mosaic censorship, ball sucking, sole female, rough translation",43,2026-07-03 02:27:01,2026-07-03 02:27:01,2026-07-04 14:00:24
660922,[WHatE=3r] Jazzor C vison (Arknights),,Jazzor C vison,japanese,whate3r,,doujinshi,arknights,doctor,"garter belt, stockings, very long hair",4,2026-07-03 02:27:29,2026-07-03 02:27:29,2026-07-04 14:00:35
660923,(C106) [Oasis (TABBTO)] Golden Week (Goddess of Victory: Nikke) [English] [Morally Bankrupt Wizard Translations],(C106) [オアシス (旅人)] Golden Week (勝利の女神：NIKKE) [英訳],Golden Week,"english, translated",tabbto,oasis,doujinshi,goddess of victory nikke,"shikikan, rupee","big breasts, swimsuit, nakadashi, anal, bikini, paizuri, sole female, sole male, anal intercourse",25,2026-07-03 02:29:09,2026-07-03 02:29:09,2026-07-04 14:00:47
660924,[Tera] The Princess's Exclusive Secret Job ~ Part 1-17 + Extra [English] [Pixiv] [MTL],姫様専属秘密のお仕事～その1-17,The Princess's Exclusive Secret Job ~ Part 1-17 + Extra,"english, translated",tera,,doujinshi,original,,"handjob, bdsm, kissing, big breasts, torture, humiliation, masturbation, sex toys, femdom, demon girl, footjob, orgasm denial, mind break, cbt, slave, sole male, clothed female nude male, horns, tail, small penis, rough translation",86,2026-07-03 02:33:56,2026-07-03 02:33:56,2026-07-04 14:00:58
660925,[BetterPlace] Souryo Nichika ga Shokushu Inma ni Kotenpan ni Okasareru Hanashi (THE iDOLM@STER: Shiny Colors) [Chinese],[BetterPlace] 僧侶にちかが触手淫魔にコテンパンに〇される話 (アイドルマスター シャイニーカラーズ) [中国翻訳],Souryo Nichika ga Shokushu Inma ni Kotenpan ni Okasareru Hanashi,"translated, chinese",betterplace,,doujinshi,the idolmaster,nichika nanakusa,"cervix penetration, ahegao, bondage, x-ray, impregnation, big clit, clit growth, tentacles, sole female, crotch tattoo, clit stimulation, rough translation",37,2026-07-03 02:36:33,2026-07-03 02:36:33,2026-07-04 14:01:09
660926,[Toshiomaru] Kyonyuu ninja onsen nanpa hen (NARUTO -Naruto-) | 巨乳忍者 温泉搭讪篇 (NARUTO -Naruto-) [Chinese] [倫倫倫个人汉化] [Digital],[としお丸] 巨乳忍者 温泉ナンパ編 (NARUTO -ナルト-) [中国翻訳] [DL版],Kyonyuu ninja onsen nanpa hen (NARUTO -Naruto-) | 巨乳忍者 温泉搭讪篇,"translated, chinese",,,doujinshi,naruto,"sakura haruno, hinata hyuga","sweating, kissing, leg lock, big breasts, group, big ass, condom, nakadashi, ahegao, dark skin, x-ray, gyaru-oh, bukkake, blowjob, muscle, kunoichi, onsen",35,2026-07-03 02:38:51,2026-07-03 02:38:51,2026-07-04 14:01:20
660927,"[Kirishima Ayu] Ima kara Musuko no Tomodachi to Sex shimasu | From Now On, I'll Have Sex With My Son's Friend",,"Ima kara Musuko no Tomodachi to Sex shimasu | From Now On, I'll Have Sex With My Son's Friend","english, translated",kirishima ayu,,manga,,,"milf, big breasts, unusual pupils, schoolboy uniform, full censorship, netorare, big ass, cheating, condom, nakadashi, ahegao, big areolae, lactation, paizuri, impregnation, blowjob, big penis, sole female, sole male, hidden sex, rough translation",28,2026-07-03 02:40:41,2026-07-03 02:40:41,2026-07-04 14:01:32
660928,(Fest) Life of Punishment at My Stepfather's Care Facility 1-3 [AI TRANSLATION],,Life of Punishment at My Stepfather's Care Facility 1-3,"english, translated",fest,,doujinshi,original,,"full color, human cattle, rough translation",15,2026-07-03 02:41:52,2026-07-03 02:41:52,2026-07-04 14:01:43
660929,[One Hound RED (100)] TOKI TENTACLE MISSION (Blue Archive) (SCANMTL),[One Hound RED (100)] TOKI TENTACLE MISSION (Blue Archive),TOKI TENTACLE MISSION,"english, translated",,one hound red,doujinshi,blue archive,toki asuma,"scanmark, bunny girl, leotard, tentacles, rough translation, halo",18,2026-07-03 02:43:07,2026-07-03 02:43:07,2026-07-04 14:01:54
660930,[One Hound RED (100)] SIEGE TENTACLE MODULE (SCANMTL),[One Hound RED (100)] SIEGE TENTACLE MODULE,SIEGE TENTACLE MODULE,"english, translated",,one hound red,doujinshi,arknights,siege,"scanmark, bondage, tentacles, kemonomimi, rough translation",28,2026-07-03 02:44:56,2026-07-03 02:44:56,2026-07-04 14:02:06
660931,[One Hound RED (100)] 雲母の宴 (SCANMTL),[One Hound RED (100)] 雲母の宴,雲母の宴,"english, translated",,one hound red,doujinshi,arknights,,"squid girl, scanmark, yuri, tentacles, kemonomimi, rough translation",30,2026-07-03 02:46:45,2026-07-03 02:46:45,2026-07-04 14:02:17
660932,[Ruberenika] Suki ni Natte yo Urzella-chan!  [English] [SCANMTL],[るべれにか] 好きになってよウルゼラちゃん!  [英訳],Suki ni Natte yo Urzella-chan!,"english, translated",,,doujinshi,original,,"futanari, monster girl, scanmark, bondage, mind control, tentacles, horns, eye-covering bang, rough translation, dickgirl on female",42,2026-07-03 02:49:31,2026-07-03 02:49:31,2026-07-04 14:02:28
660933,[Inharmonicity (Hotokenoza)] Shokushin Kaihatsu (Blue Archive) [English] [SCANMTL] [Digital],[Inharmonicity (ホトケノザ)] 触侵開発 (ブルーアーカイブ) [英訳] [DL版],Shokushin Kaihatsu,"english, translated",hotokenoza | serizawa nazuna,inharmonicity,doujinshi,blue archive,alice tendou,"vore, scanmark, ear fuck, tentacles, sole female, very long hair, rough translation, halo",21,2026-07-03 02:51:01,2026-07-03 02:51:01,2026-07-04 14:02:39
660934,[Dakuchinpo shosa] Shota o jotaika sa sete jinsei buchikowasu Creatures (SCANMTL),[ダークチンポ少佐] ショタを女体化させて人生ブチ壊すクリーチャー,Shota o jotaika sa sete jinsei buchikowasu Creatures,"english, translated",,,doujinshi,original,,"scanmark, mind break, tentacles, gender morph, gender change, rough translation, vaginal birth",40,2026-07-03 02:53:33,2026-07-03 02:53:33,2026-07-04 14:02:50
660935,[Nonogishi] Sukebe Juin to Yamanaka Ino (Naruto),[ノノギシ] スケベ呪印と山中いの (NARUTO -ナルト-),Sukebe Juin to Yamanaka Ino,"english, translated",nonogishi,,doujinshi,naruto,ino yamanaka,"kissing, unusual pupils, x-ray, mind control, dilf, kunoichi, bbm, sole female, sole male, crotch tattoo, bald, ponytail, rough translation",8,2026-07-03 02:54:18,2026-07-03 02:54:18,2026-07-04 14:03:02
660936,[One Hound RED (100)] ROBIN TENTACLE DUNGEON (SCANMTL),[One Hound RED (100)] ROBIN TENTACLE DUNGEON,ROBIN TENTACLE DUNGEON,"english, translated",,one hound red,doujinshi,arknights,robin,"scanmark, bondage, tentacles, kemonomimi, rough translation",28,2026-07-03 02:56:09,2026-07-03 02:56:09,2026-07-04 14:03:13
660937,[One Hound RED (100)] DINOMORPHIA TENTACLE TORTURE (SCANMTL),[One Hound RED (100)] DINOMORPHIA TENTACLE TORTURE,DINOMORPHIA TENTACLE TORTURE,"english, translated",,one hound red,doujinshi,yu-gi-oh,dinomorphia kentregina,"big breasts, milking, scanmark, drugs, bodysuit, tentacles, sole female, ponytail, rough translation",17,2026-07-03 02:57:28,2026-07-03 02:57:28,2026-07-04 14:03:24
660938,[One Hound RED (100)] レイジョが玄龍門モブに酷い目に合わされる (SCANMTL),[One Hound RED (100)] レイジョが玄龍門モブに酷い目に合わされる,レイジョが玄龍門モブに酷い目に合わされる,"english, translated",,one hound red,doujinshi,blue archive,reijo kayama,"big breasts, ryona, sex toys, scanmark, bondage, rough translation",28,2026-07-03 02:59:19,2026-07-03 02:59:19,2026-07-04 14:03:35
660939,[One Hound RED (100)] BLAZE TENTACLE MODULE (SCANMTL),[One Hound RED (100)] BLAZE TENTACLE MODULE,BLAZE TENTACLE MODULE,"english, translated",,one hound red,doujinshi,arknights,blaze,"scanmark, bondage, tentacles, sole female, kemonomimi, rough translation",25,2026-07-03 03:01:29,2026-07-03 03:01:29,2026-07-04 14:03:46
660940,[Iwashita Shoten (Iwashita)] HEAVEN [Chinese] [拉布拉多汉化] [Digital],[いわした書店 (いわした)] HEAVEN [中国翻訳] [DL版],HEAVEN,"translated, chinese",iwashita,iwashita shoten,doujinshi,original,,"body swap, gender change",40,2026-07-03 03:04:09,2026-07-03 03:04:09,2026-07-04 14:03:58
660941,[プランクトン] 見抜き,[プランクトン] 見抜き,見抜き,japanese,plankton,,doujinshi,original,,"schoolgirl uniform, full color, bukkake, sole female, no penetration",6,2026-07-03 03:04:45,2026-07-03 03:04:45,2026-07-04 14:04:09
660942,Oobayashi_Mori_ポンコツ博士の痴験_ポンコツ博士の痴験,,Oobayashi_Mori_ポンコツ博士の痴験_ポンコツ博士の痴験,"translated, chinese",oobayashi mori,,manga,,,"big breasts, glasses, extraneous ads",36,2026-07-03 03:07:01,2026-07-03 03:07:01,2026-07-04 14:04:20
660943,[Nani (Nanita)] Ninshiki Sogai de Ninshiki Sarenai Uchuujin ga Chikyuu de Hanshoku suru Hanashi [Chinese] [Sainae],[なに (ナニタ)] 認識阻害で認識されない宇宙人が地球で繁殖する話 [中国翻訳],Ninshiki Sogai de Ninshiki Sarenai Uchuujin ga Chikyuu de Hanshoku suru Hanashi,"translated, chinese",nanita,,manga,,,"big breasts, tentacles, missing cover, extraneous ads",35,2026-07-03 03:09:17,2026-07-03 03:09:17,2026-07-04 14:04:31
660944,[Matsunami Rumi] Hitozuma-san no Ura Account 06: Kanojo no Ura Jijou (Action Pizazz 2025-05) [Chinese] [Digital],[松波留美] 人妻さんの裏アカウント 06:彼女の裏事情 (アクションピザッツ 2025年5月号) [中国翻訳] [DL版],Hitozuma-san no Ura Account 06: Kanojo no Ura Jijou,"translated, chinese",matsunami rumi,,manga,,,"big breasts, extraneous ads",25,2026-07-03 03:11:01,2026-07-03 03:11:01,2026-07-04 14:04:43
660945,"[Sagami Yoshitsune] Hatsume Kyouju no SEX Laboratory - HATSUME'S Ivory Tower of SEX Ch. 3 ""Trick and Hearts for SEX"" Zenpen (Action Pizazz 2025-05) [Chinese] [Digital]",[沙神よしつね] 初芽教授のSEX研究室 第三話「Trick and Hearts for SEX♡」前編 (アクションピザッツ 2025年5月号) [中国翻訳] [DL版],"Hatsume Kyouju no SEX Laboratory - HATSUME'S Ivory Tower of SEX Ch. 3 ""Trick and Hearts for SEX"" Zenpen","translated, chinese",sagami yoshitsune,,manga,,,"big breasts, extraneous ads",27,2026-07-03 03:12:47,2026-07-03 03:12:47,2026-07-04 14:04:54
660946,[Shinobu Tanei] Imouto Horoyoi  Bunny (COMIC Penguin Club 2023-11 & 12) [Chinese]  [Digital],[志乃武丹英] 私のお義姉様（COMIC ペンギンクラブ 2023年11月12月合併号）[中国翻訳] [DL版],Imouto Horoyoi  Bunny,"translated, chinese",shinobu tanei,,manga,,,"glasses, bunny girl, extraneous ads",27,2026-07-03 03:14:40,2026-07-03 03:14:40,2026-07-04 14:05:06
660947,[Kotomaro] Purasu 2-Man de Nama Naka Ii yo? ～Papa Katsu JK no Amai Mitsu～[Chinese],[ことまろ] プラス2万で生ナカいいよ？～パパ活JKの甘い蜜～ [中国翻訳],Purasu 2-Man de Nama Naka Ii yo? ～Papa Katsu JK no Amai Mitsu～,"translated, chinese",kotomaro,,doujinshi,original,,extraneous ads,29,2026-07-03 03:16:35,2026-07-03 03:16:35,2026-07-04 14:05:17
660948,[Teterun] Super Cock Showdown Maratian Kingdom Arc [English] [Part 1-32],,Super Cock Showdown Maratian Kingdom Arc,"english, translated",teterun,,doujinshi,original,,"futanari, big breasts, urethra insertion, unusual pupils, story arc, big ass, balls expansion, frottage, huge breasts, dark skin, multi-work series, huge penis, tall girl, big penis, dickgirl on dickgirl, twintails, cumflation, very long hair, multiple orgasms, giant sperm, full-packaged futanari, penis enlargement",300,2026-07-03 03:34:43,2026-07-03 03:34:43,2026-07-04 14:05:28
660949,[Yachi] In a crowded train,,In a crowded train,japanese,,,doujinshi,original,,"snuff, huge breasts, full color, huge penis, big penis, cockphagia",10,2026-07-03 03:35:46,2026-07-03 03:35:46,2026-07-04 14:05:39
660950,[Delauren Simon] Roshutsu ni Mezameta Shima Rin (Yuru Camp),[でろれんサイモン] 露出に目覚めたしまりん (ゆるキャン△),Roshutsu ni Mezameta Shima Rin,japanese,delauren simon,,doujinshi,yuru camp | laid-back camp,rin shima,"exhibitionism, sole female, nudity only",2,2026-07-03 03:36:03,2026-07-03 03:36:03,2026-07-04 14:05:51
660951,[Delauren Simon] Seikoui Jisshuu wa Taisougi (Uenomi) de Tamokuteki-shitsu ni Shuugou [Ongoing],[でろれんサイモン] 性行為実習は体操着(上のみ)で多目的室に集合 [進行中],Seikoui Jisshuu wa Taisougi (Uenomi) de Tamokuteki-shitsu ni Shuugou,japanese,delauren simon,,doujinshi,original,,"glasses, lolicon, exhibitionism, no penetration, school gym uniform",5,2026-07-03 03:37:20,2026-07-03 03:37:20,2026-07-04 14:06:01
660952,[Mosquito Man] Tsuma no Bakunyuu ni Muragaru Otoko-tachi ~Zoku Bakunyuu Tsuma Namatame Kyouko~ | Men flocking to my wife's huge breasts ~Continuation of the busty wife Kyoko Namatame~ [English],[モスキートマン] 妻の爆乳に群がる男達〜続・爆乳妻生溜今日子〜 [英訳],Tsuma no Bakunyuu ni Muragaru Otoko-tachi ~Zoku Bakunyuu Tsuma Namatame Kyouko~ | Men flocking to my wife's huge breasts ~Continuation of the busty wife Kyoko Namatame~,"english, translated",,mosquito man,doujinshi,original,,"big breasts, full color, rough translation",70,2026-07-03 03:41:42,2026-07-03 03:41:42,2026-07-04 14:06:13
660953,[Shipuoru] Osananajimi no Musume [Digital],[しぷおる] おさななじみのむすめ [DL版],Osananajimi no Musume,japanese,shipuoru,,doujinshi,original,,"nakadashi, lolicon, defloration, small breasts, blowjob, deepthroat, sole female, sole male, beauty mark, very long hair, crying",53,2026-07-03 03:51:04,2026-07-03 03:51:04,2026-07-04 14:06:24
660954,(Lyrical Magical 39) [Circle Damesimai (Ane)] Shokushu o Tanoshimu Caro-san (Mahou Shoujo Lyrical Nanoha) [English] [SCANMTL],(リリカルマジカル39) [サークル駄目姉妹 (姉)] 触手を愉しむキャロさん (魔法少女リリカルなのは) [英訳],Shokushu o Tanoshimu Caro-san,"english, translated",ane,circle damesimai,doujinshi,mahou shoujo lyrical nanoha | magical girl lyrical nanoha,caro ru lushe,"squirting, kissing, big breasts, ahegao, scanmark, monster, tentacles, sole female, very long hair, spider, clit stimulation, rough translation, nipple stimulation",30,2026-07-03 03:53:08,2026-07-03 03:53:08,2026-07-04 14:06:35
660955,[Airimiash (Rabu)] Gachi Rikujou Club wa Donna Shidou ni mo Zenryoku de Baka de Saikkou♡ [English] [MTL],[アイリミアーシュ (ラブ)] ガチ陸上クラブはどんな指導にも全力でバカで最っ高♡,Gachi Rikujou Club wa Donna Shidou ni mo Zenryoku de Baka de Saikkou♡,"english, translated",rabu,airimiash,doujinshi,original,,"squirting, kissing, group, coach, nakadashi, ffm threesome, scanmark, harem, dark skin, lolicon, tanlines, smell, mind break, dilf, blowjob, bbm, stomach deformation, sole male, bald, ponytail, twintails, rough translation",68,2026-07-03 04:05:13,2026-07-03 04:05:13,2026-07-04 14:06:46
660956,[Aoba no Kisetsu (Aoba Soyogi)] Sister ga Shokushu ni Kanzen Haiboku shite Sekka suru Hanashi [English] [SCANMTL],[青羽の季節 (青羽そよぎ)] シスターが触手に完全敗北して石化する話 [英訳],Sister ga Shokushu ni Kanzen Haiboku shite Sekka suru Hanashi,"english, translated",aoba soyogi,aoba no kisetsu,doujinshi,original,,"nun, amputee, snuff, nakadashi, scanmark, x-ray, stockings, petrification, tentacles, sole female, rough translation",34,2026-07-03 04:07:23,2026-07-03 04:07:23,2026-07-04 14:06:57
660957,"[Neko no Maccha Pafe (Chousetsu)] Natsubare, Takanami ni Chuui, Sensei - Dangerous Shorebreak Warning (Blue Archive) [English] [SCANMTL] [Digital]",[猫の抹茶パフェ (ちょうせつ)] 夏晴れ、高波に注意、先生 (ブルーアーカイブ) [英訳] [DL版],"Natsubare, Takanami ni Chuui, Sensei - Dangerous Shorebreak Warning","english, translated",chousetsu,neko no maccha parfait,doujinshi,blue archive,"hina sorasaki, mutsuki asagi","swimsuit, scanmark, bikini, lolicon, octopus, school swimsuit, tentacles, rough translation",30,2026-07-03 04:13:32,2026-07-03 04:13:32,2026-07-04 14:07:09
660958,impregnation paradise,ボテパラ,impregnation paradise,"english, translated",shimuu | siam,hakujira uminekodan,doujinshi,pripara,laala manaka,"pregnant, dark skin, lolicon, navel fuck",22,2026-07-03 04:18:08,2026-07-03 04:18:08,2026-07-04 14:07:20
660959,[8men6pi (Watanuki)] Rabakatsu Yuugeki Buntai ENHANCED,[8men6pi (ワタヌキ)] ラバ活遊撃分隊ENHANCED,Rabakatsu Yuugeki Buntai ENHANCED,japanese,,,doujinshi,"kantai collection, original",,"gasmask, sex toys, bondage, eyemask, latex, full color, vacbed, bodysuit, muscle, very long hair",32,2026-07-03 04:20:25,2026-07-03 04:20:25,2026-07-04 14:07:31
660960,[Tabi Glass (Rhox)] Zekkai Ishu Boshete (Blue Archive) [English] [SCANMTL] [Digital],[足袋がらす (Rhox)] 絶海:異種・ボシェテ (ブルーアーカイブ) [英訳] [DL版],Zekkai Ishu Boshete,"english, translated",rhox,tabi glass,doujinshi,blue archive,hina sorasaki,"bestiality, scanmark, lolicon, octopus, defloration, school swimsuit, tentacles, horns, rough translation, halo",26,2026-07-03 04:25:13,2026-07-03 04:25:13,2026-07-04 14:07:42
660961,[Hotori no Koya] Elf Haiboku Octopacus Shokushu Kangoku [English] [SCANMTL],[ほとりの小屋] エルフ敗北オクトパコス触手姦獄 [英訳],Elf Haiboku Octopacus Shokushu Kangoku,"english, translated",,,doujinshi,original,,"elf, big breasts, cunnilingus, nakadashi, scanmark, octopus, impregnation, tentacles, clit stimulation, rough translation, nipple stimulation",91,2026-07-03 04:31:14,2026-07-03 04:31:14,2026-07-04 14:07:54
660962,[Popochichi (Yahiro Pochi)] Fukusei Manko 3 ~Idol Manko Hen~ [English] [MTL] [Digital],[ぽぽちち (八尋ぽち)] 複製マ○コ3〜アイドルマ○コ編〜 [英訳] [DL版],Fukusei Manko 3 ~Idol Manko Hen~,"english, translated",yahiro pochi,popochichi,doujinshi,original,,"squirting, big breasts, wormhole, onahole, glasses, schoolgirl uniform, nakadashi, freckles, sex toys, scanmark, multi-work series, shared senses, mosaic censorship, blowjob, ponytail, rough translation, crying, hidden toy",58,2026-07-03 04:34:54,2026-07-03 04:34:54,2026-07-04 14:08:05
660963,[Cube (Yomo)] Koushite Shota Elf-kun wa Bakemono? Onee-Chan to Shiawase ni Kurashimashita Tosa. [English] [SCANMTL],[Cube (よも)] こうしてショタエルフくんはバケモノ?おねえちゃんと幸せに暮らしましたとさ。 [英訳],Koushite Shota Elf-kun wa Bakemono? Onee-Chan to Shiawase ni Kurashimashita Tosa.,"english, translated",yomo,cube,doujinshi,original,,"elf, kissing, big breasts, pregnant, monster girl, nakadashi, ahegao, anal, femdom, scanmark, anal birth, inflation, impregnation, tentacles, eggs, shotacon, stomach deformation, sole female, sole male, rough translation",38,2026-07-03 04:41:55,2026-07-03 04:41:55,2026-07-04 14:08:16
660964,[Numa hame-ya] seikan-tai shokushu massage-ya-san (SCANMTL),[沼ハメ屋] 性感帯触手マッサージ屋さん,seikan-tai shokushu massage-ya-san,"english, translated",,,doujinshi,original,,"females only, scanmark, tentacles, rough translation, nipple stimulation",30,2026-07-03 04:44:02,2026-07-03 04:44:02,2026-07-04 14:08:27
660965,[apia (Yakiimo)] さよなら太陽 (Kimetsu no Yaiba) [Digital],[apia (やきいも)] さよなら太陽 (鬼滅の刃) [DL版],さよなら太陽,japanese,yakiimo,apia,doujinshi,kimetsu no yaiba | demon slayer,"giyuu tomioka, tengen uzui","full censorship, kimono, males only, yaoi, eyepatch",72,2026-07-03 04:48:23,2026-07-03 04:48:23,2026-07-04 14:08:38
660966,[Haniya (Hanini)] Damasareta Geneki Idol ga AV o Torarete Mama ni Sareta Hanashi (THE iDOLM@STER: Shiny Colors) [English] [MTL],[はに屋 (はにーに)] 騙された現役アイドルがAVを撮られてママにされた話 (アイドルマスター シャイニーカラーズ) [英訳] [DL版],Damasareta Geneki Idol ga AV o Torarete Mama ni Sareta Hanashi,"english, translated",hanini,haniya,doujinshi,the idolmaster,koito fukumaru,"piercing, pregnant, mmf threesome, group, nakadashi, ahegao, anal, scanmark, double penetration, lactation, stockings, small breasts, lingerie, filming, mind break, rape, impregnation, blowjob, collar, deepthroat, sole female, twintails, leash, anal intercourse, exposed clothing, rough translation, gang rape",43,2026-07-03 04:56:24,2026-07-03 04:56:24,2026-07-04 14:08:50
660967,[江成] 発明部の天才部長とお出かけ旅館えっち,[江成] 発明部の天才部長とお出かけ旅館えっち,発明部の天才部長とお出かけ旅館えっち,japanese,enari,,doujinshi,original,,"big breasts, mmf threesome, group, glasses, netorare, kimono, gyaru-oh, sole female, small penis",17,2026-07-03 04:57:37,2026-07-03 04:57:37,2026-07-04 14:09:01
660968,[enari] Seikoui Jisshuu o Kesseki shitara Pair no Kanojo ga Katte ni Ryuugakusei to Kumasa retete Gaikokujin Nagan Chinpo de Pakorarechatte ta Hanashi,[江成] 性行為実習を欠席したらペアの彼女が勝手に留学生と組まされてて外国人長ち〇ぽでパコられちゃってた話,Seikoui Jisshuu o Kesseki shitara Pair no Kanojo ga Katte ni Ryuugakusei to Kumasa retete Gaikokujin Nagan Chinpo de Pakorarechatte ta Hanashi,japanese,enari,,doujinshi,original,,"big breasts, netorare, schoolgirl uniform, blowjob face, dark skin, big areolae, dilf, blowjob, big penis, sole female, shaved head, eye-covering bang, netorase",28,2026-07-03 04:59:29,2026-07-03 04:59:29,2026-07-04 14:09:12
660969,[Mebius no Wa (Nyx)] Shokushu Sukumizu Tenshi-chan,[Mebiusの環 (にゅっくす)]  触手スク水天子ちゃん,Shokushu Sukumizu Tenshi-chan,japanese,,,doujinshi,touhou project,tenshi hinanai,"living clothes, pantyhose",8,2026-07-03 05:00:18,2026-07-03 05:00:18,2026-07-04 14:09:23
660970,[江成] 権力者に大好きな彼女差し出して好き勝手セックスしてもらうやつ,[江成] 権力者に大好きな彼女差し出して好き勝手セックスしてもらうやつ,権力者に大好きな彼女差し出して好き勝手セックスしてもらうやつ,japanese,enari,,doujinshi,original,,"big breasts, humiliation, netorare, bondage, anorexic, voyeurism, big penis, first person perspective, sole female, shaved head, small penis, smalldom",20,2026-07-03 05:01:38,2026-07-03 05:01:38,2026-07-04 14:09:34
660971,[Enari] 2026-06-31,,2026-06-31,japanese,enari,,doujinshi,original,,"sweating, big breasts, unusual pupils, netorare, dark skin, x-ray, big areolae, ball sucking, sole female, sole male",4,2026-07-03 05:02:12,2026-07-03 05:02:12,2026-07-04 14:09:45
660972,"[Wada Mountain (""Takashi"")] Tomodachi -2nd period- [English] [MTL]",[和田マウンテン (「タカシ」)] 友達-2nd period-,Tomodachi -2nd period-,"english, translated",takashi,wada mountain,doujinshi,original,,"big breasts, mmf threesome, group, story arc, schoolgirl uniform, nakadashi, scanmark, exhibitionism, multi-work series, small breasts, fingering, filming, rape, blackmail, blowjob, deepthroat, twintails, rough translation, crying, gang rape",115,2026-07-03 05:24:05,2026-07-03 05:24:05,2026-07-04 14:09:57
660973,[Hoshikuzu Yuuran Hikou (Hanacha)] Iikagen ni Shite DARLING!! (Ensemble Stars!) [Digital],[星屑遊覧飛行 (花茶)] イイ加減にしテDARLING!! (あんさんぶるスターズ!) [DL版],Iikagen ni Shite DARLING!!,japanese,hanacha,,doujinshi,ensemble stars,"natsume sakasaki, tsumugi aoba","masturbation, prostate massage, anal, males only, yaoi, anal intercourse",56,2026-07-03 05:27:38,2026-07-03 05:27:38,2026-07-04 14:10:08
660974,[Condiment Moderately (Maeshima Ryou)] Dosukebe Kyonyuu Joshi ga Oki ni Iri Dildo to Ichaicha Polynesian Sex Suru Hanashi [English] [MTL],[コンディメントは8分目 (前島龍)] ドスケベ巨乳女子がおきにいりディルドといちゃいちゃポリネシアンセックスする話,Dosukebe Kyonyuu Joshi ga Oki ni Iri Dildo to Ichaicha Polynesian Sex Suru Hanashi,"english, translated",maeshima ryou,condiment moderately,doujinshi,original,,"squirting, big breasts, big nipples, glasses, masturbation, schoolgirl uniform, sex toys, scanmark, solo action, multi-work series, big areolae, paizuri, sole female, very long hair, rough translation, nipple stimulation",70,2026-07-03 05:32:08,2026-07-03 05:32:08,2026-07-04 14:10:19
660975,[Hoshikuzu Yuuran Hikou (Hanacha)] Ikusei Keikaku ~Gyaku-saki Natsume no Ikunyuu Hon~ (Ensemble Stars!) [Digital],[星屑遊覧飛行 (花茶)] 育成♡計画 ～逆先夏目の育乳本～ (あんさんぶるスターズ!) [DL版],Ikusei Keikaku ~Gyaku-saki Natsume no Ikunyuu Hon~,japanese,hanacha,,doujinshi,ensemble stars,"natsume sakasaki, tsumugi aoba","kissing, females only, glasses, schoolgirl uniform, yuri, fingering, tribadism, gender change",25,2026-07-03 05:33:54,2026-07-03 05:33:54,2026-07-04 14:10:30
660976,[Condiment Moderately (Maeshima Ryou)] Dosukebe Kyonyuu Joshi ga Kazoku no Inai Renkyuu ni Hitasura Onanie Shimakuru Hanashi [English] [MTL],[コンディメントは8分目 (前島龍)]ドスケベ巨乳女子が家族のいない連休にひたすらオナニーしまくる話,Dosukebe Kyonyuu Joshi ga Kazoku no Inai Renkyuu ni Hitasura Onanie Shimakuru Hanashi,"english, translated",maeshima ryou,condiment moderately,doujinshi,original,,"squirting, big breasts, swimsuit, big nipples, glasses, masturbation, enema, urination, huge breasts, anal, sex toys, scanmark, solo action, bikini, x-ray, multi-work series, big areolae, stockings, cowgirl, sole female, very long hair, rough translation, nipple stimulation",93,2026-07-03 05:39:38,2026-07-03 05:39:38,2026-07-04 14:10:41
660977,[こらんだむ] マシュVSリリス (Fate/Grand Order),[こらんだむ] マシュVSリリス (Fate/Grand Order),マシュVSリリス,japanese,corundum,,doujinshi,fate grand order,"shielder | mash kyrielight, gudao | ritsuka fujimaru, lilith","kissing, big breasts, group, glasses, ffm threesome, mosaic censorship, inverted nipples, muscle, sole male, twintails, horns, very long hair, eye-covering bang",8,2026-07-03 05:40:26,2026-07-03 05:40:26,2026-07-04 14:10:53
660978,[こらんだむ] マスターにいたずらをしかけるプレラーティズ (Fate/Grand Order),[こらんだむ] マスターにいたずらをしかけるプレラーティズ (Fate/Grand Order),マスターにいたずらをしかけるプレラーティズ,japanese,corundum,,doujinshi,fate grand order,"gudao | ritsuka fujimaru, francesca prelati, francois prelati","mmf threesome, group, anal, yaoi, mosaic censorship, bisexual, very long hair, anal intercourse",7,2026-07-03 05:41:03,2026-07-03 05:41:03,2026-07-04 14:11:04
660979,[こらんだむ] 性欲つよつよメリュ子の日課 (Fate/Grand Order),[こらんだむ] 性欲つよつよメリュ子の日課 (Fate/Grand Order),性欲つよつよメリュ子の日課,japanese,corundum,,doujinshi,fate grand order,"gudao | ritsuka fujimaru, melusine","mosaic censorship, sole female, sole male, ponytail",6,2026-07-03 05:41:36,2026-07-03 05:41:36,2026-07-04 14:11:16
660980,[こらんだむ] 怪しいバイトをしてしまう千夏ちゃん (ゼンレスゾーンゼロ),[こらんだむ] 怪しいバイトをしてしまう千夏ちゃん (ゼンレスゾーンゼロ),怪しいバイトをしてしまう千夏ちゃん,japanese,corundum,,doujinshi,zenless zone zero,sunna,"small breasts, mosaic censorship, sole female, sole male, ponytail, detached sleeves",10,2026-07-03 05:42:26,2026-07-03 05:42:26,2026-07-04 14:11:27
660981,[Kumagoya project] Watashi wa Tesukuzu ni Nanka Naranain dakara! (Goddess of Victory:NIKKE) [Chinese],[クマ小屋project] シュエンは鉄くずになんかならないんだから! (勝利の女神:NIKKE) [中国翻訳],Watashi wa Tesukuzu ni Nanka Naranain dakara!,"translated, chinese",,,doujinshi,goddess of victory nikke,"shikikan, syuen","nakadashi, ahegao, defloration, sole female, sole male",46,2026-07-03 05:45:21,2026-07-03 05:45:21,2026-07-04 14:11:38
660982,[ミモネル ] 爆乳外交官の夜のおもてなし♥ (ゼンレスゾーンゼロ),[ミモネル ] 爆乳外交官の夜のおもてなし♥ (ゼンレスゾーンゼロ),爆乳外交官の夜のおもてなし♥,japanese,mimonel,,doujinshi,zenless zone zero,"wise, velina airgid","sweating, big breasts, full color, inflation, stockings, inverted nipples, sole male, cumflation, very long hair",9,2026-07-03 05:46:10,2026-07-03 05:46:10,2026-07-04 14:11:49
660983,[ミモネル ] 黒ギャルサキュバスと甘々えっち♥,[ミモネル ] 黒ギャルサキュバスと甘々えっち♥,黒ギャルサキュバスと甘々えっち♥,japanese,mimonel,,doujinshi,original,,"sweating, wings, big breasts, glasses, big ass, schoolgirl uniform, nakadashi, demon girl, dark skin, full color, inflation, stockings, sole male, horns, tail, cumflation, eye-covering bang",9,2026-07-03 05:47:22,2026-07-03 05:47:22,2026-07-04 14:12:01
660984,[ミモネル] 冒険者パーティーの姫争い♥ (葬送のフリーレン),[ミモネル] 冒険者パーティーの姫争い♥ (葬送のフリーレン),冒険者パーティーの姫争い♥,japanese,mimonel,,doujinshi,sousou no frieren | frieren beyond journeys end,"fern, frieren, stark, methode","elf, sweating, big breasts, nakadashi, harem, full color, inflation, stockings, inverted nipples, first person perspective, sole male, twintails, cumflation",11,2026-07-03 05:48:17,2026-07-03 05:48:17,2026-07-04 14:12:12
660985,[ミモネル] 先生の家に入り浸るギャル♥ (ブルーアーカイブ),[ミモネル] 先生の家に入り浸るギャル♥ (ブルーアーカイブ),先生の家に入り浸るギャル♥,japanese,mimonel,,doujinshi,blue archive,"asuna ichinose, karin kakudate","sweating, big breasts, schoolgirl uniform, dark skin, full color, eye-covering bang, halo",11,2026-07-03 05:49:07,2026-07-03 05:49:07,2026-07-04 14:12:23
660986,[ミモネル] 委員長サキュバスと異文化交流♥,[ミモネル] 委員長サキュバスと異文化交流♥,委員長サキュバスと異文化交流♥,japanese,mimonel,,doujinshi,original,,"wings, big breasts, unusual pupils, glasses, demon girl, full color, inflation, collar, sole male, ponytail, horns, tail, cumflation",13,2026-07-03 05:50:12,2026-07-03 05:50:12,2026-07-04 14:12:35
660987,[ミモネル] 武闘家ギャルちゃんと腹ボコ修行♥,[ミモネル] 武闘家ギャルちゃんと腹ボコ修行♥,武闘家ギャルちゃんと腹ボコ修行♥,japanese,mimonel,,doujinshi,original,,"sweating, big breasts, full color, sole female, sole male",9,2026-07-03 05:50:58,2026-07-03 05:50:58,2026-07-04 14:12:46
660988,僕の従者たち２,,僕の従者たち２,japanese,neko samurai,,doujinshi,original,,"big breasts, bbw, netorare, nakadashi, huge breasts, big areolae, big penis, shaved head, smalldom",29,2026-07-03 05:52:49,2026-07-03 05:52:49,2026-07-04 14:12:57
660989,[Yue] Idol Daiundoukai de Warumedachi Shisugite Aenaku Yosen Ochi Shiteshimai Oshioki Sareru Chounyuu Chika Idol-chan,[ユエ] アイドル大運動会で悪目立ちしすぎてあえなく予選落ちしてしまいお仕置きされる長乳地下アイドルちゃん,Idol Daiundoukai de Warumedachi Shisugite Aenaku Yosen Ochi Shiteshimai Oshioki Sareru Chounyuu Chika Idol-chan,japanese,yue,,doujinshi,original,,"big breasts, nakadashi, huge breasts, bloomers, sole female, sole male, school gym uniform",9,2026-07-03 05:53:34,2026-07-03 05:53:34,2026-07-04 14:13:08
660990,[Yue] Sena-chan to Aniki ni Naisho de Onsen Ryokou Hen,[ユエ] 瀬那ちゃんと兄貴に内緒で温泉旅行編,Sena-chan to Aniki ni Naisho de Onsen Ryokou Hen,japanese,yue,,doujinshi,original,,"big breasts, huge breasts, kimono, multi-work series, paizuri, first person perspective, sole female, sole male, bald, twintails",47,2026-07-03 05:56:29,2026-07-03 05:56:29,2026-07-04 14:13:20
660991,[Karbo] Nakiri Erina,,Nakiri Erina,japanese,,,doujinshi,shokugeki no soma,erina nakiri,vore,4,2026-07-03 05:57:02,2026-07-03 05:57:02,2026-07-04 14:13:31
660992,[ミモネル] 思春期な妹サキュバスとHレッスン♥,[ミモネル] 思春期な妹サキュバスとHレッスン♥,思春期な妹サキュバスとHレッスン♥,japanese,mimonel,,doujinshi,original,,"sweating, wings, big breasts, demon girl, full color, inflation, inverted nipples, collar, stomach deformation, sole male, crotch tattoo, beauty mark, horns, tail, cumflation, detached sleeves",14,2026-07-03 05:57:54,2026-07-03 05:57:54,2026-07-04 14:13:42
660993,Time-Stopping Myrtle and Durin,,Time-Stopping Myrtle and Durin,japanese,paofan,,doujinshi,arknights,"myrtle, durin",,4,2026-07-03 05:58:21,2026-07-03 05:58:21,2026-07-04 14:13:53
660994,[ミモネル] オナ好き人妻エルフの生チン体験♥,[ミモネル] オナ好き人妻エルフの生チン体験♥,オナ好き人妻エルフの生チン体験♥,japanese,mimonel,,doujinshi,original,,"elf, sweating, big breasts, glasses, cheating, nakadashi, ahegao, full color, multi-work series, inflation, collar, sole female, sole male, cumflation",13,2026-07-03 05:59:14,2026-07-03 05:59:14,2026-07-04 14:14:04
660995,[ミモネル] 令嬢サキュバスとエッチな三者面談♥,[ミモネル] 令嬢サキュバスとエッチな三者面談♥,令嬢サキュバスとエッチな三者面談♥,japanese,mimonel,,doujinshi,original,,"milf, sweating, big breasts, nakadashi, demon girl, full color, inflation, inverted nipples, blowjob, muscle, big penis, sole male, crotch tattoo, horns, cumflation",10,2026-07-03 06:00:04,2026-07-03 06:00:04,2026-07-04 14:14:16
660996,[ミモネル] お姫様と行きずりパコパコドライブ♥ (スーパーマリオブラザーズ),[ミモネル] お姫様と行きずりパコパコドライブ♥ (スーパーマリオブラザーズ),お姫様と行きずりパコパコドライブ♥,japanese,mimonel,,doujinshi,super mario brothers | super mario bros.,"mario, princess peach, rosalina, princess daisy, pauline","big breasts, nakadashi, full color, big areolae, impregnation, inverted nipples, sunglasses, sole male, ponytail, facial hair",12,2026-07-03 06:00:58,2026-07-03 06:00:58,2026-07-04 14:14:27
660997,[Lobeam & Doya] 财富爱情二选一 |  財富愛情二選一 1-12 [Chinese] [Ongoing],,财富爱情二选一 |  財富愛情二選一 1-12,"translated, chinese",,,manga,,,webtoon,204,2026-07-03 06:15:56,2026-07-03 06:15:56,2026-07-04 14:14:38
660998,[ミモネル] W人妻エルフの種乞いエッチ♥,[ミモネル] W人妻エルフの種乞いエッチ♥,W人妻エルフの種乞いエッチ♥,japanese,mimonel,,doujinshi,original,,"elf, sweating, big breasts, group, cheating, ahegao, ffm threesome, full color, multi-work series, inflation, stockings, tomboy, collar, sole male, ponytail, cumflation",9,2026-07-03 06:16:58,2026-07-03 06:16:58,2026-07-04 14:14:50
660999,[Bolp. & 哇答4] 她们的最爱.ZIP |  她們的最愛.ZIP 1-9 [Chinese] [Ongoing],,她们的最爱.ZIP |  她們的最愛.ZIP 1-9,"translated, chinese",,,manga,,,"big breasts, webtoon",152,2026-07-03 06:28:56,2026-07-03 06:28:56,2026-07-04 14:15:01
661000,[SEOKMIL & MAETBATJWI]  走味的初恋 | 走味的初戀 1-40 END [Chinese],,走味的初恋 | 走味的初戀 1-40 END,"translated, chinese",,,manga,,,"full color, webtoon",588,2026-07-03 07:12:00,2026-07-03 07:12:00,2026-07-04 14:15:12
661001,[ミモネル] 種族対抗どえっち体育祭♥,[ミモネル] 種族対抗どえっち体育祭♥,種族対抗どえっち体育祭♥,japanese,mimonel,,doujinshi,original,,"sweating, wings, big breasts, nakadashi, demon girl, full color, multi-work series, sole male, crotch tattoo, horns, tail",13,2026-07-03 07:13:43,2026-07-03 07:13:43,2026-07-04 14:15:23
661002,[Kawakami Kou] Paipan konpurekkusu,[河上康] パイパンコンプレックス,Paipan konpurekkusu,japanese,kawakami kou,,doujinshi,original,,"schoolgirl uniform, nakadashi, bikini, sole female, sole male",18,2026-07-03 07:15:02,2026-07-03 07:15:02,2026-07-04 14:15:35
661003,[Lyrical Seeki] Jinrui Otokonoko-ka Keikaku Natsuyasumi Hen ~Shotaimen no Otoko no Ko-tachi to ikinari Hatsu-Ecchi!?~|Human Traptality Project Summer Vacation Arc ~These Boys are Suddenly Losing Their Virginity After They Just Met!?~,[リリカルセーキ] 人類男の娘化計画夏休み編〜初対面の男の子達といきなり初エッチ!?〜,Jinrui Otokonoko-ka Keikaku Natsuyasumi Hen ~Shotaimen no Otoko no Ko-tachi to ikinari Hatsu-Ecchi!?~|Human Traptality Project Summer Vacation Arc ~These Boys are Suddenly Losing Their Virginity After They Just Met!?~,"english, translated",,lyrical seeki,doujinshi,original,,"swimsuit, anal, crossdressing, bikini, full color, multi-work series, males only, yaoi, tomgirl, shotacon, josou seme, anal intercourse",30,2026-07-03 07:20:51,2026-07-03 07:20:51,2026-07-04 14:15:46
661004,[ミモネル] 大乱交ツラのいい女ハーレム♥  (チェンソーマン),[ミモネル] 大乱交ツラのいい女ハーレム♥  (チェンソーマン),大乱交ツラのいい女ハーレム♥,japanese,mimonel,,doujinshi,chainsaw man,"power, denji, reze","sweating, unusual pupils, full color, collar, sole male, horns",9,2026-07-03 07:21:38,2026-07-03 07:21:38,2026-07-04 14:15:58
661005,[Mimonel] Obolus Shoutai to Aishou Kakunin Daisakusen (Zenless Zone Zero),[ミモネル] オボルス小隊と相性確認大作戦♥ (ゼンレスゾーンゼロ),Obolus Shoutai to Aishou Kakunin Daisakusen,japanese,mimonel,,doujinshi,zenless zone zero,"wise, trigger, orphie magnusson, seed","big breasts, unusual pupils, condom, nakadashi, eyemask, harem, full color, stockings, inverted nipples, sole male, horns, stirrup legwear",11,2026-07-03 07:22:30,2026-07-03 07:22:30,2026-07-04 14:16:09
661006,(C92) [Sanazura Doujinshi Hakkoujo (Sanazura Hiroyuki)] Risei ga Jouhatsu Shichatta Kei (FateApocrypha) resized/cleaned,(C92) [さなづら同人誌発行所 (さなづらひろゆき)] 理性が蒸発しちゃった系 (Fate/Apocrypha),Risei ga Jouhatsu Shichatta Kei (FateApocrypha) resized/cleaned,japanese,sanazura hiroyuki,sanazura doujinshi hakkoujo,doujinshi,"fate apocrypha, fate grand order","astolfo, sieg","anal, crossdressing, males only, yaoi, stockings, tomgirl, shotacon",22,2026-07-03 07:26:53,2026-07-03 07:26:53,2026-07-04 14:16:20
661007,"[STUDIO HUAN (Raidon)] Jimoto no Hame Tomo. ''Kinjo no Niransei Futago C, U'' Mumou-ban｜My Hometown Fuck buddy. ""Twin sisters C and U from the neighborhood"" [English]",地元のハメ友。「近所の二卵性双子C、U],"Jimoto no Hame Tomo. ''Kinjo no Niransei Futago C, U'' Mumou-ban｜My Hometown Fuck buddy. ""Twin sisters C and U from the neighborhood""","english, translated",raidon,studio huan,doujinshi,original,,"twins, kissing, big breasts, cunnilingus, group, story arc, cheating, schoolgirl uniform, nakadashi, ahegao, tall man, blowjob face, ffm threesome, exhibitionism, x-ray, multi-work series, fingering, ball sucking, blowjob, sole male, shimaidon, multimouth blowjob",75,2026-07-03 07:31:59,2026-07-03 07:31:59,2026-07-04 14:16:31
661008,[ガラガラ太郎] 射精だけ別のまんこにするやつ,[ガラガラ太郎] 射精だけ別のまんこにするやつ,射精だけ別のまんこにするやつ,japanese,garagara tarou,,doujinshi,original,,"glasses, schoolgirl uniform, x-ray, sole male",2,2026-07-03 07:32:23,2026-07-03 07:32:23,2026-07-04 14:16:42
661009,[ガラガラ太郎] オタク女友達とハメ撮りするだけ,[ガラガラ太郎] オタク女友達とハメ撮りするだけ,オタク女友達とハメ撮りするだけ,japanese,garagara tarou,,doujinshi,original,,"kissing, glasses, schoolgirl uniform, filming, sole female, sole male, hair buns",3,2026-07-03 07:32:44,2026-07-03 07:32:44,2026-07-04 14:16:54
661010,[Iaidou (Kakizaki Kousei)] My Understanding Girlfriend-Chan 1-14 | Rikai no Aru Kanojo-chan [English] [MTL],[居合堂 (垣崎コウセイ)] 理解のある彼女ちゃん,My Understanding Girlfriend-Chan 1-14 | Rikai no Aru Kanojo-chan,"english, translated",kakizaki kousei,iaidou,doujinshi,original,,"handjob, bdsm, forniphilia, big breasts, chastity belt, gag, torture, pegging, humiliation, urethra insertion, strap-on, piercing, spanking, corset, compilation, glasses, netorare, big ass, masturbation, cheating, electric shocks, prostate massage, body modification, facesitting, ahegao, anal, sex toys, femdom, bondage, hairy, foot licking, thigh high boots, x-ray, latex, footjob, whip, trampling, masked face, stockings, rimjob, eyepatch, orgasm denial, filming, guro, mind break, cbt, impregnation, collar, body writing, slave, clamp, clothed female nude male, pixie cut, leash, gloves, forced exposure, mouth mask, mesuiki, anal intercourse, rough translation, nipple stimulation, genital piercing, nipple piercing, high heels",76,2026-07-03 07:46:21,2026-07-03 07:46:21,2026-07-04 14:17:05
661011,[ガラガラ太郎] 『憑依デリヘル』を使えばどんな女ともセックスできるらしい,[ガラガラ太郎] 『憑依デリヘル』を使えばどんな女ともセックスできるらしい,『憑依デリヘル』を使えばどんな女ともセックスできるらしい,japanese,garagara tarou,,doujinshi,original,,"glasses, pantyhose, possession, sole female, sole male, gender change",8,2026-07-03 07:47:09,2026-07-03 07:47:09,2026-07-04 14:17:17
661012,[ガラガラ太郎] ヤンキー女と入れ替わった結果、彼氏に手だけでイかされまくる話,[ガラガラ太郎] ヤンキー女と入れ替わった結果、彼氏に手だけでイかされまくる話,ヤンキー女と入れ替わった結果、彼氏に手だけでイかされまくる話,japanese,garagara tarou,,doujinshi,original,,"sweating, fingering, sole female, sole male, multiple orgasms",5,2026-07-03 07:47:37,2026-07-03 07:47:37,2026-07-04 14:17:29
661013,[ガラガラ太郎] 根暗貧相陰キャ女のケツを犯しまくるだけ,[ガラガラ太郎] 根暗貧相陰キャ女のケツを犯しまくるだけ,根暗貧相陰キャ女のケツを犯しまくるだけ,japanese,garagara tarou,,doujinshi,original,,"sweating, anal, sex toys, x-ray, double penetration, sole female, sole male, focus anal, anal intercourse",4,2026-07-03 07:48:04,2026-07-03 07:48:04,2026-07-04 14:17:40
661014,[ガラガラ太郎] 憑依レポ漫画【OLオナニー編】,[ガラガラ太郎] 憑依レポ漫画【OLオナニー編】,憑依レポ漫画【OLオナニー編】,japanese,garagara tarou,,doujinshi,original,,"business suit, masturbation, possession, sole female",12,2026-07-03 07:48:53,2026-07-03 07:48:53,2026-07-04 14:17:51
661015,[ガラガラ太郎] 憑依薬を手に入れた男子たちの末路...,[ガラガラ太郎] 憑依薬を手に入れた男子たちの末路...,憑依薬を手に入れた男子たちの末路...,japanese,garagara tarou,,doujinshi,original,,"sweating, mmf threesome, schoolgirl uniform, possession, blowjob, sole female, ponytail, gender change",4,2026-07-03 07:49:21,2026-07-03 07:49:21,2026-07-04 14:18:03
661016,[ガラガラ太郎] 真面目な女の子が知らない男に憑依されて同級生の男子とヤりまくってる話,[ガラガラ太郎] 真面目な女の子が知らない男に憑依されて同級生の男子とヤりまくってる話,真面目な女の子が知らない男に憑依されて同級生の男子とヤりまくってる話,japanese,garagara tarou,,doujinshi,original,,"sweating, glasses, nakadashi, lolicon, shotacon, sole female, sole male, ponytail, kodomo doushi, kodomo only",4,2026-07-03 07:50:12,2026-07-03 07:50:12,2026-07-04 14:18:14
661017,[こらんだむ] おみぃさんとマスターに巻き込まれるフローラちゃん (Fate/Grand Order),[こらんだむ] おみぃさんとマスターに巻き込まれるフローラちゃん (Fate/Grand Order),おみぃさんとマスターに巻き込まれるフローラちゃん,japanese,corundum,,doujinshi,fate grand order,"gudao | ritsuka fujimaru, hebi nyobo","big breasts, breast feeding, mosaic censorship, sole male, very long hair",8,2026-07-03 07:50:51,2026-07-03 07:50:51,2026-07-04 14:18:25
661018,[Airy Socks] Tsugunawasare if ~Natsuki's Nightmare~,[エアリーソックス] ツグナワサレif,Tsugunawasare if ~Natsuki's Nightmare~,japanese,,airy socks,doujinshi,original,,"big breasts, schoolgirl uniform, full color, mosaic censorship",151,2026-07-03 07:59:27,2026-07-03 07:59:27,2026-07-04 14:18:36
661019,[Nana Hyakuya (Yaona)] AL-1S Seishokukinou Maintenance (Blue Archive) [Digital] (SCANMTL),[なな百屋 (やおな)] AL-1S生殖機能メンテナンス (ブルーアーカイブ) [DL版],AL-1S Seishokukinou Maintenance,"english, translated",,,doujinshi,blue archive,alice tendou,"sex toys, scanmark, bondage, lolicon, tentacles, sole female, ponytail, very long hair, rough translation",22,2026-07-03 08:03:43,2026-07-03 08:03:43,2026-07-04 14:18:47
661020,A happy life with ArisuMana and tentacles! (SCANMTL),有栖マナ和触手们的快乐生活！,A happy life with ArisuMana and tentacles!,"english, translated",limama,,doujinshi,,alice mana,"uncensored, living clothes, scanmark, bondage, full color, blowjob, fox girl, tentacles, kemonomimi, tail, vtuber, rough translation, multiple tails",14,2026-07-03 08:04:50,2026-07-03 08:04:50,2026-07-04 14:18:59
661021,"[Ochikonium (Terada Ochiko)] Giga no Tsumeawase | Giga Assortment (Kino no Tabi, Puella Magi Madoka Magica) [English] [Digital]",[おちこにうむ (寺田落子)] ギガの詰め合わせ (キノの旅、魔法少女まどか☆マギカ) [英語] [DL版],Giga no Tsumeawase | Giga Assortment,english,terada ochiko,ochikonium,doujinshi,"puella magi madoka magica, kino no tabi | kinos journey",,"scat, big breasts, farting, full color, giantess",21,2026-07-03 08:06:17,2026-07-03 08:06:17,2026-07-04 14:19:10
661022,【李妈妈リママ】安保狐狐与触手们相亲相爱♡ (SCANMTL),【李妈妈リママ】安保狐狐与触手们相亲相爱♡,【李妈妈リママ】安保狐狐与触手们相亲相爱♡,"english, translated",limama,,doujinshi,original,,"scanmark, bondage, full color, double penetration, blowjob, fox girl, tentacles, kemonomimi, tail, rough translation",26,2026-07-03 08:08:03,2026-07-03 08:08:03,2026-07-04 14:19:21
661023,[Gusucapiyopiyo (Amutake)] Nene no Intou [Digital] (SCANMTL),[グースカピヨピヨ (あむたけ)] ねねの淫蕩 [DL版],Nene no Intou,"english, translated",amutake,gusucapiyopiyo,doujinshi,original,,"slime, wings, unusual pupils, nakadashi, ahegao, scanmark, demon girl, multi-work series, blowjob, big clit, tentacles, sole female, tail, clit stimulation, rough translation",21,2026-07-03 08:09:29,2026-07-03 08:09:29,2026-07-04 14:19:33
661024,[Ocha Shigure] Sekai wo Sukutta Mahou Shoujo ga Ikuukan ni Torawarete Kuritorisu Mokei to Kuritorisu no Kankaku wo Tsunagarete Kuritorisu wo Kyokugen made Semerareru Hanashi (SCANMTL),[お茶時雨] 世界を救った魔法少女が異空間に囚われてクリトリス模型とクリトリスの感覚を繋がれてクリトリスを極限まで責められる話,Sekai wo Sukutta Mahou Shoujo ga Ikuukan ni Torawarete Kuritorisu Mokei to Kuritorisu no Kankaku wo Tsunagarete Kuritorisu wo Kyokugen made Semerareru Hanashi,"english, translated",ocha shigure,,doujinshi,original,,"squirting, sweating, kissing, wormhole, torture, cunnilingus, amputee, magical girl, females only, ahegao, sex toys, femdom, scanmark, bondage, oil, yuri, saliva, shared senses, blindfold, clit growth, tentacles, twintails, no penetration, forced exposure, very long hair, multiple orgasms, clit stimulation, rough translation, nipple stimulation",86,2026-07-03 08:14:34,2026-07-03 08:14:34,2026-07-04 14:19:44
661025,"[Torigara Soup (Yotaka)] Wakate Elite na Seijo Kishi-sama, Kyouaku Shokushu ni Shiborareru ~Mugen ni Ikasare Buzama Haiboku Maryokujiru Tarenagashi Genkai Energy Drain Hen~ (SCANMTL)",[鶏鴉麩 (夜鷹)] 若手エリートな聖女騎士様、凶悪触手に搾られる〜無限にイかされ無様敗北♡魔力汁垂れ流し限界エナジードレイン編〜,"Wakate Elite na Seijo Kishi-sama, Kyouaku Shokushu ni Shiborareru ~Mugen ni Ikasare Buzama Haiboku Maryokujiru Tarenagashi Genkai Energy Drain Hen~","english, translated",yotaka,torigara soup,doujinshi,original,,"squirting, big breasts, triple penetration, ahegao, anal, scanmark, bondage, monster, x-ray, double penetration, lactation, stockings, leotard, clit growth, tentacles, sole female, ponytail, gloves, clit stimulation, rough translation, nipple stimulation",49,2026-07-03 08:17:50,2026-07-03 08:17:50,2026-07-04 14:19:55
661026,"[Umebatake (Mine Thrower)] Yakumo Eki, 8-ban Ta-minaru (SCANMTL)",[ウメ畑 (マインスロア)] 八雲駅、8番ターミナル,"Yakumo Eki, 8-ban Ta-minaru","english, translated",mine thrower,dendou monaka,doujinshi,original,,"big breasts, miko, sex toys, scanmark, tentacles, sole female, rough translation",27,2026-07-03 08:19:38,2026-07-03 08:19:38,2026-07-04 14:20:06
661027,(C104) [Soratomoe (John)] Exosisters wa Otosenai (Yu-Gi-Oh! OCG) (SCANMTL),(C104) [ソラトモエ (じょん)] エクソシスターは堕とせない (遊☆戯☆王 OCG),Exosisters wa Otosenai,"english, translated",john,soratomoe,doujinshi,yu-gi-oh,exosister irene,"anal, scanmark, bondage, double penetration, rape, tentacles, sole female, anal intercourse, rough translation, nipple stimulation",30,2026-07-03 08:25:43,2026-07-03 08:25:43,2026-07-04 14:20:17
661028,[ナチョス] 野外オナニーするコレイ (原神),[ナチョス] 野外オナニーするコレイ (原神),野外オナニーするコレイ,japanese,,,doujinshi,genshin impact,collei,"exhibitionism, full color",13,2026-07-03 08:26:53,2026-07-03 08:26:53,2026-07-04 14:20:28
661029,[ナチョス] コレイ アンバー 百合えっち,[ナチョス] コレイ アンバー 百合えっち,コレイ アンバー 百合えっち,japanese,,,doujinshi,genshin impact,"amber, collei","cunnilingus, yuri, full color",6,2026-07-03 08:27:30,2026-07-03 08:27:30,2026-07-04 14:20:40
661030,[ナチョス] サロンメンバーとフリーナその１ 全１１ページ,[ナチョス] サロンメンバーとフリーナその１ 全１１ページ,サロンメンバーとフリーナその１ 全１１ページ,japanese,,,doujinshi,genshin impact,focalors | lady furina,"full color, tentacles, sole female",20,2026-07-03 08:28:53,2026-07-03 08:28:53,2026-07-04 14:20:51
661031,[ナチョス] 体操服 オナニー 白線モザイク版,[ナチョス] 体操服 オナニー 白線モザイク版,体操服 オナニー 白線モザイク版,japanese,,,doujinshi,original,,"squirting, masturbation, solo action, mosaic censorship, sole female",7,2026-07-03 08:29:33,2026-07-03 08:29:33,2026-07-04 14:21:02
661032,[ナチョス] 猫耳コス 露出オナニー 白線モザイク版,[ナチョス] 猫耳コス 露出オナニー 白線モザイク版,猫耳コス 露出オナニー 白線モザイク版,japanese,,,doujinshi,original,,"squirting, sex toys, solo action, exhibitionism, full color, catgirl, sole female, tail plug, kemonomimi, butt plug",23,2026-07-03 08:31:00,2026-07-03 08:31:00,2026-07-04 14:21:13
661033,[しのり] むちむちダウナーバニーミク (VOCALOID),[しのり] むちむちダウナーバニーミク (VOCALOID),むちむちダウナーバニーミク,japanese,sinori,,doujinshi,vocaloid,miku hatsune,"sweating, kissing, big breasts, unusual pupils, huge breasts, bunny girl, stockings, paizuri, mosaic censorship, leotard, sole male, bald, kemonomimi, twintails, gloves, very long hair, high heels",2,2026-07-03 08:31:21,2026-07-03 08:31:21,2026-07-04 14:21:24
661034,[しのり] むちむちダウナーミク (VOCALOID),[しのり] むちむちダウナーミク (VOCALOID),むちむちダウナーミク,japanese,sinori,,doujinshi,vocaloid,miku hatsune,"sweating, kissing, stockings, paizuri, mosaic censorship, sole female, sole male, bald, twintails, very long hair, detached sleeves, painted nails",3,2026-07-03 08:31:40,2026-07-03 08:31:40,2026-07-04 14:21:36
661035,[しのり] バニーセントルイスとおっさん (アズールレーン),[しのり] バニーセントルイスとおっさん (アズールレーン),バニーセントルイスとおっさん,japanese,sinori,,doujinshi,azur lane,st. louis,"sweating, kissing, big breasts, x-ray, bunny girl, rimjob, paizuri, mosaic censorship, blowjob, sole female, sole male, bald, kemonomimi, high heels",2,2026-07-03 08:31:56,2026-07-03 08:31:56,2026-07-04 14:21:47
661036,[しのり] バニー大鳳とおっさん (アズールレーン),[しのり] バニー大鳳とおっさん (アズールレーン),バニー大鳳とおっさん,japanese,sinori,,doujinshi,azur lane,taihou,"sweating, big breasts, unusual pupils, x-ray, rimjob, paizuri, mosaic censorship, blowjob, sole female, sole male, bald, very long hair, focus paizuri, high heels",2,2026-07-03 08:32:14,2026-07-03 08:32:14,2026-07-04 14:21:58
661037,[DYTM] Inu ni Nurete Kanzenban [Chinese] [Digital],[DYTM] 淫雨に濡れて完全版 [中国翻訳] [DL版],Inu ni Nurete Kanzenban,"translated, chinese",dytm,,manga,,,"milf, mmf threesome, group, netorare, story arc, cheating, nakadashi, anal, double penetration, rape, blowjob, collar, chikan",302,2026-07-03 09:27:47,2026-07-03 09:27:47,2026-07-04 14:22:09
661038,[しのり] おぢさんを搾るかえでちゃん (お兄ちゃんはおしまい!),[しのり] おぢさんを搾るかえでちゃん (お兄ちゃんはおしまい!),おぢさんを搾るかえでちゃん,japanese,sinori,,doujinshi,onii-chan wa oshimai,kaede hozuki,"handjob, sweating, kissing, big breasts, swimsuit, bikini, rimjob, gyaru, paizuri, mosaic censorship, sole female, sole male, bald, focus paizuri, nipple stimulation, painted nails",2,2026-07-03 09:28:19,2026-07-03 09:28:19,2026-07-04 14:22:21
661039,[DYTM]催淫病棟 1,,催淫病棟 1,"translated, chinese",dytm,,doujinshi,original,,,108,2026-07-03 09:34:38,2026-07-03 09:34:38,2026-07-04 14:22:32
661040,[しのり] 水着凪さん (瑠璃の宝石),[しのり] 水着凪さん (瑠璃の宝石),水着凪さん,japanese,sinori,,doujinshi,ruri no houseki,nagi arato,"sweating, big breasts, swimsuit, nakadashi, bikini, paizuri, mosaic censorship, impregnation, blowjob, sole female, sole male, very long hair, focus paizuri",2,2026-07-03 09:35:01,2026-07-03 09:35:01,2026-07-04 14:22:43
661041,[nanohana] コミュ障サキュバスと,[nanohana] コミュ障サキュバスと,コミュ障サキュバスと,japanese,nanohana,,doujinshi,original,,"big breasts, demon girl, full color, stockings, paizuri, blowjob, collar, sole female, sole male, twintails, horns, tail, gloves",16,2026-07-03 09:36:07,2026-07-03 09:36:07,2026-07-04 14:22:54
661042,[ torico🐤][Aoi Rei/ Ara Rei] A Room You Can't Leave.(Stand My Heroes),,A Room You Can't Leave.,japanese,,,doujinshi,original,,"sole female, sole male",21,2026-07-03 09:37:31,2026-07-03 09:37:31,2026-07-04 14:23:05
661043,[nanohana] ラピ バニー (勝利の女神:NIKKE),[nanohana] ラピ バニー (勝利の女神:NIKKE),ラピ バニー,japanese,,,doujinshi,goddess of victory nikke,rapi,"squirting, handjob, bunny girl, leotard, blowjob, sole female, sole male, bald, kemonomimi, nipple stimulation",4,2026-07-03 09:37:59,2026-07-03 09:37:59,2026-07-04 14:23:17
661044,[DODOMESU3SEI] Oshiego ni Onegai Sarete Iroiro Miseteshimau Hanashi [English],[DODOMESU3SEI] 教え子にお願いされて色々見せてしまう話  [English],Oshiego ni Onegai Sarete Iroiro Miseteshimau Hanashi,"english, translated",dodomesu3sei,,doujinshi,original,,"handjob, farting, urination, mosaic censorship, sole male, no penetration",26,2026-07-03 09:39:38,2026-07-03 09:39:38,2026-07-04 14:23:28
661045,[DODOMESU3SEI] Seikaku no Warui Ki no Tsuyoi Onnanoko ni Muriyari Saseru Ohanashi [English],[DODOMESU3SEI] 性格の悪い気の強い女の子に無理やりさせるお話 [English],Seikaku no Warui Ki no Tsuyoi Onnanoko ni Muriyari Saseru Ohanashi,"english, translated",dodomesu3sei,,doujinshi,original,,"scat, farting, urination, mosaic censorship, sole male, no penetration",29,2026-07-03 09:41:31,2026-07-03 09:41:31,2026-07-04 14:23:39
661046,[DODOMESU3SEI] Ikina o Nēsan ni Iroiro Misetemorau Hanashi [English],[DODOMESU3SEI] 粋なお姉さんに色々見せてもらう話 [English],Ikina o Nēsan ni Iroiro Misetemorau Hanashi,"english, translated",dodomesu3sei,,doujinshi,original,,"scat, farting, urination, mosaic censorship, sole male, no penetration, rough translation",23,2026-07-03 09:43:06,2026-07-03 09:43:06,2026-07-04 14:23:50
661047,[咲凛玖] 全裸登校6-1,[咲凛玖] 全裸登校6-1,全裸登校6-1,"japanese, chinese",saki rinku,,doujinshi,original,,"public use, nakadashi, exhibitionism, full color, double penetration, forced exposure, stirrup legwear",12,2026-07-03 09:44:04,2026-07-03 09:44:04,2026-07-04 14:24:01
661048,[Xレン] 牛沢さんとママ実習でこっそりぴゅっぴゅっ❤,[Xレン] 牛沢さんとママ実習でこっそりぴゅっぴゅっ❤,牛沢さんとママ実習でこっそりぴゅっぴゅっ❤,japanese,xren,,doujinshi,original,,"big breasts, schoolgirl uniform, full color, paizuri, sole female, sole male",7,2026-07-03 09:44:41,2026-07-03 09:44:41,2026-07-04 14:24:12
661049,(C106) [Yu-Yu-Tei (Minakami Rinka)] Freak Blue Archive Fan Book (Blue Archive) [English],,Freak Blue Archive Fan Book,"english, translated",,,doujinshi,blue archive,shiroko sunaookami,"kemonomimi, rough translation",13,2026-07-03 09:45:44,2026-07-03 09:45:44,2026-07-04 14:24:23
661050,[Xレン] 凪さんと悪魔コスえっち (瑠璃の宝石),[Xレン] 凪さんと悪魔コスえっち (瑠璃の宝石),凪さんと悪魔コスえっち,japanese,xren,,doujinshi,ruri no houseki,nagi arato,"wings, big breasts, demon girl, full color, paizuri, sole female, sole male, horns, gloves",11,2026-07-03 09:46:39,2026-07-03 09:46:39,2026-07-04 14:24:34
661051,[Asatsukimint (Mintice)] Akuma na Ibuki no Seieki Tank | 惡魔伊吹的體液儲存庫 (Blue Archive) [Chinese] [Decensored] [Digital],[アサツキミント (みんとあいす)] 悪魔なイブキの精液タンク (ブルーアーカイブ) [中国翻訳] [無修正] [DL版],Akuma na Ibuki no Seieki Tank | 惡魔伊吹的體液儲存庫,"translated, chinese",mintice,asatsukimint,doujinshi,blue archive,"sensei, ibuki tanga","wings, uncensored, lolicon, age progression, sole female, sole male, horns, tail",23,2026-07-03 09:51:12,2026-07-03 09:51:12,2026-07-04 14:24:46
661052,"[Kuronero] Kanpeki na Seishori-gakari, Fukanzen na Koi wo Suru [English]",[くろねろ] 完璧な性処理係、不完全な恋をする,"Kanpeki na Seishori-gakari, Fukanzen na Koi wo Suru","english, translated",,,doujinshi,original,,"big breasts, glasses, public use, schoolgirl uniform, condom, lolicon, rough translation",37,2026-07-03 09:58:07,2026-07-03 09:58:07,2026-07-04 14:24:57
661053,[KOKO (Wachi Nao)] omakase kudasai goshujin-sama 1. 5 ~ side story,[KOKO (和池ナオ)] おまかせくださいご主人さま1.5～side story～,omakase kudasai goshujin-sama 1. 5 ~ side story,"english, translated",waikke,2sai,doujinshi,original,,"maid, big breasts, exhibitionism, multi-work series, paizuri, blowjob, sole female, sole male, rough translation",30,2026-07-03 10:00:08,2026-07-03 10:00:08,2026-07-04 14:25:08
661054,水火不容的恋爱日常？（千面避役×｜Artist：苔おじさん｜Ace的个人汉化｜（Pokemon）（Chinese）,,水火不容的恋爱日常？（千面避役×｜Artist：苔おじさん｜Ace的个人汉化｜（Pokemon）（Chinese）,"translated, chinese",,,doujinshi,pokemon | pocket monsters,"inteleon, cinderace",rough translation,52,2026-07-03 10:03:19,2026-07-03 10:03:19,2026-07-04 14:25:19
661055,[Taka no Me Shoukai (Yotaka)] JK Senshi Banii Cheri vs. Shadou Meiden ~Inkyana dekajo mamono ni nukou rezu haiboku! Injiru mamire de mazo mesu kaika hen~ [Digital] (SCANMTL),[鷹ノ目商会 (夜鷹)] JK戦士バニー・チェリーvs.シャドウメイデン〜陰キャなデカ女妖魔に濃厚レズ敗北！淫汁まみれでマゾメス開花編～,JK Senshi Banii Cheri vs. Shadou Meiden ~Inkyana dekajo mamono ni nukou rezu haiboku! Injiru mamire de mazo mesu kaika hen~,"english, translated",yotaka,torigara soup,doujinshi,original,,"squirting, magical girl, glasses, ahegao, scanmark, yuri, bunny girl, tentacles, clit stimulation, rough translation",48,2026-07-03 10:06:15,2026-07-03 10:06:15,2026-07-04 14:25:30
661056,[Koumusyo (Yakunabi)] Hypnosis Simulation in Sakurako (Blue Archive) [Digital] (SCANMTL),[虹夢処 (ヤクヒナ)] ヒプノシスシミュレーションinサクラコ (ブルーアーカイブ) [DL版],Hypnosis Simulation in Sakurako,"english, translated",yakuhina,niziyumedokoro,doujinshi,blue archive,sakurako utazumi,"big breasts, nun, scanmark, yuri, latex, mind control, leotard, tentacles, deepthroat, rough translation, halo",37,2026-07-03 10:08:33,2026-07-03 10:08:33,2026-07-04 14:25:42
661057,[D.N.A.Lab. (Miyasu Risa)] Mahou Shoujo Katsute Nai Dai Pinchi [Digital] (SCANMTL),[D・N・A.Lab. (ミヤスリサ)] 魔法少女かつてないだいぴんち [DL版],Mahou Shoujo Katsute Nai Dai Pinchi,"english, translated",miyasu risa,d.n.a.lab.,doujinshi,original,,"big breasts, magical girl, scanmark, tentacles, rough translation",26,2026-07-03 10:10:17,2026-07-03 10:10:17,2026-07-04 14:25:53
661058,[Divine Fountain (Koizumi Hitsuji)] Flan-chan Ero Trap ni Haiboku (Touhou Project) [Digital] (SCANMTL),[神聖ファウンテン (小泉ひつじ)] フランちゃんエロトラップに敗北 (東方Project) [DL版],Flan-chan Ero Trap ni Haiboku,"english, translated",koizumi hitsuji,divine fountain,doujinshi,"touhou project, ero trap dungeon",flandre scarlet,"slime, wings, pregnant, milking, ahegao, sex toys, scanmark, bondage, lactation, impregnation, tentacles, sole female, crotch tattoo, rough translation, vaginal birth",29,2026-07-03 10:12:19,2026-07-03 10:12:19,2026-07-04 14:26:04
661059,[Mousou Bijutsubu (Sho-yan)] -Black Cat Rubber-,[妄想美術部 (しょーやん)] クロネコラバー,-Black Cat Rubber-,japanese,sho-yan,mousou bijutsubu,doujinshi,original,,"anal, sex toys, bondage, latex, full color, masked face, bodysuit, sole female, kemonomimi, harness",18,2026-07-03 10:13:36,2026-07-03 10:13:36,2026-07-04 14:26:16
661060,"[I'm moralist (Yanagihara Mitsuki, Sasamashin)] Mazoneko x Mahou Shoujo ~Aku no Mahou Shoujo ga, Seigi no Mahou Shoujo to Suenagaku Shiawase ni Kurasu Manga~ (SCANMTL)",[I'm moralist (柳原ミツキ、ササマシン)] マゾネコ×魔法少女～悪の魔法少女が、正義の魔法少女と末永く幸せに暮らすマンガ～,"Mazoneko x Mahou Shoujo ~Aku no Mahou Shoujo ga, Seigi no Mahou Shoujo to Suenagaku Shiawase ni Kurasu Manga~","english, translated","yanagihara mitsuki, sasamashin",im moralist,doujinshi,original,,"futanari, pregnant, sex toys, scanmark, defloration, multi-work series, impregnation, tentacles, crotch tattoo, kemonomimi, tail, cumflation, rough translation, dickgirl on female",33,2026-07-03 10:15:44,2026-07-03 10:15:44,2026-07-04 14:26:27
661061,(C105) [Yabuishikai (Sui Shinon)] Comic An Allial (CoeFont) (SCANMTL),(C105) [藪医師会 (翠しのん)] Comic An Allial (CoeFont),Comic An Allial,"english, translated",,,doujinshi,original,,"pregnant, anal, scanmark, blowjob, tentacles, rough translation",18,2026-07-03 10:17:04,2026-07-03 10:17:04,2026-07-04 14:26:38
661062,(CiNDERELLA ☆ STAGE 13 STEP) [Soiya (Akinyan)] Yukimi-chan ga Isekai de Shokushu ni Osowarechau Hon (THE IDOLM@STER CINDERELLA GIRLS) (SCANMTL),(シンデレラ☆ステージ13STEP) [そい家 (アキなゃん)] 雪美ちゃんが異世界で触手に襲われちゃう本 (アイドルマスター シンデレラガールズ),Yukimi-chan ga Isekai de Shokushu ni Osowarechau Hon,"english, translated",akinyan,soiya,doujinshi,the idolmaster,yukimi sajo,"pregnant, witch, scanmark, lolicon, inflation, impregnation, tentacles, stomach deformation, sole female, very long hair, rough translation, vaginal birth",14,2026-07-03 10:19:56,2026-07-03 10:19:56,2026-07-04 14:26:49
661063,[DYTM]美人妻・西崎薫の淫鬱な日常,,美人妻・西崎薫の淫鬱な日常,"translated, chinese",dytm,,doujinshi,original,,,26,2026-07-03 10:21:37,2026-07-03 10:21:37,2026-07-04 14:27:01
661064,[Kyata] TsukaSen Log (Dr.STONE),,TsukaSen Log,"english, translated",,,doujinshi,dr. stone,"senku ishigami, tsukasa shishiou",yaoi,5,2026-07-03 10:22:07,2026-07-03 10:22:07,2026-07-04 14:27:12
661065,[Im moralist (U-mu)] JK Taimashi vs Inkai Gakkyuu ~Dosukebe Taibatsu de Omanko Shidou Arigatou Gozaimasu~ (SCANMTL),[Im moralist (U-mu)] JK退魔師 vs 淫界学級 ～ドスケベ体罰でおまんこ指導ありがとうございます～,JK Taimashi vs Inkai Gakkyuu ~Dosukebe Taibatsu de Omanko Shidou Arigatou Gozaimasu~,"english, translated",,im moralist,doujinshi,original,,"pregnant, monster girl, scanmark, small breasts, crotch tattoo, rough translation, vaginal birth",40,2026-07-03 10:24:30,2026-07-03 10:24:30,2026-07-04 14:27:23
661066,[act.direction (partner)] Tasukete! Otaku-kun!! - Help me! Otaku-kun!! (VOICE VOX) [Digital] (SCANMTL),[act.direction (ぱるとねる)] 助けて! オタクくん!! (VOICE VOX) [DL版],Tasukete! Otaku-kun!! - Help me! Otaku-kun!!,"english, translated",partner,act.direction,doujinshi,voicevox,tsumugi kasukabe,"slime, big breasts, nun, nakadashi, scanmark, tentacles, ponytail, rough translation",22,2026-07-03 10:26:06,2026-07-03 10:26:06,2026-07-04 14:27:34
661067,[Keishikin] Moto Teikyuu Mazoku no Isekai Shoukan (SCANMTL),[けいしきん] 元低級魔族の異世界召喚,Moto Teikyuu Mazoku no Isekai Shoukan,"english, translated",keishikin,,doujinshi,original,,"living clothes, nakadashi, scanmark, monster, tentacles, sole female, sole male, school gym uniform, rough translation",17,2026-07-03 10:27:20,2026-07-03 10:27:20,2026-07-04 14:27:46
661068,(Rim)  Doll,(Rim) Doll,Doll,english,rim,r.s.i.,doujinshi,original,,"big breasts, unusual pupils, group, nakadashi, ffm threesome, femdom, robot, full color, sole male, painted nails",4,2026-07-03 10:27:54,2026-07-03 10:27:54,2026-07-04 14:27:57
661069,[Xレン] サキュバス凪さんといちゃらぶセックス (瑠璃の宝石),[Xレン] サキュバス凪さんといちゃらぶセックス (瑠璃の宝石),サキュバス凪さんといちゃらぶセックス,japanese,xren,,doujinshi,ruri no houseki,nagi arato,"wings, big breasts, demon girl, full color, paizuri, collar, sole female, sole male, horns, tail, gloves",6,2026-07-03 10:28:29,2026-07-03 10:28:29,2026-07-04 14:28:08
661070,[Xレン] GW金ビキニ,[Xレン] GW金ビキニ,GW金ビキニ,japanese,xren,,doujinshi,uma musume pretty derby,,"big breasts, horse girl, kemonomimi",22,2026-07-03 10:30:02,2026-07-03 10:30:02,2026-07-04 14:28:20
661071,[おなすとろとろ] 触手の苗床になる前に…｜直到成为触手的苗床前…【chinese】,[おなすとろとろ] 触手の苗床になる前に…,触手の苗床になる前に…｜直到成为触手的苗床前…【chinese】,"translated, chinese",,,doujinshi,original,,"full color, yaoi, tentacles, eggs",27,2026-07-03 10:31:53,2026-07-03 10:31:53,2026-07-04 14:28:32
661072,"(Yaoyoro!) [umaura. (Rube)] Asaake ga Kuru made, Utakata no Yume o Misete | Let Me Dream Transient Things Until Dawn (Chou Kaguya-hime!) [English]",(ヤオヨロー!) [umaura. (るべ)] 朝明けが来るまで、泡沫の夢を見せて (超かぐや姫!) [英訳],"Asaake ga Kuru made, Utakata no Yume o Misete | Let Me Dream Transient Things Until Dawn","english, translated",rube,umaura.,doujinshi,chou kaguya-hime | cosmic princess kaguya,iroha sakayori,"females only, yuri, fingering, roka ayatsumugi",18,2026-07-03 10:33:11,2026-07-03 10:33:11,2026-07-04 14:28:43
661073,[Nigiri Usagi] Atsumare! Tontoko Farmers 1,[にぎりうさぎ] あつまれ！とんとこファーマーズ 1,Atsumare! Tontoko Farmers 1,japanese,nigiri usagi,,doujinshi,original,,"big breasts, old man, glasses, nakadashi, multi-work series, dilf, big penis, sole male, bald",10,2026-07-03 10:33:58,2026-07-03 10:33:58,2026-07-04 14:28:54
661074,[pen姉]  ギャップ,,ギャップ,japanese,pen,,doujinshi,original,,"sweating, big breasts, femdom, gyaru-oh, sole female, sole male",4,2026-07-03 10:34:21,2026-07-03 10:34:21,2026-07-04 14:29:05
661075,[pen姉] 怪しいマッサージの勧誘に引っ掛かる人妻さん,[pen姉] 怪しいマッサージの勧誘に引っ掛かる人妻さん,怪しいマッサージの勧誘に引っ掛かる人妻さん,japanese,,,doujinshi,original,,"milf, big breasts, sumata, paizuri, blindfold, sole female, nipple stimulation",8,2026-07-03 10:35:03,2026-07-03 10:35:03,2026-07-04 14:29:16
661076,[Shadan Katsudoh (Kyuusuikei)] Chitei Doukutsu ni Saku Hana [Digital] (SCANMTL),[遮断活動 (給水係)] 地底洞窟に咲く花 [DL版],Chitei Doukutsu ni Saku Hana,"english, translated",kyuusuikei,shadan katsudoh,doujinshi,original,,"futanari, plant girl, monster girl, glasses, scanmark, chinese dress, small breasts, tentacles, sole dickgirl, rough translation",45,2026-07-03 10:37:41,2026-07-03 10:37:41,2026-07-04 14:29:28
661077,[Amemiya Azuha] Injuu Ikusei Kan (SCANMTL),[雨宮アズハ] 淫獣育成官,Injuu Ikusei Kan,"english, translated",,amemiya azuha,doujinshi,original,,"futanari, big breasts, nun, group, scanmark, mosaic censorship, tentacles, rough translation",23,2026-07-03 10:39:20,2026-07-03 10:39:20,2026-07-04 14:29:39
661078,(C104) [Torotorotorocco (Johnny Yama)] Suana (Genshin Impact) (SCANMTL),(C104) [トロトロトロッコ (ジョニ山)] 巣穴 (原神),Suana,"english, translated",johnny yama,torotorotorocco,doujinshi,genshin impact,"jean gunnhildr, barbara pegg","futanari, big breasts, pregnant, anal, scanmark, bondage, big areolae, pantyhose, impregnation, blindfold, tentacles, crotch tattoo, ponytail, twintails, rough translation, dickgirl on female",36,2026-07-03 10:41:48,2026-07-03 10:41:48,2026-07-04 14:29:50
661079,"[Dodameyasan (Ruri Rarako)] Karui Kimochi de, Shokushu o Tsuuhan de Kattara Tomodachi to Issho ni Potehara Shussan Onanie suru made Dohamari Shichatta Ken (SCANMTL)",[ドダメ屋さん (瑠璃ららこ)] 軽い気持ちで、触手を通販で買ったら友達と一緒にぽて腹出産オナニーするまでドはまりしちゃった件,"Karui Kimochi de, Shokushu o Tsuuhan de Kattara Tomodachi to Issho ni Potehara Shussan Onanie suru made Dohamari Shichatta Ken","english, translated",ruri rarako,dodameyasan,doujinshi,original,,"big breasts, group, anal, scanmark, double penetration, mosaic censorship, blowjob, tentacles, twintails, anal intercourse, rough translation, vaginal birth",36,2026-07-03 10:44:03,2026-07-03 10:44:03,2026-07-04 14:30:01
661080,[West Kiosk (Inspector Soichi)] Nighttime Instruction to Corrupt the Priest in the Confessional Chamber,[西のキオスク (そういち警視)] 調教懺悔室神父を堕とす夜の指導,Nighttime Instruction to Corrupt the Priest in the Confessional Chamber,japanese,souichi keishi,nishi no kiosk,doujinshi,original,,"big breasts, corruption, humiliation, big ass, nakadashi, anal, big balls, priest, x-ray, males only, yaoi, big penis, blindfold, multiple orgasms, big muscles",55,2026-07-03 10:47:41,2026-07-03 10:47:41,2026-07-04 14:30:12
661081,"[Kaiyou Bokusouchi (Kari) (Aka Ushi)] Taishokushuyou Kouseinou Android, Haiboku Suru. [Digital] (SCANMTL)",[海洋牧草地(仮) (赤ウシ)] 対触手用高性能アンドロイド、敗北する。 [DL版],"Taishokushuyou Kouseinou Android, Haiboku Suru.","english, translated",,,doujinshi,original,,"big breasts, nakadashi, scanmark, bondage, leotard, tentacles, sole female, gloves, rough translation",21,2026-07-03 10:49:09,2026-07-03 10:49:09,2026-07-04 14:30:24
661082,[Kawagoe Junk Yard (Norakuro)] The Catcher in the Neverland (Blue Archive) [English] [SCANMTL] [Digital],[川越ジャンクヤード (のらくろ)] The Catcher in the Neverland (ブルーアーカイブ) [英訳] [DL版],The Catcher in the Neverland,"english, translated",norakuro,,doujinshi,blue archive,shun sunohara,"scanmark, lolicon, stockings, rape, tentacles, kemonomimi, rough translation",30,2026-07-03 10:55:03,2026-07-03 10:55:03,2026-07-04 14:30:35
661083,(C106) [Leaz Koubou (Oujano Kaze)] Shotagui Onee-san BMG 6 | Boy-Eater Onee-san BMG 6 (Yu-Gi-Oh!) [English] [EHCOVE],(C106) [りーず工房 (王者之風)] ショタ喰いお姉さんBMG6 竜騎士陵辱ショタおね編 (遊☆戯☆王) [英訳],Shotagui Onee-san BMG 6 | Boy-Eater Onee-san BMG 6,"english, translated",oujano kaze,leaz koubou,doujinshi,yu-gi-oh,dark magician girl,"big breasts, group, breast feeding, ahegao, anal, multi-work series, sole female, smalldom, nipple stimulation",23,2026-07-03 10:56:40,2026-07-03 10:56:40,2026-07-04 14:30:47
661084,[Kawagoe Junk Yard (Norakuro)] The Catcher in the Neverland 2 (Blue Archive) [English] [SCANMTL] [Digital],[川越ジャンクヤード (のらくろ)] The Catcher in the Neverland 2 (ブルーアーカイブ) [英訳] [DL版],The Catcher in the Neverland 2,"english, translated",norakuro,,doujinshi,blue archive,shun sunohara,"scanmark, lolicon, stockings, tentacles, kemonomimi, rough translation",32,2026-07-03 11:03:00,2026-07-03 11:03:00,2026-07-04 14:30:58
661085,[Kurukuru] Kaiiki Genshou Sono Yuurei wa Anzangata de Chichi Tanku | 怪骑物语 [Chinese] [白杨汉化组],[くるくる] 怪イキ現象 その幽霊は安産型で乳タンク [中国翻訳],Kaiiki Genshou Sono Yuurei wa Anzangata de Chichi Tanku | 怪骑物语,"translated, chinese",kurukuru,,doujinshi,original,,"big breasts, monster girl, emotionless sex, big ass, nakadashi, ghost, tall girl, blowjob, sole female, sole male, bald, eye-covering bang",59,2026-07-03 11:06:30,2026-07-03 11:06:30,2026-07-04 14:31:09
661086,[Kisatei (Kisa Kazuyuki)] Taihai Sekai no Kikaizoku Mesugaki Kikaizoku VS Shokushu Machine [Digital] (SCANMTL),[吉舎亭 (吉舎和幸)] 退廃世界の機械族 メスガキ機械族VS触手マシン [DL版],Taihai Sekai no Kikaizoku Mesugaki Kikaizoku VS Shokushu Machine,"english, translated",kisa kazuyuki,,doujinshi,original,,"pregnant, scanmark, robot, inflation, double penetration, lactation, impregnation, tentacles, stomach deformation, rough translation, vaginal birth",28,2026-07-03 11:08:25,2026-07-03 11:08:25,2026-07-04 14:31:20
661087,[Keishikin] Onmitsu to Yukai na Nakama-tachi (SCANMTL),[けいしきん] 隠密と愉快な仲間達,Onmitsu to Yukai na Nakama-tachi,"english, translated",keishikin,,doujinshi,original,,"slime, ahegao, scanmark, lolicon, rape, tentacles, sole female, rough translation",10,2026-07-03 11:10:22,2026-07-03 11:10:22,2026-07-04 14:31:32
661088,[滝 便太郎 (takiben)] Aria Rune Factory Doujin (English),,Aria Rune Factory Doujin,english,taki bintaro,,doujinshi,rune factory,aria,"scat, snuff, ryona, lolicon, x-ray, parasite, navel fuck, sole female",7,2026-07-03 11:11:45,2026-07-03 11:11:45,2026-07-04 14:31:43
661089,[Lilac Garden (Lo.C)] Madougu-ya-san no nan demonai Nichijou 2 [Digital] (SCANMTL),[Lilac Garden (ろしー)] 魔道具屋さんのなんでもない日常2 [DL版],Madougu-ya-san no nan demonai Nichijou 2,"english, translated",lo.c,lilac garden,doujinshi,original,,"emotionless sex, scanmark, multi-work series, inflation, impregnation, tentacles, sole female, pixie cut, cumflation, rough translation, vaginal birth",16,2026-07-03 11:12:57,2026-07-03 11:12:57,2026-07-04 14:31:54
661090,[滝 便太郎 (takiben)] Gardenia's Navel Torture Breeding Ground (Pokémon)(English),[滝 便太郎(takiben)] ナタネさんへそ責め苗床 (ポケモン),Gardenia's Navel Torture Breeding Ground,japanese,taki bintaro,,doujinshi,pokemon | pocket monsters,gardenia,"scat, urination, snuff, ryona, parasite, navel fuck, sole female",6,2026-07-03 11:13:38,2026-07-03 11:13:38,2026-07-04 14:32:05
661091,[も] 2026年6月更新分（10枚）(ブルーアーカイブ) [Chinese] [角都九阳个人汉化],[も] 2026年6月更新分（10枚）(ブルーアーカイブ) [中国翻訳],2026年6月更新分（10枚）,"translated, chinese",kireina mochi,,doujinshi,blue archive,miyako tsukiyuki,"netorare, gyaru-oh, mind control, impregnation, blowjob, sole female, halo",11,2026-07-03 11:14:27,2026-07-03 11:14:27,2026-07-04 14:32:17
661092,[滝 便太郎 (takiben)] Reimu Hakurei Doujin (Touhou Project),,Reimu Hakurei Doujin,japanese,taki bintaro,,doujinshi,touhou project,reimu hakurei,"scat, urination, snuff, ryona, lactation, parasite, navel fuck, sole female, nipple stimulation",8,2026-07-03 11:15:10,2026-07-03 11:15:10,2026-07-04 14:32:30
661093,[Manga Kissa Seto (Seto Ryoko)] Setsuya Kyuukou | 和我一直用色色眼神覬覦的上司巨乳JK女兒偷偷進行生子愛愛的故事『雪夜快車』 [Chinese] [沙茶醬] [Digital],[漫画喫茶瀬戸 (瀬戸涼子)] 雪夜急行 [中国翻訳] [DL版],Setsuya Kyuukou | 和我一直用色色眼神覬覦的上司巨乳JK女兒偷偷進行生子愛愛的故事『雪夜快車』,"translated, chinese",seto ryouko,manga kissa seto,doujinshi,original,,"business suit, leg lock, big breasts, story arc, schoolgirl uniform, nakadashi, defloration, paizuri, blowjob, sole female, sole male, twintails",110,2026-07-03 11:21:40,2026-07-03 11:21:40,2026-07-04 14:32:41
661094,[滝 便太郎 (takiben)] Danko Ichigeki Doujin (Dodge Danko),,Danko Ichigeki Doujin,japanese,taki bintaro,,doujinshi,dodge danko,danko ichigeki,"futanari, scat, masturbation, urination, snuff, ryona, phimosis, lolicon, bike shorts, parasite, navel fuck, sole female, nipple stimulation",6,2026-07-03 11:23:11,2026-07-03 11:23:11,2026-07-04 14:32:52
661095,[GrimGrim] Goat（闲的没事干AI翻译）,,Goat（闲的没事干AI翻译）,"translated, chinese",grimgrim,,doujinshi,original,,"big breasts, horns, rough translation",8,2026-07-03 11:23:58,2026-07-03 11:23:58,2026-07-04 14:33:04
661096,[GrimGrim] Goat Nun 1-16p[Decensored] [Patreon]（闲的没事干AI翻译）,,Goat Nun 1-16p[Decensored] [Patreon]（闲的没事干AI翻译）,"translated, chinese",,,doujinshi,original,,"big breasts, ahegao, paizuri, rough translation",17,2026-07-03 11:25:14,2026-07-03 11:25:14,2026-07-04 14:33:15
661097,[grimgrim] Kaede Cartoon（闲的没事干AI翻译）,,Kaede Cartoon（闲的没事干AI翻译）,"translated, chinese",grimgrim,,doujinshi,blue archive,kaede isami,rough translation,7,2026-07-03 11:25:53,2026-07-03 11:25:53,2026-07-04 14:33:29
661098,[grimgrim] shun（闲的没事干AI翻译）,,shun（闲的没事干AI翻译）,"translated, chinese",grimgrim,,doujinshi,blue archive,shun sunohara,"rough translation, halo",7,2026-07-03 11:26:28,2026-07-03 11:26:28,2026-07-04 14:33:40
661099,(C107) [Erodorian (Erory)] Itagaki Shisutomo Unmei wa Shisezu (Blue Archive),(C107) [Erodorian (イロリ)] 板垣死ストモ運命ハ死セズ (ブルーアーカイブ),Itagaki Shisutomo Unmei wa Shisezu,japanese,erory,erodorian,doujinshi,blue archive,"sensei, kanoe itagaki","facesitting, nakadashi, lolicon, pantyhose, blowjob, sole female, sole male, very long hair, eye-covering bang, halo",18,2026-07-03 11:29:52,2026-07-03 11:29:52,2026-07-04 14:33:51
661100,『pergrim』2025 April reward and progress（闲的没事干AI翻译）,,『pergrim』2025 April reward and progress（闲的没事干AI翻译）,"translated, chinese",grimgrim,,doujinshi,blue archive,kaede isami,rough translation,18,2026-07-03 11:31:11,2026-07-03 11:31:11,2026-07-04 14:34:02
661101,"(Sensei, Nagoya demo Ganbatte Ikimashou! 5) [Tsukuten (Madoka Tsukumo)] Maid Made Married (Blue Archive)",(先生、名古屋でも頑張っていきましょう!5) [つくてん (円つくも)] Maid Made Married (ブルーアーカイブ),Maid Made Married,japanese,madoka tsukumo,tsukuten,doujinshi,blue archive,"alice tendou, sensei, kei tendou","maid, garter belt, group, ffm threesome, lolicon, stockings, sole male, very long hair, multimouth blowjob, halo",39,2026-07-03 11:39:07,2026-07-03 11:39:07,2026-07-04 14:34:14
661102,(C106) [Hetalearts (BLACKHEART)] Shi Iwaku... (Blue Archive),(C106) [ヘタレアーツ (BLACKHEART)] 子曰く… (ブルーアーカイブ),Shi Iwaku...,japanese,blackheart,hetalearts,doujinshi,blue archive,"sensei, kikyou kiryuu","schoolgirl uniform, footjob, catgirl, sole male, kemonomimi, tail, halo, multiple tails",22,2026-07-03 11:40:44,2026-07-03 11:40:44,2026-07-04 14:34:25
661103,[Wing (E-Wing)] Sui-chan no Oneshota 2 (Hoshimachi Suisei) [Digital],[ういんぐ (いーうぃんぐ)] すいちゃんのおねしょた  2 (星街すいせい) [DL版],Sui-chan no Oneshota 2,japanese,e-wing,wing,doujinshi,hololive,hoshimachi suisei,"glasses, nakadashi, x-ray, small breasts, fingering, blowjob, shotacon, sole female, sole male, vtuber",32,2026-07-03 11:46:28,2026-07-03 11:46:28,2026-07-04 14:34:36
661104,"[Amamiya Mizuki] Senpai, Osocchatte Ii n desu ka? | 前輩,可以襲擊你嗎？ (COMIC HOTMILK 2026-07) [Chinese] [Digital]",[雨宮ミズキ] 先輩、襲っちゃっていいんでスか? (コミックホットミルク 2026年7月号) [中国翻訳] [DL版],"Senpai, Osocchatte Ii n desu ka? | 前輩,可以襲擊你嗎？","translated, chinese",amamiya mizuki,,manga,,,"big breasts, mosaic censorship, extraneous ads",32,2026-07-03 11:48:42,2026-07-03 11:48:42,2026-07-04 14:34:48
661105,[宇場義行]この現場はもう×です,[宇場義行] この現場はもう×です (コミックホットミルク 2026年7月号) [中国翻訳] [DL版],この現場はもう×です,"translated, chinese",uba yoshiyuki | teoshiguruma,,manga,,,"mosaic censorship, extraneous ads",30,2026-07-03 11:50:43,2026-07-03 11:50:43,2026-07-04 14:34:59
661106,[泉たいち] 破廉恥ですよ！小百合サマ,[泉たいち] 破廉恥ですよ！小百合サマ (デカジョ! Vol.9) [中国翻訳] [DL版],破廉恥ですよ！小百合サマ,"translated, chinese",izumi taichi,,manga,,,"big breasts, garter belt, footjob, stockings, sole female, sole male, extraneous ads",26,2026-07-03 11:52:34,2026-07-03 11:52:34,2026-07-04 14:35:11
661107,秋_催眠術にかかったフリをしたら寡黙な彼女が豹変した件,[秋] 催眠術にかかったフリをしたら寡黙な彼女が豹変した件 (アクションピザッツ 2025年5月号) [中国翻訳] [DL版],秋_催眠術にかかったフリをしたら寡黙な彼女が豹変した件,"translated, chinese",aki,,manga,,,"big breasts, unusual pupils, stockings, paizuri, blowjob, sole female, sole male, extraneous ads",27,2026-07-03 11:54:21,2026-07-03 11:54:21,2026-07-04 14:35:22
661108,若宮てれさ_露出女とセラピスト_泥濘に堕つ_DL版,[若宮てれさ] 露出女とセラピスト (泥濘に堕つ) [中国翻訳] [DL版],若宮てれさ_露出女とセラピスト_泥濘に堕つ_DL版,"translated, chinese",wakamiya teresa,,manga,,,"big breasts, eye-covering bang, extraneous ads",27,2026-07-03 11:56:11,2026-07-03 11:56:11,2026-07-04 14:35:34
661109,[隣]大人デビュー,[隣] 大人デビュー (COMIC ペンギンクラブ 2023年11月12月合併号) [中国翻訳] [DL版],大人デビュー,"translated, chinese",tonari,,manga,,,"full censorship, lolicon, sole female, twintails, extraneous ads",27,2026-07-03 12:01:34,2026-07-03 12:01:34,2026-07-04 14:35:45
661110,[Myoung] A College Girl Whose Hobby is Pee Holding,,A College Girl Whose Hobby is Pee Holding,"english, translated",,,doujinshi,original,,"big breasts, urination, stockings, sole female, omorashi, no penetration",6,2026-07-03 12:02:09,2026-07-03 12:02:09,2026-07-04 14:35:56
661111,"[Cocomachi] She just spilled her water, right?",,"She just spilled her water, right?","english, translated",cocomachi,,doujinshi,original,,"big breasts, urination, sole female, omorashi, no penetration",3,2026-07-03 12:02:35,2026-07-03 12:02:35,2026-07-04 14:36:07
661112,[Futsu-no-Tapioca-Yasan (Fustatsuno-Peanuts)] Leets to Himitsu no Tanren | 莉兹的秘密修炼 (Trickcal: Chibi Go) [Chinese] [真真普通的热心莫纳蒂姆VDV一般兵汉化&無修loli重嵌] [Digital] [Decensored],[ふつうのタピオカやさん (ふたつのピーナッツ)] リッツとひみつの鍛錬 (トリッカル・もちもちほっぺ大作戦) [中国翻訳] [無修正] [DL版],Leets to Himitsu no Tanren | 莉兹的秘密修炼,"translated, chinese",futatsuno-peanuts,futsu-no-tapioca-yasan,doujinshi,trickcal revive,,"wings, uncensored, lolicon, stomach deformation, sole male, horns, tail, eye-covering bang, rough translation",21,2026-07-03 12:06:40,2026-07-03 12:06:40,2026-07-04 14:36:18
661113,[Chichimaru] Hadaka Apron Hitozuma Irisviel (Fate/Grand Order),[稚稚丸] 裸プロン人妻アイリスフィール (Fate/Grand Order),Hadaka Apron Hitozuma Irisviel,japanese,,,doujinshi,fate grand order,"irisviel von einzbern, gudako","futanari, milf, big breasts, big nipples, big ass, nakadashi, huge breasts, hairy, big areolae, stockings, apron, tall girl, blowjob, sole female, sole dickgirl, full-packaged futanari, dickgirl on female",20,2026-07-03 12:08:08,2026-07-03 12:08:08,2026-07-04 14:36:30
661114,"[Ankoman] Bradamante, Astolfo to Kunren suru (Fate/Grand Order) [Decensored]",[あんこまん] ブラダマンテ、アストルフォと訓練する❤ (Fate/Grand Order) [無修正],"Bradamante, Astolfo to Kunren suru",japanese,ankoman,,doujinshi,fate grand order,"astolfo, bradamante","big breasts, uncensored, tomgirl, big penis, smalldom",8,2026-07-03 12:08:51,2026-07-03 12:08:51,2026-07-04 14:36:41
661115,Varbalo,,Varbalo,"english, translated",,,doujinshi,original,,"compilation, group, ffm threesome, rough translation",103,2026-07-03 12:15:08,2026-07-03 12:15:08,2026-07-04 14:36:52
661116,[Inyu-goya (Inyucchi)] Zuihou-chan to Himehajime + (Kantai Collection -KanColle-) [Digital],[いにゅ小屋 (いにゅっち)] 瑞鳳ちゃんとひめはじめ+ (艦隊これくしょん -艦これ-) [DL版],Zuihou-chan to Himehajime +,japanese,inyucchi,inyu-goya,doujinshi,kantai collection,"teitoku, zuihou","nakadashi, kimono, lolicon, sole female, sole male",24,2026-07-03 12:20:03,2026-07-03 12:20:03,2026-07-04 14:37:04
661117,[Chimeishou (Ami Hideto)] Hatakaze-chan wa Kogareru. (Kantai Collection -KanColle-) [Digital],[致命傷 (弥舞秀人)] 旗風ちゃんは焦がれる。 (艦隊これくしょん -艦これ-) [DL版],Hatakaze-chan wa Kogareru.,japanese,ami hideto,chimeishou | fatalism,doujinshi,kantai collection,"teitoku, hatakaze","sole female, sole male",26,2026-07-03 12:21:47,2026-07-03 12:21:47,2026-07-04 14:37:15
661118,[Funimani (Mirun)] Sensei! AroPla to Ecchi Shimashou (Blue Archive) [Digital],[ふにまに (ミルン)] 先生!アロプラとえっちしましょ (ブルーアーカイブ) [DL版],Sensei! AroPla to Ecchi Shimashou,japanese,mirun,funimani,doujinshi,blue archive,"arona, sensei, plana","group, lolicon, halo",25,2026-07-03 12:26:41,2026-07-03 12:26:41,2026-07-04 14:37:27
661119,[Akikan] Koibito Mode Tsuki Kouseinou AI Kaseifu Doll ga Mama ni Natte Kureru [Chinese],[アキカン] 恋人モード付き高性能AI家政婦ドールがママになってくれる [中国翻訳],Koibito Mode Tsuki Kouseinou AI Kaseifu Doll ga Mama ni Natte Kureru,"translated, chinese",akikan,,doujinshi,original,,"milf, kissing, big breasts, bbw, big ass, breast feeding, nakadashi, ahegao, blowjob face, femdom, robot, big areolae, stockings, gokkun, tall girl, ball sucking, blowjob, deepthroat, sole male, gloves, nipple stimulation",72,2026-07-03 12:31:08,2026-07-03 12:31:08,2026-07-04 14:37:38
661120,[Dono Seika mo Eraremasen deshita. (High_Re)] Kiritan to Sukumizu de Icha Love Suru Dake no Hanashi (VOICEROID) [Digital],[何の成果も得られませんでした。 (ハイ_レ)] きりたんとスク水でイチャラブするだけの話 (VOICEROID) [DL版],Kiritan to Sukumizu de Icha Love Suru Dake no Hanashi,japanese,high re,,doujinshi,voiceroid,kiritan tohoku,"lolicon, school swimsuit, sole female, sole male",18,2026-07-03 12:34:48,2026-07-03 12:34:48,2026-07-04 14:37:49
661121,[Doppyuru Gengar (Gengar)] Mahou Shoujo ga Shokushu ni Makeru Wake Nain desu kedo? 2.5,[どっぴゅる☆げんがー (ゲンガー)] 魔法少女が触手に負けるわけないんですけど？2.5,Mahou Shoujo ga Shokushu ni Makeru Wake Nain desu kedo? 2.5,japanese,gengar,,doujinshi,original,,"witch, magical girl, multi-work series, mosaic censorship, catgirl, tentacles",30,2026-07-03 12:36:55,2026-07-03 12:36:55,2026-07-04 14:38:01
661122,[Ororiya Enpitsudo (Murian)] Shugeki! Jinmon! Miko-hime-sama! [Digital],[オロリヤ鉛筆堂 (無有利安)] 襲撃！尋問！巫女姫様！ [DL版],Shugeki! Jinmon! Miko-hime-sama!,japanese,murian,ororiya enpitsudo,doujinshi,original,,"miko, nakadashi, ahegao, bondage, lolicon, rape, thick eyebrows",15,2026-07-03 12:39:43,2026-07-03 12:39:43,2026-07-04 14:38:12
661123,[高山としのり] 時先生は着替えたい 第04巻,[高山としのり] 時先生は着替えたい 第04巻,時先生は着替えたい 第04巻,japanese,takayama toshinori,,manga,,,"big breasts, glasses, story arc, lab coat, multi-work series, non-h",164,2026-07-03 12:48:56,2026-07-03 12:48:56,2026-07-04 14:38:23
661124,[Aruma] Watashi wo erande kudasai!! | 请选我吧!! (COMIC LO 2026-08) [Chinese] [Sky110036个人汉化] [Digital],[あるま] 私を選んでくださいっ!! (COMIC LO 2026年8月号) [中国翻訳] [DL版],Watashi wo erande kudasai!! | 请选我吧!!,"translated, chinese",arumamai ayuka plus,,manga,,,"handjob, inseki, nakadashi, kimono, lolicon, mosaic censorship, sister, sole female, sole male",26,2026-07-03 12:53:25,2026-07-03 12:53:25,2026-07-04 14:38:35
661125,[LieNaodayu] Midnight Butlers (Dr.STONE),,Midnight Butlers,"english, translated",,,doujinshi,,"senku ishigami, tsukasa shishiou",yaoi,8,2026-07-03 12:54:20,2026-07-03 12:54:20,2026-07-04 14:38:46
661126,[Resoman Manga Koubou] Sentōte ゙mama to ko-tsukuri shitemasu【个人汉化】,[リゾマン漫画工房] 銭湯でママと子作りしてます,Sentōte ゙mama to ko-tsukuri shitemasu【个人汉化】,"translated, chinese",,resoman manga koubou,manga,,,"milf, big breasts, nakadashi, mother, incest, shotacon, sole female, sole male, rough translation, sentou",42,2026-07-03 13:01:56,2026-07-03 13:01:56,2026-07-04 14:38:57
661127,[Nagiyamasugi(Nagiyama)]Touhou Ryoujoku 60 Sanae (Touhou Project)[Digital],[ナギヤマスギ (那岐山)]東方陵辱60 早苗 (東方Project)[DL版],Touhou Ryoujoku 60 Sanae,japanese,nagiyama,nagiyamasugi,doujinshi,touhou project,sanae kochiya,"big breasts, cunnilingus, mmf threesome, group, rape, blowjob, sole female, detached sleeves",37,2026-07-03 13:08:51,2026-07-03 13:08:51,2026-07-04 14:39:08
661128,[Horn/wood] Nampa de Sokuochi suru Prinz Eugen! (Azur Lane) [Chinese],[Horn/wood] ナンパで即堕ちするプリンツオイゲン! (アズールレーン) [中国翻訳],Nampa de Sokuochi suru Prinz Eugen!,"translated, chinese",horn-wood,,doujinshi,azur lane,prinz eugen,"big breasts, netorare, impregnation, rough translation",5,2026-07-03 13:09:23,2026-07-03 13:09:23,2026-07-04 14:39:20
661129,Sousou meikan Futanari Maidsan wa Seiyoku ga Tsuyoi,,Sousou meikan Futanari Maidsan wa Seiyoku ga Tsuyoi,"english, translated",uba yoshiyuki | teoshiguruma,onsoku ubaguruma,doujinshi,original,,"maid, futanari, big breasts, garter belt, urethra insertion, group, glasses, big ass, nakadashi, ahegao, anal, sex toys, wooden horse, double penetration, stockings, rimjob, ttm threesome, mosaic censorship, blowjob, collar, deepthroat, sole male, dickgirl on dickgirl, male on dickgirl, bisexual, harness, leash, gloves, shimaidon, anal intercourse, rough translation, full-packaged futanari",80,2026-07-03 13:14:28,2026-07-03 13:14:28,2026-07-04 14:39:31
661130,[Dokutoku no M (Denchi)] Swapping no Wana ~Netorare Mitsugi Mazo-ka Keikaku ni Ochita Boku~ [Chinese] [机翻],[独特のM (電池)] スワッピングの罠～寝取られ貢ぎマゾ化計画に堕ちた僕～ [中国翻訳],Swapping no Wana ~Netorare Mitsugi Mazo-ka Keikaku ni Ochita Boku~,"translated, chinese",denchi,dokutoku no m,doujinshi,original,,,54,2026-07-03 13:17:57,2026-07-03 13:17:57,2026-07-04 14:39:43
661131,[Cyberboi] Jessie Full Nelson (Pokemon),,Jessie Full Nelson,"translated, chinese",cyberboi,,doujinshi,pokemon | pocket monsters,jessie,"big breasts, pregnant, stockings, rough translation",14,2026-07-03 13:19:02,2026-07-03 13:19:02,2026-07-04 14:39:54
661132,[Kamiya Zuzu] Rental? Kanojo Bangaihen ~Nikaidō Gohōbi Massāji~ | Rental? Girlfriend Side Story ~Nikaido's Reward Massage~ [English] [Maika],[神谷ズズ] レンタル？カノジョ番外編 ~弐界堂ご褒美マッサージ~ [英訳],Rental? Kanojo Bangaihen ~Nikaidō Gohōbi Massāji~ | Rental? Girlfriend Side Story ~Nikaido's Reward Massage~,"english, translated",kamiya zuzu,,doujinshi,original,,"big breasts, skinsuit, multi-work series, collar, ponytail, gender change",9,2026-07-03 13:19:57,2026-07-03 13:19:57,2026-07-04 14:40:05
661133,[G-Walk (Rekishitai Funoji)] Ippai seiinru kimi ga suki,いっぱい精飲るキミが好き,Ippai seiinru kimi ga suki,japanese,rekisitaihoonoji,,manga,,,"full censorship, schoolgirl uniform, lolicon, gokkun, sole female, sole male",29,2026-07-03 13:25:31,2026-07-03 13:25:31,2026-07-04 14:40:17
661134,[Okashi Tai (Kin no Tamamushi)] INFINITY CASTLE TANJIRO ⅹ GIYU Ver. (Kimetsu no Yaiba) [Digital],[おかし隊 (金ノ玉虫)] 無限城炭義編 (鬼滅の刃) [DL版],INFINITY CASTLE TANJIRO ⅹ GIYU Ver.,japanese,kin no tamamushi,okashi tai,doujinshi,kimetsu no yaiba | demon slayer,"tanjirou kamado, giyuu tomioka","anal, males only, yaoi, muscle, anal intercourse",44,2026-07-03 13:28:06,2026-07-03 13:28:06,2026-07-04 14:40:28
661135,[Okashi Tai (Kin no Tamamushi)] INFINITY CASTLE GIYU Gets Fucked Ver. (Kimetsu no Yaiba) [Digital],[おかし隊 (金ノ玉虫)] 無限城モブ義編 (鬼滅の刃) [DL版],INFINITY CASTLE GIYU Gets Fucked Ver.,japanese,kin no tamamushi,okashi tai,doujinshi,kimetsu no yaiba | demon slayer,giyuu tomioka,"group, anal, males only, yaoi, muscle, anal intercourse",40,2026-07-03 13:30:48,2026-07-03 13:30:48,2026-07-04 14:40:39
661136,[Usagi no Mimi (Yuuki Rei)] Hanamaru Dream (Love Live! Sunshine!!),[うさぎのみみ (悠稀れい)] はなまる どりーむ (ラブライブ! サンシャイン!!),Hanamaru Dream,japanese,yuuki rei,usagi no mimi,doujinshi,love live sunshine,hanamaru kunikida,"group, schoolgirl uniform, nakadashi, double penetration, sole female",16,2026-07-03 13:32:01,2026-07-03 13:32:01,2026-07-04 14:40:50
661137,[Haipai DE Pinfu] Owaranai Clitoris Choukyou [Chinese] [机翻],[ハイパイ・DE・ピンフ] 終わらないクリトリス調教 [中国翻訳],Owaranai Clitoris Choukyou,"translated, chinese",,,doujinshi,original,,"bondage, orgasm denial, stuck in wall, clit stimulation, rough translation",219,2026-07-03 13:44:52,2026-07-03 13:44:52,2026-07-04 14:41:01
661138,[Noise] JS☆JC [English] [MTL] [Digital],,JS☆JC,"english, translated",noise,,manga,,,"group, glasses, schoolgirl uniform, harem, lolicon, incest, tankoubon, oppai loli, sister, shotacon, rough translation, kodomo doushi",238,2026-07-03 14:29:02,2026-07-03 14:29:02,2026-07-04 14:41:13
661139,[Tokkuni Tokku (Shamidou Maichimonji)] Ane to Otouto wa 30-Nichi go ni Sex Suru. | The Big Sister and Her Little Brother Will Have Sex in 30 Days [English] [Kuraudo],[とっくに特区 (しゃみどーまいちもんじ)] 姉と弟は30日後にセックスする。 [英訳],Ane to Otouto wa 30-Nichi go ni Sex Suru. | The Big Sister and Her Little Brother Will Have Sex in 30 Days,"english, translated",shamidou maichimonji,tokkuni tokku,doujinshi,original,,"kissing, big breasts, story arc, big ass, masturbation, nakadashi, ahegao, huge breasts, blowjob face, x-ray, incest, paizuri, sister, blowjob, big penis, deepthroat, sole female, sole male, burping",80,2026-07-03 14:44:28,2026-07-03 14:44:28,2026-07-04 14:41:24
661140,[Oobayashi Mori] Shiawase Razoku Keikaku Zenpen [Eng][MTL],,Shiawase Razoku Keikaku Zenpen,"english, translated",oobayashi mori,,manga,,,"big breasts, mother, rough translation",222,2026-07-03 14:57:32,2026-07-03 14:57:32,2026-07-04 14:41:35
661141,[Osaru no Noumiso (Rocket Monkey)] Osananajimi ga Ore no Mae da to Mechakucha Suki darake [Chinese],[お猿の脳みそ (ロケットモンキー)] 幼馴染が俺の前だとメチャクチャ隙だらけ [中国翻訳],Osananajimi ga Ore no Mae da to Mechakucha Suki darake,"translated, chinese",rocket monkey,osaru no noumiso,doujinshi,original,,"big breasts, mosaic censorship, sole female, sole male, extraneous ads",38,2026-07-03 15:00:05,2026-07-03 15:00:05,2026-07-04 14:41:46
661142,[Panda Ekisu] Dandan Kuse ni Naru - I like molester .........No [Digital] [Eng][MTL],,Dandan Kuse ni Naru - I like molester .........No,"english, translated",panda,panda ekisu,manga,,,"big breasts, x-ray, rough translation",179,2026-07-03 15:11:17,2026-07-03 15:11:17,2026-07-04 14:41:58
661143,[Panda Ekisu] Tanetsuke Jiyuu Gakuen 5 [Eng][MTL],,Tanetsuke Jiyuu Gakuen 5,"english, translated",,panda ekisu,doujinshi,original,,"impregnation, rough translation",59,2026-07-03 15:15:15,2026-07-03 15:15:15,2026-07-04 14:42:10
661144,[Majimadou (Matou)] Damasare Shufu wa Dosukebe Ura Haishin de Ikihaji Sarashite Ganbaritai! Otaku Houmon! Jissen Tanetsuke Hen (Uzaki-chan wa Asobitai!) [Chinese],[眞嶋堂 (まとう)] 騙され主婦はドスケベ裏配信で生き恥晒して頑張りたい!お宅訪問!実践種付編 (宇崎ちゃんは遊びたい!) [中国翻訳],Damasare Shufu wa Dosukebe Ura Haishin de Ikihaji Sarashite Ganbaritai! Otaku Houmon! Jissen Tanetsuke Hen,"translated, chinese",matou,majimadou,doujinshi,uzaki-chan wa asobitai,tsuki uzaki,"milf, big breasts, netorare, anal, double penetration, stockings, impregnation, closed eyes, extraneous ads",33,2026-07-03 15:17:26,2026-07-03 15:17:26,2026-07-04 14:42:21
661145,[Raita] Nankai demo Kimochii Koto [Digital] [Eng][MTL],,Nankai demo Kimochii Koto,"english, translated",raita,,manga,,,"maid, big breasts, schoolboy uniform, stockings, blowjob, rough translation",191,2026-07-03 15:28:56,2026-07-03 15:28:56,2026-07-04 14:42:33
661146,[Rico] HACYU♡ECHI [Digital] [Eng][MTL],,HACYU♡ECHI,"english, translated",rico,,manga,,,rough translation,190,2026-07-03 15:40:29,2026-07-03 15:40:29,2026-07-04 14:42:44
661147,[Rihi] LoveYou Juicy!! [Digital] [Eng][MTL],,LoveYou Juicy!!,"english, translated",rihi,,manga,,,"big breasts, rough translation",152,2026-07-03 15:50:05,2026-07-03 15:50:05,2026-07-04 14:42:55
661148,[sabakan] miren -miren- (Magazine compilation) [Eng][MTL],,miren -miren-,"english, translated",sabakan,,manga,,,"big breasts, rough translation",202,2026-07-03 16:02:15,2026-07-03 16:02:15,2026-07-04 14:43:07
661149,[Kurukuru] Onna dake no Shima ni Kiteshimatta Hanashi [Chinese],[くるくる] 女だけの島に来てしまった話 [中国翻訳],Onna dake no Shima ni Kiteshimatta Hanashi,"translated, chinese",kurukuru,,doujinshi,original,,"leg lock, big breasts, big ass, schoolgirl uniform, nakadashi, huge breasts, x-ray, stockings, fingering, tomboy, blowjob, sole male, pixie cut, focus blowjob, eye-covering bang, extraneous ads",44,2026-07-03 16:05:17,2026-07-03 16:05:17,2026-07-04 14:43:18
661150,[完美通关 | 完美通關 & 扑通扑通 | 撲通撲通 & 鼓距节拍 | 鼓距節拍] 魔法少女露美娜 1-8 [Chinese] [Ongoing],,魔法少女露美娜 1-8,"translated, chinese",,,manga,,,"big breasts, magical girl, story arc, full color, webtoon, twintails",126,2026-07-03 16:16:07,2026-07-03 16:16:07,2026-07-04 14:43:29
661151,[Sabashi Renya] Otomekai ~Seiyoku no Tsuyoi Otometachi no Tsudoi~ [Digital] [Eng][MTL],,Otomekai ~Seiyoku no Tsuyoi Otometachi no Tsudoi~,"english, translated",sabashi renya,,manga,,,"big breasts, rough translation",201,2026-07-03 16:28:39,2026-07-03 16:28:39,2026-07-04 14:43:40
661152,[Gakupoppo (Cara Subato)] Toshigoro Danshi no asoko igai wo Sawaru hon [Digital][中国翻訳],[牙九ぽっぽ (空すばと)] 年頃男子のあそこ以外を触る本 [DL版],Toshigoro Danshi no asoko igai wo Sawaru hon,"translated, chinese",cara subato,gakupoppo,doujinshi,original,,"yaoi, extraneous ads",36,2026-07-03 16:30:58,2026-07-03 16:30:58,2026-07-04 14:43:52
661153,[Pipasuta (Pipa)] Otokoun nai Hahaoya ni Koi o Shite Ninshinsasete... [Chinese] [廉价汉化组],[ぴぱスタ (ぴぱ)] 男運無い母親に恋をして妊娠させて… [中国翻訳],Otokoun nai Hahaoya ni Koi o Shite Ninshinsasete...,"translated, chinese",pipa,pipasuta,doujinshi,original,,"milf, big breasts, pregnant, dark nipples, mother, full color, incest, mosaic censorship, impregnation, sole female",38,2026-07-03 16:38:22,2026-07-03 16:38:22,2026-07-04 14:44:03
661154,[Kyockchokyock (Kyockcho)] Maid Kyouiku. -Botsuraku Kizoku Rurikawa Tsubaki- | Maid Education: Fallen Aristocrat Rurikawa Tusbaki [English] [J18] [Decensored] [Digital],[きょくちょ局 (きょくちょ)] メイド教育。ー没落貴族 瑠璃川椿ー [英訳] [無修正] [DL版],Maid Kyouiku. -Botsuraku Kizoku Rurikawa Tsubaki- | Maid Education: Fallen Aristocrat Rurikawa Tusbaki,"english, translated",kyockcho,kyockchokyock,doujinshi,original,,"maid, glasses, uncensored, nakadashi, tall man, bondage, multi-work series, fingering, blowjob, slave, sole female, sole male",49,2026-07-03 16:41:44,2026-07-03 16:41:44,2026-07-04 14:44:14
661155,[Sabashi Renya] Otomekai 2 [Digital] [Eng][MTL],,Otomekai 2,"english, translated",sabashi renya,,manga,,,"squirting, kissing, big breasts, gag, group, story arc, schoolgirl uniform, nakadashi, anal, ffm threesome, bondage, harem, x-ray, multi-work series, tankoubon, rimjob, paizuri, blowjob, blindfold, ponytail, pixie cut, multimouth blowjob, multiple straddling, rough translation",190,2026-07-03 16:53:09,2026-07-03 16:53:09,2026-07-04 14:44:25
661156,[Nboimaru] Mesugaki Dochudochu♥ [Digital],[んぼい丸] めすがきどちゅどちゅ♡ [DL版],Mesugaki Dochudochu♥,japanese,konboi | nboimaru,,manga,,,"big breasts, swimsuit, nakadashi, lolicon, tanlines, tankoubon, paizuri, oppai loli, blowjob, twintails",204,2026-07-03 17:31:33,2026-07-03 17:31:33,2026-07-04 14:44:37
661157,[kards]指挥官居然对着性无知的Z队打飞机喵😡！！！！,,指挥官居然对着性无知的Z队打飞机喵😡！！！！,japanese,,,doujinshi,original,,"swimsuit, bikini",2,2026-07-03 17:32:00,2026-07-03 17:32:00,2026-07-04 14:44:48
661158,[Takasugi Kou] Rengoku no Sono - The Garden of Purgatory 1 [English],[タカスギコウ] 煉獄の園,Rengoku no Sono - The Garden of Purgatory 1,"english, translated",takasugi kou,,doujinshi,original,,"milf, kissing, big breasts, gag, cunnilingus, netorare, story arc, cheating, sex toys, hairy, multi-work series, tankoubon, fingering, blowjob, blindfold, ponytail",183,2026-07-03 17:42:44,2026-07-03 17:42:44,2026-07-04 14:44:59
661159,(Yaoyoro!) [umaura. (Rube)] Warete mo Sue ni | 别离终有重逢时 (Chou Kaguya-hime!) [Chinese] [猫猫糕汉化],(ヤオヨロー!) [umaura. (るべ)] われても末に (超かぐや姫!) [中国翻訳],Warete mo Sue ni | 别离终有重逢时,"translated, chinese",rube,umaura.,doujinshi,chou kaguya-hime | cosmic princess kaguya,"iroha sakayori, yachiyo runami","kissing, cunnilingus, females only, yuri",37,2026-07-03 17:45:14,2026-07-03 17:45:14,2026-07-04 14:45:10
661160,(Fest) Masturbation doll [AI TRANSLATION],,Masturbation doll,"japanese, english, translated",fest,,doujinshi,original,,"bondage, human cattle, rough translation",5,2026-07-03 17:45:58,2026-07-03 17:45:58,2026-07-04 14:45:22
661161,[御嗣葦 昏衛]ブルーアーカイブ漫画まとめ [Chinese],,ブルーアーカイブ漫画まとめ,"translated, chinese",,,doujinshi,blue archive,,"non-h, gloves, halo",20,2026-07-03 17:47:12,2026-07-03 17:47:12,2026-07-04 14:45:33
661162,[nonmikan] Mokou ga kousokusareta Keine wo semeru hanashi | 妹红欺负被束缚的慧音的故事 (Touhou Project) [Chinese] [新幻想鄉竹林株式會社汉化组&白杨汉化组],[nonmikan] 妹紅が拘束された慧音を責めるお話 (東方Project),Mokou ga kousokusareta Keine wo semeru hanashi | 妹红欺负被束缚的慧音的故事,"translated, chinese",non,,doujinshi,touhou project,"fujiwara no mokou, keine kamishirasawa","kissing, females only, bondage, yuri, fingering, shibari",43,2026-07-03 17:50:06,2026-07-03 17:50:06,2026-07-04 14:45:44
661163,[Skeb]Manuka and Karin get kidnapped in the forest ENG+JP,マヌカとカリンが森で誘拐される,Manuka and Karin get kidnapped in the forest ENG+JP,"japanese, english, translated",rioreori,,doujinshi,original,,"bdsm, gag, sex toys, bondage, full color, blindfold, shibari, kemonomimi, nipple stimulation",16,2026-07-03 17:51:19,2026-07-03 17:51:19,2026-07-04 14:45:55
661164,(C97) [Marochaan (Yunamaro)] Musashi-san's Nighttime Affairs: Nostalgic Uniform (Kantai Collection -KanColle-) [English] [Platinum Crown],(C97) [まろ茶庵 (ゆなまろ)] 武蔵さんの夜事情 思い出の制服編 (艦隊これくしょん -艦これ-),Musashi-san's Nighttime Affairs: Nostalgic Uniform,"english, translated",yunamaro,,doujinshi,kantai collection,musashi,"glasses, dark skin, sole female, sole male",45,2026-07-03 17:54:50,2026-07-03 17:54:50,2026-07-04 14:46:07
661165,[Arisane  Arisa Yoshi] Hex Doll 【渣妖翻译】,,Hex Doll 【渣妖翻译】,"translated, chinese",arisane,,doujinshi,original,,"big breasts, asphyxiation, mind control, breast expansion, feminization, sole female, sole male, gender morph, gender change",56,2026-07-03 17:58:28,2026-07-03 17:58:28,2026-07-04 14:46:18
661166,[Dai-kotetsu Dan (92M)] Sister Contrast 2: Muttsuri Onee-chan to Henai Koubi [Digital],[ダイコテツ団 (92M)] しすたーこんとらすと2 むっつりお姉ちゃんと偏愛交尾 [DL版],Sister Contrast 2: Muttsuri Onee-chan to Henai Koubi,japanese,92m,dai-kotetsu dan,doujinshi,original,,"big breasts, group, glasses, masturbation, schoolgirl uniform, ffm threesome, multi-work series, incest, sister, sole male, shimaidon",80,2026-07-03 18:13:52,2026-07-03 18:13:52,2026-07-04 14:46:29
661167,[530 (Mk-Co)] Tou Gakuen no Seito ha Saimin de Shihai Sarete Iru node 1 <Sempai Hen >[Chinese][MTL],[530 (Mk-Co)]当学園の生徒は催眠で支配されているので1<先輩編>[中国翻訳][MTL],Tou Gakuen no Seito ha Saimin de Shihai Sarete Iru node 1 <Sempai Hen >,"translated, chinese",roche,530,doujinshi,original,,"kissing, big breasts, humiliation, pregnant, netorare, nakadashi, ahegao, femdom, mind control, stockings, lingerie, mosaic censorship, dilf, impregnation, bbm, deepthroat, sole female, small penis, rough translation",29,2026-07-03 18:15:53,2026-07-03 18:15:53,2026-07-04 14:46:41
661168,[Makoto] TsukaSen Log (Dr.STONE),,TsukaSen Log,"english, translated",,,doujinshi,dr. stone,"senku ishigami, tsukasa shishiou","non-h, yaoi",7,2026-07-03 18:16:30,2026-07-03 18:16:30,2026-07-04 14:46:52
661169,[ie] Doukyuusei no Haha [Ongoing] | 同學的母親 [進行中] [Chinese] [天帝哥個人漢化],[ie] 同級生の母 [進行中] [中国翻訳],Doukyuusei no Haha [Ongoing] | 同學的母親,"translated, chinese",ie,,doujinshi,original,,"milf, big breasts",11,2026-07-03 18:17:18,2026-07-03 18:17:18,2026-07-04 14:47:04
661170,[Nekoi Hikaru] My Sensei's Sexy Secret [English],,My Sensei's Sexy Secret,"english, translated",nekoi hikaru,,doujinshi,original,,"wings, big breasts, glasses, uncensored, nakadashi, demon girl, stockings, teacher, blowjob, big penis, sole female, sole male, horns, tail, vtuber",22,2026-07-03 18:18:56,2026-07-03 18:18:56,2026-07-04 14:47:15
661171,[Tearontaron] Kininaru Otoshigoro [Digital],[てぃーろんたろん] 気になるお年頃 [DL版],Kininaru Otoshigoro,japanese,tearontaron,,manga,,,"virginity, group, story arc, cheating, ffm threesome, lolicon, defloration, tankoubon, teacher, multimouth blowjob, classroom",183,2026-07-03 18:52:46,2026-07-03 18:52:46,2026-07-04 14:47:26
661172,[Nboimaru] Mesugaki Dochu Dochu♥ [Digital],[んぼい丸] めすがきどちゅどちゅ♥ [DL版],Mesugaki Dochu Dochu♥,japanese,konboi | nboimaru,,manga,,,"big breasts, niece, lolicon, incest, tanlines, tankoubon, stockings, paizuri, oppai loli, lingerie, blowjob, twintails, gloves, mesugaki",199,2026-07-03 19:29:34,2026-07-03 19:29:34,2026-07-04 14:47:38
661173,[Aoi Hoshi ni Umareta Dark Angel (Sabajiba Gonhachirou)] Watashi (Cool Bakunyuu Gal) ga Konna Yatsu no Dekachinpo Nanka ni... [Chinese] [虎哥个人汉化],[青い星に生まれたダークエンジェル (鯖磁場権八朗)] 私(クール爆乳ギャル)がこんなやつのデカチンポなんかに... [中国翻訳],Watashi (Cool Bakunyuu Gal) ga Konna Yatsu no Dekachinpo Nanka ni...,"translated, chinese",sabaziba gonpachiro,aoi hoshi ni umareta dark angel,doujinshi,original,,"big breasts, uncensored, huge breasts, big penis, shotacon, rough translation, smalldom",41,2026-07-03 19:37:20,2026-07-03 19:37:20,2026-07-04 14:47:49
661174,[Ebi no Implant (Shrimp Cake)] Kyousei Dogehin Futanari-ka Joshi Seito Kansatsu Nikki[虎哥个人汉化],[えびのインプラント (シュリンプケーキ)] 強制ド下品ふたなり化♥女子生徒観察日記 [中国翻訳],Kyousei Dogehin Futanari-ka Joshi Seito Kansatsu Nikki,"translated, chinese",shrimp cake,ebi no implant,doujinshi,original,,"futanari, big breasts, uncensored, moral degeneration, ahegao, hairy, big balls, mind control, big penis, rough translation, full-packaged futanari, dickgirl on female",42,2026-07-03 19:40:15,2026-07-03 19:40:15,2026-07-04 14:48:00
661175,[Yakimeshi Modoki (Pilaf Modoki)] Hosomichi no Oku Go | Deep Inside the Narrow Way 5 [English] [Cunny Garden] [Digital],[やきめしもどき (ぴらふもどき)] ほそみちのおく悟 [英訳] [DL版],Hosomichi no Oku Go | Deep Inside the Narrow Way 5,"english, translated",pilaf modoki,yakimeshi modoki,doujinshi,original,,"urethra insertion, nakadashi, x-ray, multi-work series, prolapse, small breasts, gaping, stomach deformation, sole female, sole male, cervix prolapse",24,2026-07-03 19:41:49,2026-07-03 19:41:49,2026-07-04 14:48:11
661176,[Yandere no Hako] Basti,,Basti,japanese,yandere no hako,,doujinshi,girls frontline,,"artistcg, necrophilia, guro, sole female",13,2026-07-03 19:44:41,2026-07-03 19:44:41,2026-07-04 14:48:22
661177,"[STAIN] Shikan Hyakkei 73 ""kaeriuti ni sa re tyau taipu no onnna kensi tyann"" | 死观百景73「典型会被对手反杀的女剑士酱」(chinese)",[STAIN] 死観百景73「返り討ちにされちゃうタイプの女剣士ちゃん」(chinese),"Shikan Hyakkei 73 ""kaeriuti ni sa re tyau taipu no onnna kensi tyann"" | 死观百景73「典型会被对手反杀的女剑士酱」","translated, chinese",stain,,doujinshi,original,,"snuff, necrophilia, guro, rape",13,2026-07-03 19:47:15,2026-07-03 19:47:15,2026-07-04 14:48:34
661178,[Ekogi] Ohogoe no Iroha (COMIC Anthurium 2025-12) [English] [Digital],[エコギ] オホ声のいろは (COMIC アンスリウム 2025年12月号) [英訳] [DL版],Ohogoe no Iroha,"english, translated",ekogi,,manga,,,"unusual pupils, full censorship, schoolgirl uniform, ahegao, x-ray, sole female, sole male, classroom",26,2026-07-03 19:49:02,2026-07-03 19:49:02,2026-07-04 14:48:45
661179,[オスワーニ] リクエストいただいたものです,[オスワーニ] リクエストいただいたものです,リクエストいただいたものです,japanese,osuwaani,,doujinshi,original,,"sweating, big breasts, mother, incest, blowjob, sole female, sole male",3,2026-07-03 19:49:59,2026-07-03 19:49:59,2026-07-04 14:48:56
661180,[川邑司] NewGame遠山りんさん漫画 グレスケ版,[川邑司] NewGame遠山りんさん漫画 グレスケ版,NewGame遠山りんさん漫画 グレスケ版,japanese,kawamura tsukasa,,doujinshi,new game,rin tooyama,"mmf threesome, group, bondage, small breasts, blowjob, sole female",8,2026-07-03 19:50:37,2026-07-03 19:50:37,2026-07-04 14:49:07
661181,[Muripoyo] Kinjo no Onee-chan ni Otoshidama Watashite Hamedori Misete Morau Hanashi,[むりぽよ] 近所のお姉ちゃんにお年玉渡してハメ撮り見せてもらう話,Kinjo no Onee-chan ni Otoshidama Watashite Hamedori Misete Morau Hanashi,japanese,,muripoyo,doujinshi,original,,"handjob, virginity, big breasts, cheating, prostitution, condom, full color, blowjob, big penis, shotacon, sole female",38,2026-07-03 19:57:43,2026-07-03 19:57:43,2026-07-04 14:49:19
661182,[Sarura] Onsen-chi wo Zenra de Hashirimawatta Hanashi | Running Around A Hotspring Town Naked [English] [Cunny Garden],[さるら] 温泉地を全裸で走り回った話  [英訳],Onsen-chi wo Zenra de Hashirimawatta Hanashi | Running Around A Hotspring Town Naked,"english, translated",sarura,,doujinshi,original,,"humiliation, filming, mosaic censorship, sole female, nudity only, forced exposure",19,2026-07-03 19:59:01,2026-07-03 19:59:01,2026-07-04 14:49:30
661183,[ie Kenkyuushitsu (ie)] Shison Han'ei,[ie研究室 (ie)] 子［村］繁栄,Shison Han'ei,japanese,ie,,doujinshi,original,,"kissing, virginity, leg lock, big breasts, fundoshi, group, story arc, big ass, nakadashi, ffm threesome, harem, x-ray, defloration, drugs, tanlines, tall girl, impregnation, blowjob, big penis, shotacon, sole male, ponytail, shimaidon, eye-covering bang",81,2026-07-03 20:13:47,2026-07-03 20:13:47,2026-07-04 14:49:41
661184,[ハシゴ酒造] 小悪魔プリンセス (ラブライブ!蓮ノ空女学院スクールアイドルクラブ),(僕らのラブライブ!50) [ハシゴ酒造 (鴨野ハシゴ)] 小悪魔プリンセス (ラブライブ!蓮ノ空女学院スクールアイドルクラブ),小悪魔プリンセス,japanese,zuikou kou,,doujinshi,love live hasunosora jogakuin school idol club,ceras yanagida lilienfeld,"big breasts, nakadashi, paizuri, blowjob, sole female, sole male",18,2026-07-03 20:15:08,2026-07-03 20:15:08,2026-07-04 14:49:52
661185,[TSF CAFE (TY)] Ore ga Asuna de Watashi ga Sensei (Blue Archive) [Chinese] [拉布拉多汉化],[TSF CAFE (TY)] 俺がアスナで私が先生 (ブルーアーカイブ) [中国翻訳],Ore ga Asuna de Watashi ga Sensei,"translated, chinese",ty,tsf cafe,doujinshi,blue archive,"asuna ichinose, sensei","big breasts, body swap, mind control, paizuri, sole female, sole male, very long hair, eye-covering bang, gender change, halo",21,2026-07-03 20:19:16,2026-07-03 20:19:16,2026-07-04 14:50:04
661186,[Amrita Teikoku (Amrita)] Jinin ’Futsuu’ Dekachichi Inkya J◯ no Maso Mesu ga Nagga〜i Chinpo de Shuuryou Made♡ [Digital],[あむりた帝国 (あむりた)] 自認’普通’なデカ乳ド陰キャJ◯のマゾ雌がなっが〜いチンポで終了るまで♡ [DL版],Jinin ’Futsuu’ Dekachichi Inkya J◯ no Maso Mesu ga Nagga〜i Chinpo de Shuuryou Made♡,japanese,amrita,amuricha,doujinshi,original,,"big breasts, anal, stockings, rimjob, dilf, impregnation, inverted nipples, anal intercourse, school gym uniform",86,2026-07-03 20:24:38,2026-07-03 20:24:38,2026-07-04 14:50:15
661187,[Suika] Yaribeya Gurashi 31-37,[スイカ] ヤリ部屋暮らし 31-37,Yaribeya Gurashi 31-37,japanese,"suika, ijiro suika",,manga,,,"big breasts, masturbation, full color",210,2026-07-03 20:36:37,2026-07-03 20:36:37,2026-07-04 14:50:27
661188,[Shaft Jiku] Hiyake Oraora Kaachan wa Nanyakanya Yarasete Kureru ~ Otokomasari na Kasshoku Hahaoya to Mainichi Asedaku Hamemakuri ~,[シャフト軸] 日焼けオラオラ母ちゃんはなんやかんやヤラせてくれる〜男勝りな褐色母親と毎日汗だくハメまくり〜,Hiyake Oraora Kaachan wa Nanyakanya Yarasete Kureru ~ Otokomasari na Kasshoku Hahaoya to Mainichi Asedaku Hamemakuri ~,japanese,,,doujinshi,original,,"milf, big breasts, mother, incest, tomboy, sole female, sole male, very long hair",55,2026-07-03 20:46:59,2026-07-03 20:46:59,2026-07-04 14:50:38
661189,[Dasutorongaa] Dosukebe Naasu no Mazo Kyousei,[ダストロンガー] どすけべナースのマゾ矯正,Dosukebe Naasu no Mazo Kyousei,japanese,,,doujinshi,original,,"handjob, big breasts, nurse, glasses, femdom, bikini, incomplete, sole female, sole male, twintails",20,2026-07-03 20:48:18,2026-07-03 20:48:18,2026-07-04 14:50:49
661190,[水の泡] 汗だく淫乱人妻♂浮気雄ちんぽでメス絶頂交尾。,[水の泡] 汗だく淫乱人妻♂浮気雄ちんぽでメス絶頂交尾。,汗だく淫乱人妻♂浮気雄ちんぽでメス絶頂交尾。,japanese,,,doujinshi,original,,"cheating, anal, shemale, blowjob, male on dickgirl, sole dickgirl, small penis",33,2026-07-03 20:50:33,2026-07-03 20:50:33,2026-07-04 14:51:00
661191,[拙者りにょ侍 (りにょかす)] よわよわノゾミ (ブルーアーカイブ),[拙者りにょ侍 (りにょかす)] よわよわノゾミ (ブルーアーカイブ),よわよわノゾミ,japanese,,,doujinshi,blue archive,"sensei, nozomi tachibana","sole female, sole male, twintails, no penetration, halo",26,2026-07-03 20:53:20,2026-07-03 20:53:20,2026-07-04 14:51:12
661192,[Yoshida Killy] Kore wa Hontou ni Inori Nano Deshouka？[Digital],[吉田Killy] これは本当に祈りなのでしょうか？[DL版],Kore wa Hontou ni Inori Nano Deshouka？,japanese,yoshida killy,,doujinshi,original,,"handjob, big breasts, nun, garter belt, nakadashi, x-ray, defloration, stockings, dilf, bbm, sole female, sole male",31,2026-07-03 20:55:24,2026-07-03 20:55:24,2026-07-04 14:51:23
661193,[Doppyuru Gengar (Gengar)] Eromen Coverse 2 Loli Mama Idmeta-san no Gohoubi Ecchi (Shadowverse),[どっぴゅる☆げんがー (ゲンガー)] エロメンコバース2 ロリママ・イドメタさんのご褒美エッチ (シャドウバース),Eromen Coverse 2 Loli Mama Idmeta-san no Gohoubi Ecchi,japanese,,,doujinshi,shadowverse,,"lolicon, mosaic censorship, impregnation, twintails",28,2026-07-03 21:01:40,2026-07-03 21:01:40,2026-07-04 14:51:34
661194,[Itomitsudou (Mitsujirou)] Moratta Otouto-kun wa Zako Chikubi no Otoko no Ko deshita,[糸蜜堂 (蜜次郎)] もらった弟くんは雑魚乳首の男の娘でした,Moratta Otouto-kun wa Zako Chikubi no Otoko no Ko deshita,japanese,mitsujirou,itomitsudou,doujinshi,original,,"anal, crossdressing, yaoi, mosaic censorship, tomgirl",48,2026-07-03 21:04:50,2026-07-03 21:04:50,2026-07-04 14:51:45
661195,[MAXゴリゴリ (たまいモコ)] 既婚者なのにメスイキが止まらないのは全部先輩のせい,[MAXゴリゴリ (たまいモコ)] 既婚者なのにメスイキが止まらないのは全部先輩のせい,既婚者なのにメスイキが止まらないのは全部先輩のせい,japanese,tamai shikine,,doujinshi,original,,"big breasts, big nipples, anal, sex toys, males only, yaoi, muscle",101,2026-07-03 21:11:32,2026-07-03 21:11:32,2026-07-04 14:51:57
661196,[Potunen Jin] Chihara Keisuke no Batsu Koi,[ぽつねんじん] 茅原啓佑の×恋,Chihara Keisuke no Batsu Koi,japanese,potunen jin,,doujinshi,original,,"kissing, big breasts, cunnilingus, group, story arc, ahegao, ffm threesome, fingering, muscle, smoking, sole male",131,2026-07-03 21:19:25,2026-07-03 21:19:25,2026-07-04 14:52:08
661197,[Niku Hammer (Nontarou Nonjirou)] Moonna to Ikemen -Hajimete nanoni Aishou Yosugi ka!-,[肉ハンマー (のん太郎のん次郎)] 喪女とイケメン-初めてなのに相性良すぎか！-,Moonna to Ikemen -Hajimete nanoni Aishou Yosugi ka!-,japanese,nontaro nonjiro,,doujinshi,original,,"big breasts, glasses, multi-work series, muscle, sole female, sole male, pixie cut",46,2026-07-03 21:22:16,2026-07-03 21:22:16,2026-07-04 14:52:20
661198,[Niku Hammer (Nontarou Nonjirou)] Moonna to Ikemen 2 -SeFri nano? Koibito nano? Dou nacchau no?-,[肉ハンマー (のん太郎のん次郎)]  喪女とイケメン2 -セフレなの？恋人なの？どうなっちゃうの？-,Moonna to Ikemen 2 -SeFri nano? Koibito nano? Dou nacchau no?-,japanese,nontaro nonjiro,,doujinshi,original,,"big breasts, glasses, story arc, multi-work series, muscle, sole female, sole male, pixie cut",90,2026-07-03 21:27:45,2026-07-03 21:27:45,2026-07-04 14:52:31
661199,[CHI] GO_NZOU3 (ゴンゾウ) - SCAR EDGE,,GO_NZOU3 (ゴンゾウ) - SCAR EDGE,"translated, chinese",,,manga,,,"scar, anal, robot, alien, males only, yaoi, big penis, anal intercourse, big muscles, nipple stimulation",60,2026-07-03 21:31:42,2026-07-03 21:31:42,2026-07-04 14:52:42
661200,[Moo] daitai shitteiru oooyabun wo shoushin() saseru mousoue (Arknights: Endfield)[Chinese][AI翻譯],[Moo] 大体知っている大親分を昇進()させる妄想絵 (アークナイツ: エンドフィールド)[中国翻訳],daitai shitteiru oooyabun wo shoushin() saseru mousoue,"translated, chinese",moo,,doujinshi,arknights endfield,tangtang,"sweating, x-ray, eyepatch, sole female, sole male, kemonomimi, tail, rough translation",7,2026-07-03 21:32:22,2026-07-03 21:32:22,2026-07-04 14:52:53
661201,[Eight PM] Kawaiku Natte Shimatta 2 -Mesuiki Chiryou Hen-,[エイトピーエム] かわいくなってしまった2-メスイキ治療編-,Kawaiku Natte Shimatta 2 -Mesuiki Chiryou Hen-,japanese,ozi8 | 12ennogift,eight pm,doujinshi,original,,"group, anal, sex toys, crossdressing, dark skin, males only, yaoi, stockings, tomgirl, mesuiki, anal intercourse, nipple stimulation, penis reduction",45,2026-07-03 21:35:16,2026-07-03 21:35:16,2026-07-04 14:53:05
661202,[Wasuraruru Tegami (Binsen)] Tatoeba Konna Miya Theater (THE IDOLM@STER MILLION LIVE!) [Digital],[忘らるる手紙 (びんせん)]  例えばこんな美也シアター (アイドルマスター ミリオンライブ!) [DL版],Tatoeba Konna Miya Theater,japanese,binsen,wasuraruru tegami,doujinshi,the idolmaster,miya miyao,"schoolgirl uniform, nakadashi, paizuri, sole female",26,2026-07-03 21:37:37,2026-07-03 21:37:37,2026-07-04 14:53:16
661203,[ALVEX & KEWS] 娘姉妹 ～娘性育成～ 1 (本能爆発) [Chinese] [欶澜汉化组×一青二白汉化组] [Digital],[ALVEX & KEWS] 娘姉妹 ～娘性育成～ 1 (本能爆発) [中国翻訳] [DL版],娘姉妹 ～娘性育成～ 1,"translated, chinese",,,doujinshi,original,,"full color, mosaic censorship, daughter",50,2026-07-03 21:40:39,2026-07-03 21:40:39,2026-07-04 14:53:28
661204,[ALVEX & KEWS] 娘姉妹 ～娘性育成～ 2 (本能爆発) [Chinese] [欶澜汉化组×一青二白汉化组] [Digital],[ALVEX & KEWS] 娘姉妹 ～娘性育成～ 2 (本能爆発) [中国翻訳] [DL版],娘姉妹 ～娘性育成～ 2,"translated, chinese",,,doujinshi,original,,"full color, mosaic censorship, daughter, school swimsuit",47,2026-07-03 21:43:32,2026-07-03 21:43:32,2026-07-04 14:53:39
661205,[ALVEX & KEWS] 娘姉妹 ～娘性育成～ 3 (本能爆発) [Chinese] [欶澜汉化组×一青二白汉化组] [Digital],[ALVEX & KEWS] 娘姉妹 ～娘性育成～ 3 (本能爆発) [中国翻訳] [DL版],娘姉妹 ～娘性育成～ 3,"translated, chinese",,,doujinshi,original,,"schoolgirl uniform, full color, drugs, mosaic censorship, daughter, nipple stimulation",40,2026-07-03 21:46:09,2026-07-03 21:46:09,2026-07-04 14:53:50
661206,[Maimu-Maimu] Men's Esthe de Tomodachi no Mama ga Hataraiteta Hanashi.,[舞六まいむ] メンエスで友達のママが働いてた話。,Men's Esthe de Tomodachi no Mama ga Hataraiteta Hanashi.,japanese,maimu-maimu,,doujinshi,original,,"milf, big breasts, glasses, cheating, prostitution, tracksuit, full color, paizuri, lingerie, sole female, sole male, ponytail",50,2026-07-03 21:49:34,2026-07-03 21:49:34,2026-07-04 14:54:02
661207,[Ryuushikei] Haitoku no Nikuyoku ni Tadareta Sister wa Inyoku no Tenshi ni NTRreru,[粒子系] 背徳の肉欲に爛れたシスターは淫欲の天使にNTRれる,Haitoku no Nikuyoku ni Tadareta Sister wa Inyoku no Tenshi ni NTRreru,japanese,,ryuushikei,doujinshi,original,,"squirting, kissing, leg lock, big breasts, nun, netorare, masturbation, nakadashi, ahegao, priest, x-ray, blowjob, sole male",70,2026-07-03 21:54:02,2026-07-03 21:54:02,2026-07-04 14:54:14
661208,[Amairo Ayame] J-kei Iinazuke to Sakidori Shinkon Seikatsu -Cosplay Sex Room-,[甘色アヤメ] J系許嫁と先取り新婚性活-コスプレSEXルーム-,J-kei Iinazuke to Sakidori Shinkon Seikatsu -Cosplay Sex Room-,japanese,amairo ayame,,doujinshi,original,,"maid, handjob, big breasts, unusual pupils, big ass, nakadashi, bikini, x-ray, multi-work series, stockings, cowgirl, impregnation, sole female, sole male, kemonomimi, multiple orgasms",115,2026-07-03 22:01:17,2026-07-03 22:01:17,2026-07-04 14:54:25
661209,[Amairo Ayame] Gal Kano-chan no Baburase Shasei Kanri ~Zenkoutei Koukando MAX Gal to Onakin Go ni Icha Love Nama Koubi~ Bonyuu ver.,[甘色アヤメ] ギャルカノちゃんのバブらせ射精管理〜全肯定好感度MAXギャルとオナ禁後にいちゃらぶ生交尾〜母乳ver .付き,Gal Kano-chan no Baburase Shasei Kanri ~Zenkoutei Koukando MAX Gal to Onakin Go ni Icha Love Nama Koubi~ Bonyuu ver.,japanese,amairo ayame,,doujinshi,original,,"kissing, big breasts, unusual pupils, nakadashi, full color, gyaru, mosaic censorship, blowjob, sole female, sole male",51,2026-07-03 22:04:41,2026-07-03 22:04:41,2026-07-04 14:54:36
661210,"[Love Tororon (Benten Korehito)] Kimi, Watashi no Koto ""Okazu"" ni Shitenai? ~Class no Deka Gal o Okazu ni Shiteitara Barete Shimatta Hanashi~",[愛のトロロン (弁天惟仁)] 君、私の事「オカズ」にしてない？〜クラスのデカギャルをオカズにしていたらバレてしまった話〜,"Kimi, Watashi no Koto ""Okazu"" ni Shitenai? ~Class no Deka Gal o Okazu ni Shiteitara Barete Shimatta Hanashi~",japanese,benten korehito,,doujinshi,original,,"handjob, big breasts, schoolgirl uniform, nakadashi, freckles, femdom, hairy, x-ray, rimjob, gyaru, tall girl, blowjob, shotacon, sole female, sole male, small penis, hair buns",44,2026-07-03 22:13:00,2026-07-03 22:13:00,2026-07-04 14:54:47
661211,[NCP] Sakusei Harem Byoutou ~Ore no Kikakugai Seishi ga Ichinichijuu Bitch Nursetachi ni Shibori torare Tsuzukeru~,[NCP] 搾精ハーレム病棟〜俺の規格外精子が一日中ビッチナースたちに搾り取られ続ける〜,Sakusei Harem Byoutou ~Ore no Kikakugai Seishi ga Ichinichijuu Bitch Nursetachi ni Shibori torare Tsuzukeru~,japanese,rindow masaki | arudei,ncp,doujinshi,original,,"kissing, big breasts, nurse, group, big ass, nakadashi, ahegao, ffm threesome, harem, x-ray, full color, small breasts, mosaic censorship, blowjob, sole male, multimouth blowjob",51,2026-07-03 22:16:24,2026-07-03 22:16:24,2026-07-04 14:54:59
661212,[ひげふらい] バ先の勝ち気な先輩主婦（36）はご無沙汰で… 〜酔って普段塩対応とは思えない濃厚生セックスで搾り取られた話〜,[ひげふらい] バ先の勝ち気な先輩主婦（36）はご無沙汰で… 〜酔って普段塩対応とは思えない濃厚生セックスで搾り取られた話〜,バ先の勝ち気な先輩主婦（36）はご無沙汰で… 〜酔って普段塩対応とは思えない濃厚生セックスで搾り取られた話〜,japanese,,higehurai,doujinshi,original,,"milf, big breasts, cheating, mosaic censorship, sole female, ponytail",62,2026-07-03 22:20:19,2026-07-03 22:20:19,2026-07-04 14:55:10
661213,[Mimonel] Ichizoku Sandai Tanemaki Harumase Bansankai (Mato Seihei no Slave),[ミモネル]一族三代種まき孕ませ晩餐会♥ (魔都精兵のスレイブ),Ichizoku Sandai Tanemaki Harumase Bansankai,japanese,mimonel,,doujinshi,mato seihei no slave | chained soldier,"fubuki azuma, yuuki wakura, himari azuma, yachiho azuma, tobera azuma, maia azuma","milf, sweating, big breasts, group, glasses, nakadashi, harem, full color, first person perspective, sole male, oyakodon, twintails, shimaidon, very long hair",13,2026-07-03 22:21:19,2026-07-03 22:21:19,2026-07-04 14:55:21
661214,[Mimonel] Shoki & Jouhou Buchou no Totsugeki Saimin Shuzai (Blue Archive),[ミモネル] 書記＆情報部長の突撃サイミン取材♥ (ブルーアーカイブ),Shoki & Jouhou Buchou no Totsugeki Saimin Shuzai,japanese,mimonel,,doujinshi,blue archive,"chiaki motomiya, satsuki kyougoku","sweating, big breasts, full color, sole male, horns, halo",9,2026-07-03 22:22:01,2026-07-03 22:22:01,2026-07-04 14:55:32
661215,[Mimonel] Ane Deshi to Yodoushi Dosukebe Detox (Zenless Zone Zero),[ミモネル] 姉弟子と夜通しドスケベデトックス♥ (ゼンレスゾーンゼロ),Ane Deshi to Yodoushi Dosukebe Detox,japanese,mimonel,,doujinshi,zenless zone zero,"wise, yixuan, ju fufu, ye shunguang","sweating, nakadashi, sole male, kemonomimi, tail, very long hair",9,2026-07-03 22:22:55,2026-07-03 22:22:55,2026-07-04 14:55:44
661216,[ミモネル] Wギャルと終電後ホテルえっち♥ (ブルーアーカイブ),[ミモネル] Wギャルと終電後ホテルえっち♥ (ブルーアーカイブ),Wギャルと終電後ホテルえっち♥,japanese,mimonel,,doujinshi,blue archive,"kirara yozakura, erika hatami","group, ffm threesome, full color, collar, horns, tail, gloves, halo",11,2026-07-03 22:23:43,2026-07-03 22:23:43,2026-07-04 14:55:55
661217,[ミモネル] 深海系女子と現実逃避ックス♥,[ミモネル] 深海系女子と現実逃避ックス♥,深海系女子と現実逃避ックス♥,japanese,mimonel,,doujinshi,original,,"unusual teeth, sweating, big breasts, full color, sole female, sole male, eye-covering bang",11,2026-07-03 22:24:32,2026-07-03 22:24:32,2026-07-04 14:56:06
661218,[ミモネル] ドスケベ捜査官のヌキ打ち検査♥,[ミモネル] ドスケベ捜査官のヌキ打ち検査♥,ドスケベ捜査官のヌキ打ち検査♥,japanese,mimonel,,doujinshi,zenless zone zero,"jane doe, cissia","sweating, full color, stockings, collar, sole male, kemonomimi, tail",9,2026-07-03 22:25:09,2026-07-03 22:25:09,2026-07-04 14:56:17
661219,[ミモネル] 人妻エルフさんのボテ腹ハーレム♥,[ミモネル] 人妻エルフさんのボテ腹ハーレム♥,人妻エルフさんのボテ腹ハーレム♥,japanese,mimonel,,doujinshi,original,,"elf, sweating, big breasts, pregnant, glasses, netorare, cheating, harem, dark skin, full color, multi-work series, stockings, bride, collar, gloves",13,2026-07-03 22:26:10,2026-07-03 22:26:10,2026-07-04 14:56:28
661220,[Mimonel] Bijukujo-tachi to Yoru no Hogo Shakai (Granblue Fantasy),[ミモネル] 美熟女たちと夜の保護者会♥ (グランブルーファンタジー),Bijukujo-tachi to Yoru no Hogo Shakai,japanese,mimonel,,doujinshi,granblue fantasy,gran,"sweating, big breasts, pubic stubble, full color, stockings, impregnation, sole male, kemonomimi, horns, gloves",9,2026-07-03 22:26:54,2026-07-03 22:26:54,2026-07-04 14:56:40
661221,[ミモネル] 酔っ払い人妻エルフと酩酊エッチ♥,[ミモネル] 酔っ払い人妻エルフと酩酊エッチ♥,酔っ払い人妻エルフと酩酊エッチ♥,japanese,mimonel,,doujinshi,original,,"elf, sweating, big breasts, cheating, nakadashi, cashier, full color, multi-work series, collar, sole female, sole male",14,2026-07-03 22:27:58,2026-07-03 22:27:58,2026-07-04 14:56:51
661222,"[Milk Sausage] Kyou, Bunburyoudou de Boku ni wa Mottainai Kurai Suteki na Kanojo ga Korekara Smartphone no Gamen Goshi ni Kuzu-domo ni Kegasaremasu.",[みるくそーせーじ] 今日、文武両道で僕にはもったいないくらい素敵な彼女がこれからスマホの画面越しにクズ共に穢されます。,"Kyou, Bunburyoudou de Boku ni wa Mottainai Kurai Suteki na Kanojo ga Korekara Smartphone no Gamen Goshi ni Kuzu-domo ni Kegasaremasu.",japanese,,milk sausage,doujinshi,original,,"big breasts, mmf threesome, group, netorare, fingering, rape, sole female",38,2026-07-03 22:34:51,2026-07-03 22:34:51,2026-07-04 14:57:02
661223,"[Maritozzo (cccpo, Dynamite moca)] Furyou Gal de Ero Mousou Shitetara Honnin ni Bareta Ken","[Maritozzo (cccpo, ダイナマイトmoca)] 不良ギャルでエロ妄想してたら本人にバレた件",Furyou Gal de Ero Mousou Shitetara Honnin ni Bareta Ken,japanese,"dynamite moca, cccpo",maritozzo,doujinshi,original,,"virginity, big breasts, schoolboy uniform, schoolgirl uniform, condom, defloration, gyaru, sole female, sole male",32,2026-07-03 22:36:55,2026-07-03 22:36:55,2026-07-04 14:57:13
661224,[Behind Moon (Dulce Q)] PhallicGirls 10 [Digital],[Behind Moon (ダルシー研Q所)] PhallicGirls 10 [DL版],PhallicGirls 10,japanese,dulce-q | q,behind moon,doujinshi,original,,"futanari, glasses, multiple penises, bondage, huge penis, big penis, dicknipples, stomach deformation, dickgirl on dickgirl, gender change, full-packaged futanari, dickgirl on female, futanarization",34,2026-07-03 22:39:12,2026-07-03 22:39:12,2026-07-04 14:57:25
661225,"[Inishie no Komugi] Souda Kanojo no One Night de, Nu Kou. ~Shittoshin 1% Koukishin 99%~",[いにしえの小麦] そうだ彼女の前科で、ヌこう。〜嫉妬心1％好奇心99％〜,"Souda Kanojo no One Night de, Nu Kou. ~Shittoshin 1% Koukishin 99%~",japanese,,,doujinshi,original,,"handjob, big breasts, story arc, cheating, breast feeding, bikini, catgirl, sole female, beauty mark, kemonomimi, ponytail",103,2026-07-03 22:45:54,2026-07-03 22:45:54,2026-07-04 14:57:36
661226,[Tamago Kake Koubou] Kareshi to Kenka suru Tabi ni Boku no Chinpo de Onanie seru Gal Rebirth,[たまごかけ工房] 彼氏と喧嘩するたびに僕のチンポでオナニーするギャル Rebirth,Kareshi to Kenka suru Tabi ni Boku no Chinpo de Onanie seru Gal Rebirth,japanese,,,doujinshi,original,,"big breasts, schoolgirl uniform, big penis, sole female",46,2026-07-03 22:49:02,2026-07-03 22:49:02,2026-07-04 14:57:47
661227,[Kamikadou (Ginyou Haru)] Gensoukyou Hokan Keikaku 01~03 (Touhou Project) [Digital][Decensored],,Gensoukyou Hokan Keikaku 01~03,"translated, chinese",ginyou haru,kamikadou,doujinshi,touhou project,,"compilation, group, lolicon, full color",56,2026-07-03 22:59:25,2026-07-03 22:59:25,2026-07-04 14:57:58
661228,[Dokutoku no M (Various)] M-o Muke Zasshifuu Doujinshi Dokutoku no Magazine Vol. 14,[独特のM (よろず)] M男向け 雑誌風同人誌 独特のMagazine Vol.14,M-o Muke Zasshifuu Doujinshi Dokutoku no Magazine Vol. 14,japanese,"denchi, nieta mago",dokutoku no m,doujinshi,original,,"big breasts, chastity belt, femdom, pantyhose, mosaic censorship, no penetration",58,2026-07-03 23:03:07,2026-07-03 23:03:07,2026-07-04 14:58:12
661229,[Yuuki Hiro] Boku wa Dare to Tsukiaeba Ii no Darou ka,[悠木ヒロ] 僕は誰と付き合えばいいのだろうか,Boku wa Dare to Tsukiaeba Ii no Darou ka,japanese,,yuuki hiro,doujinshi,original,,"big breasts, schoolgirl uniform, paizuri, sole female",82,2026-07-03 23:08:10,2026-07-03 23:08:10,2026-07-04 14:58:24
661230,A Story of Teaching NPCs a Lesson with MODs!,MODでNPCにわからセッするおはなし！,A Story of Teaching NPCs a Lesson with MODs!,"english, translated",tirigami,,doujinshi,original,,"elf, big breasts, fox boy, ninja, double anal, catboy, big nipples, big ass, body modification, nakadashi, anal, bodystocking, crossdressing, dark skin, big balls, x-ray, mind control, males only, double penetration, breast expansion, yaoi, tomgirl, muscle, big penis, feminization, kemonomimi, anal intercourse, big muscles, nipple stimulation",42,2026-07-03 23:11:05,2026-07-03 23:11:05,2026-07-04 14:58:36
661231,[SARUUCHI] [Fukuri kōsei] bijin on'na jōshi to mitchaku nuru guchi ~ya ian rokkā ♡ ganbaru buka o muchi tsuita sukebe niku de iyasu zen kōtei soryūshon [icharabu],[SARUUCHI] 【福利厚生】美人女上司と密着ぬるぐちゃ慰安ロッカー♡がんばる部下をむちついたスケベ肉で癒やす全肯定ソリューション【イチャラブ】,bijin on'na jōshi to mitchaku nuru guchi ~ya ian rokkā ♡ ganbaru buka o muchi tsuita sukebe niku de iyasu zen kōtei soryūshon,japanese,saruuchi,,doujinshi,original,,"milf, kissing, big breasts, big ass, nakadashi, ahegao, huge breasts, x-ray, big areolae, tall girl, mosaic censorship, sole female, sole male",18,2026-07-03 23:12:25,2026-07-03 23:12:25,2026-07-04 14:58:47
661232,(koromu16) [Public Punishment (Coaster)] Akyuu no yokkyu (Touhou Project) [Chinese]【草根妖怪汉化组】,(紅楼夢16) [Public Punishment (コースター)] 稗田の欲求 (東方Project) [中国翻訳],Akyuu no yokkyu (Touhou Project) [Chinese]【草根妖怪汉化组】,"translated, chinese",coaster,public punishment,doujinshi,touhou project,hieda no akyuu,"full censorship, sole female",27,2026-07-03 23:14:14,2026-07-03 23:14:14,2026-07-04 14:58:59
661233,Ecchi ♡ banī ~ bōi no ore ga banī ni natte koibito keiyaku ♡ shita ken ni tsuite ~,すいかどんぶり(うぉため)] エッチ♡バニー 〜ボーイの俺がバニーになって恋人契約♡した件について〜,Ecchi ♡ banī ~ bōi no ore ga banī ni natte koibito keiyaku ♡ shita ken ni tsuite ~,"english, translated",,,doujinshi,original,,"nakadashi, anal, x-ray, males only, yaoi, muscle",35,2026-07-03 23:16:36,2026-07-03 23:16:36,2026-07-04 14:59:11
661234,[Hinata Aosuke] Off-pako Shimasu? - Off-pako CHANCE♡ [Digital],[日向あお助] オフパコします？ [DL版],Off-pako Shimasu? - Off-pako CHANCE♡,japanese,hinata aosuke | aoi sousuke,,manga,,,"incest, tankoubon, sister",167,2026-07-03 23:48:22,2026-07-03 23:48:22,2026-07-04 14:59:23
661235,[Bole/Boraku] Zephyr III (Umamusume Pretty Derby),,Zephyr III,"english, translated",bole | boraku,,doujinshi,uma musume pretty derby,"trainer, yamanin zephyr","sweating, kissing, big breasts, pregnant, uncensored, breast feeding, nakadashi, lactation, blowjob, sole female, sole male, horse girl, kemonomimi, tail",7,2026-07-03 23:49:25,2026-07-03 23:49:25,2026-07-04 14:59:35
661236,[Maruyama] Hamerareta Miboujin wa PTA o Yurusanai 4 [Digital],[マルヤマ] ハメられた未亡人はPTAを許さない4 [DL版],Hamerareta Miboujin wa PTA o Yurusanai 4,japanese,maruyama,,manga,,,"story arc, multi-work series, tankoubon, widow, blowjob",164,2026-07-03 23:58:53,2026-07-03 23:58:53,2026-07-04 14:59:46
